ISO-10303-21;
HEADER;
FILE_DESCRIPTION(('Open CASCADE Model'),'2;1');
FILE_NAME('Open CASCADE Shape Model','2026-09-25T21:24:43',('Author'),(
    'Open CASCADE'),'Open CASCADE STEP processor 8.0','build123d',
  'Unknown');
FILE_SCHEMA(('AUTOMOTIVE_DESIGN { 1 0 10303 214 1 1 1 1 }'));
ENDSEC;
DATA;
#1 = APPLICATION_PROTOCOL_DEFINITION('international standard',
  'automotive_design',2000,#2);
#2 = APPLICATION_CONTEXT(
  'core data for automotive mechanical design processes');
#3 = SHAPE_DEFINITION_REPRESENTATION(#4,#10);
#4 = PRODUCT_DEFINITION_SHAPE('','',#5);
#5 = PRODUCT_DEFINITION('design','',#6,#9);
#6 = PRODUCT_DEFINITION_FORMATION('','',#7);
#7 = PRODUCT('COMPOUND','COMPOUND','',(#8));
#8 = PRODUCT_CONTEXT('',#2,'mechanical');
#9 = PRODUCT_DEFINITION_CONTEXT('part definition',#2,'design');
#10 = SHAPE_REPRESENTATION('',(#11,#15,#19,#23,#27,#31,#35,#39,#43,#47,
    #51,#55,#59),#63);
#11 = AXIS2_PLACEMENT_3D('',#12,#13,#14);
#12 = CARTESIAN_POINT('',(0.,0.,0.));
#13 = DIRECTION('',(0.,0.,1.));
#14 = DIRECTION('',(1.,0.,-0.));
#15 = AXIS2_PLACEMENT_3D('',#16,#17,#18);
#16 = CARTESIAN_POINT('',(0.,20.,6.));
#17 = DIRECTION('',(0.,0.,1.));
#18 = DIRECTION('',(1.,0.,-0.));
#19 = AXIS2_PLACEMENT_3D('',#20,#21,#22);
#20 = CARTESIAN_POINT('',(0.,0.,0.));
#21 = DIRECTION('',(0.,0.,1.));
#22 = DIRECTION('',(1.,0.,-0.));
#23 = AXIS2_PLACEMENT_3D('',#24,#25,#26);
#24 = CARTESIAN_POINT('',(0.,0.,887.5));
#25 = DIRECTION('',(0.,0.,1.));
#26 = DIRECTION('',(1.,0.,-0.));
#27 = AXIS2_PLACEMENT_3D('',#28,#29,#30);
#28 = CARTESIAN_POINT('',(0.,0.,0.));
#29 = DIRECTION('',(0.,0.,1.));
#30 = DIRECTION('',(1.,0.,-0.));
#31 = AXIS2_PLACEMENT_3D('',#32,#33,#34);
#32 = CARTESIAN_POINT('',(0.,0.,620.));
#33 = DIRECTION('',(0.,0.,1.));
#34 = DIRECTION('',(1.,0.,-0.));
#35 = AXIS2_PLACEMENT_3D('',#36,#37,#38);
#36 = CARTESIAN_POINT('',(0.,0.,0.));
#37 = DIRECTION('',(0.,0.,1.));
#38 = DIRECTION('',(1.,0.,-0.));
#39 = AXIS2_PLACEMENT_3D('',#40,#41,#42);
#40 = CARTESIAN_POINT('',(0.,0.,0.));
#41 = DIRECTION('',(0.,0.,1.));
#42 = DIRECTION('',(1.,0.,-0.));
#43 = AXIS2_PLACEMENT_3D('',#44,#45,#46);
#44 = CARTESIAN_POINT('',(0.,0.,0.));
#45 = DIRECTION('',(0.,0.,1.));
#46 = DIRECTION('',(1.,0.,-0.));
#47 = AXIS2_PLACEMENT_3D('',#48,#49,#50);
#48 = CARTESIAN_POINT('',(0.,0.,0.));
#49 = DIRECTION('',(0.,0.,1.));
#50 = DIRECTION('',(1.,0.,-0.));
#51 = AXIS2_PLACEMENT_3D('',#52,#53,#54);
#52 = CARTESIAN_POINT('',(0.,0.,0.));
#53 = DIRECTION('',(0.,0.,1.));
#54 = DIRECTION('',(1.,0.,-0.));
#55 = AXIS2_PLACEMENT_3D('',#56,#57,#58);
#56 = CARTESIAN_POINT('',(0.,0.,0.));
#57 = DIRECTION('',(0.,0.,1.));
#58 = DIRECTION('',(1.,0.,-0.));
#59 = AXIS2_PLACEMENT_3D('',#60,#61,#62);
#60 = CARTESIAN_POINT('',(0.,0.,0.));
#61 = DIRECTION('',(0.,0.,1.));
#62 = DIRECTION('',(1.,0.,-0.));
#63 = ( GEOMETRIC_REPRESENTATION_CONTEXT(3) 
GLOBAL_UNCERTAINTY_ASSIGNED_CONTEXT((#67)) GLOBAL_UNIT_ASSIGNED_CONTEXT(
(#64,#65,#66)) REPRESENTATION_CONTEXT('Context #1',
  '3D Context with UNIT and UNCERTAINTY') );
#64 = ( LENGTH_UNIT() NAMED_UNIT(*) SI_UNIT(.MILLI.,.METRE.) );
#65 = ( NAMED_UNIT(*) PLANE_ANGLE_UNIT() SI_UNIT($,.RADIAN.) );
#66 = ( NAMED_UNIT(*) SI_UNIT($,.STERADIAN.) SOLID_ANGLE_UNIT() );
#67 = UNCERTAINTY_MEASURE_WITH_UNIT(LENGTH_MEASURE(2.E-07),#64,
  'distance_accuracy_value','confusion accuracy');
#68 = PRODUCT_RELATED_PRODUCT_CATEGORY('part',$,(#7));
#69 = SHAPE_DEFINITION_REPRESENTATION(#70,#76);
#70 = PRODUCT_DEFINITION_SHAPE('','',#71);
#71 = PRODUCT_DEFINITION('design','',#72,#75);
#72 = PRODUCT_DEFINITION_FORMATION('','',#73);
#73 = PRODUCT('COMPOUND','COMPOUND','',(#74));
#74 = PRODUCT_CONTEXT('',#2,'mechanical');
#75 = PRODUCT_DEFINITION_CONTEXT('part definition',#2,'design');
#76 = ADVANCED_BREP_SHAPE_REPRESENTATION('',(#11,#77),#407);
#77 = MANIFOLD_SOLID_BREP('',#78);
#78 = CLOSED_SHELL('',(#79,#199,#299,#346,#393,#400));
#79 = ADVANCED_FACE('',(#80),#94,.F.);
#80 = FACE_BOUND('',#81,.F.);
#81 = EDGE_LOOP('',(#82,#117,#145,#173));
#82 = ORIENTED_EDGE('',*,*,#83,.F.);
#83 = EDGE_CURVE('',#84,#86,#88,.T.);
#84 = VERTEX_POINT('',#85);
#85 = CARTESIAN_POINT('',(-160.,-130.,-6.));
#86 = VERTEX_POINT('',#87);
#87 = CARTESIAN_POINT('',(-160.,-130.,6.));
#88 = SURFACE_CURVE('',#89,(#93,#105),.PCURVE_S1.);
#89 = LINE('',#90,#91);
#90 = CARTESIAN_POINT('',(-160.,-130.,-6.));
#91 = VECTOR('',#92,1.);
#92 = DIRECTION('',(0.,0.,1.));
#93 = PCURVE('',#94,#99);
#94 = PLANE('',#95);
#95 = AXIS2_PLACEMENT_3D('',#96,#97,#98);
#96 = CARTESIAN_POINT('',(-160.,-130.,-6.));
#97 = DIRECTION('',(1.,0.,-0.));
#98 = DIRECTION('',(0.,0.,1.));
#99 = DEFINITIONAL_REPRESENTATION('',(#100),#104);
#100 = LINE('',#101,#102);
#101 = CARTESIAN_POINT('',(0.,0.));
#102 = VECTOR('',#103,1.);
#103 = DIRECTION('',(1.,0.));
#104 = ( GEOMETRIC_REPRESENTATION_CONTEXT(2) 
PARAMETRIC_REPRESENTATION_CONTEXT() REPRESENTATION_CONTEXT('2D SPACE',''
  ) );
#105 = PCURVE('',#106,#111);
#106 = PLANE('',#107);
#107 = AXIS2_PLACEMENT_3D('',#108,#109,#110);
#108 = CARTESIAN_POINT('',(-160.,-130.,-6.));
#109 = DIRECTION('',(-0.,1.,0.));
#110 = DIRECTION('',(0.,0.,1.));
#111 = DEFINITIONAL_REPRESENTATION('',(#112),#116);
#112 = LINE('',#113,#114);
#113 = CARTESIAN_POINT('',(0.,0.));
#114 = VECTOR('',#115,1.);
#115 = DIRECTION('',(1.,0.));
#116 = ( GEOMETRIC_REPRESENTATION_CONTEXT(2) 
PARAMETRIC_REPRESENTATION_CONTEXT() REPRESENTATION_CONTEXT('2D SPACE',''
  ) );
#117 = ORIENTED_EDGE('',*,*,#118,.T.);
#118 = EDGE_CURVE('',#84,#119,#121,.T.);
#119 = VERTEX_POINT('',#120);
#120 = CARTESIAN_POINT('',(-160.,130.,-6.));
#121 = SURFACE_CURVE('',#122,(#126,#133),.PCURVE_S1.);
#122 = LINE('',#123,#124);
#123 = CARTESIAN_POINT('',(-160.,-130.,-6.));
#124 = VECTOR('',#125,1.);
#125 = DIRECTION('',(-0.,1.,0.));
#126 = PCURVE('',#94,#127);
#127 = DEFINITIONAL_REPRESENTATION('',(#128),#132);
#128 = LINE('',#129,#130);
#129 = CARTESIAN_POINT('',(0.,0.));
#130 = VECTOR('',#131,1.);
#131 = DIRECTION('',(0.,-1.));
#132 = ( GEOMETRIC_REPRESENTATION_CONTEXT(2) 
PARAMETRIC_REPRESENTATION_CONTEXT() REPRESENTATION_CONTEXT('2D SPACE',''
  ) );
#133 = PCURVE('',#134,#139);
#134 = PLANE('',#135);
#135 = AXIS2_PLACEMENT_3D('',#136,#137,#138);
#136 = CARTESIAN_POINT('',(-160.,-130.,-6.));
#137 = DIRECTION('',(0.,0.,1.));
#138 = DIRECTION('',(1.,0.,-0.));
#139 = DEFINITIONAL_REPRESENTATION('',(#140),#144);
#140 = LINE('',#141,#142);
#141 = CARTESIAN_POINT('',(0.,0.));
#142 = VECTOR('',#143,1.);
#143 = DIRECTION('',(0.,1.));
#144 = ( GEOMETRIC_REPRESENTATION_CONTEXT(2) 
PARAMETRIC_REPRESENTATION_CONTEXT() REPRESENTATION_CONTEXT('2D SPACE',''
  ) );
#145 = ORIENTED_EDGE('',*,*,#146,.T.);
#146 = EDGE_CURVE('',#119,#147,#149,.T.);
#147 = VERTEX_POINT('',#148);
#148 = CARTESIAN_POINT('',(-160.,130.,6.));
#149 = SURFACE_CURVE('',#150,(#154,#161),.PCURVE_S1.);
#150 = LINE('',#151,#152);
#151 = CARTESIAN_POINT('',(-160.,130.,-6.));
#152 = VECTOR('',#153,1.);
#153 = DIRECTION('',(0.,0.,1.));
#154 = PCURVE('',#94,#155);
#155 = DEFINITIONAL_REPRESENTATION('',(#156),#160);
#156 = LINE('',#157,#158);
#157 = CARTESIAN_POINT('',(0.,-260.));
#158 = VECTOR('',#159,1.);
#159 = DIRECTION('',(1.,0.));
#160 = ( GEOMETRIC_REPRESENTATION_CONTEXT(2) 
PARAMETRIC_REPRESENTATION_CONTEXT() REPRESENTATION_CONTEXT('2D SPACE',''
  ) );
#161 = PCURVE('',#162,#167);
#162 = PLANE('',#163);
#163 = AXIS2_PLACEMENT_3D('',#164,#165,#166);
#164 = CARTESIAN_POINT('',(-160.,130.,-6.));
#165 = DIRECTION('',(-0.,1.,0.));
#166 = DIRECTION('',(0.,0.,1.));
#167 = DEFINITIONAL_REPRESENTATION('',(#168),#172);
#168 = LINE('',#169,#170);
#169 = CARTESIAN_POINT('',(0.,0.));
#170 = VECTOR('',#171,1.);
#171 = DIRECTION('',(1.,0.));
#172 = ( GEOMETRIC_REPRESENTATION_CONTEXT(2) 
PARAMETRIC_REPRESENTATION_CONTEXT() REPRESENTATION_CONTEXT('2D SPACE',''
  ) );
#173 = ORIENTED_EDGE('',*,*,#174,.F.);
#174 = EDGE_CURVE('',#86,#147,#175,.T.);
#175 = SURFACE_CURVE('',#176,(#180,#187),.PCURVE_S1.);
#176 = LINE('',#177,#178);
#177 = CARTESIAN_POINT('',(-160.,-130.,6.));
#178 = VECTOR('',#179,1.);
#179 = DIRECTION('',(-0.,1.,0.));
#180 = PCURVE('',#94,#181);
#181 = DEFINITIONAL_REPRESENTATION('',(#182),#186);
#182 = LINE('',#183,#184);
#183 = CARTESIAN_POINT('',(12.,0.));
#184 = VECTOR('',#185,1.);
#185 = DIRECTION('',(0.,-1.));
#186 = ( GEOMETRIC_REPRESENTATION_CONTEXT(2) 
PARAMETRIC_REPRESENTATION_CONTEXT() REPRESENTATION_CONTEXT('2D SPACE',''
  ) );
#187 = PCURVE('',#188,#193);
#188 = PLANE('',#189);
#189 = AXIS2_PLACEMENT_3D('',#190,#191,#192);
#190 = CARTESIAN_POINT('',(-160.,-130.,6.));
#191 = DIRECTION('',(0.,0.,1.));
#192 = DIRECTION('',(1.,0.,-0.));
#193 = DEFINITIONAL_REPRESENTATION('',(#194),#198);
#194 = LINE('',#195,#196);
#195 = CARTESIAN_POINT('',(0.,0.));
#196 = VECTOR('',#197,1.);
#197 = DIRECTION('',(0.,1.));
#198 = ( GEOMETRIC_REPRESENTATION_CONTEXT(2) 
PARAMETRIC_REPRESENTATION_CONTEXT() REPRESENTATION_CONTEXT('2D SPACE',''
  ) );
#199 = ADVANCED_FACE('',(#200),#214,.T.);
#200 = FACE_BOUND('',#201,.T.);
#201 = EDGE_LOOP('',(#202,#232,#255,#278));
#202 = ORIENTED_EDGE('',*,*,#203,.F.);
#203 = EDGE_CURVE('',#204,#206,#208,.T.);
#204 = VERTEX_POINT('',#205);
#205 = CARTESIAN_POINT('',(160.,-130.,-6.));
#206 = VERTEX_POINT('',#207);
#207 = CARTESIAN_POINT('',(160.,-130.,6.));
#208 = SURFACE_CURVE('',#209,(#213,#225),.PCURVE_S1.);
#209 = LINE('',#210,#211);
#210 = CARTESIAN_POINT('',(160.,-130.,-6.));
#211 = VECTOR('',#212,1.);
#212 = DIRECTION('',(0.,0.,1.));
#213 = PCURVE('',#214,#219);
#214 = PLANE('',#215);
#215 = AXIS2_PLACEMENT_3D('',#216,#217,#218);
#216 = CARTESIAN_POINT('',(160.,-130.,-6.));
#217 = DIRECTION('',(1.,0.,-0.));
#218 = DIRECTION('',(0.,0.,1.));
#219 = DEFINITIONAL_REPRESENTATION('',(#220),#224);
#220 = LINE('',#221,#222);
#221 = CARTESIAN_POINT('',(0.,0.));
#222 = VECTOR('',#223,1.);
#223 = DIRECTION('',(1.,0.));
#224 = ( GEOMETRIC_REPRESENTATION_CONTEXT(2) 
PARAMETRIC_REPRESENTATION_CONTEXT() REPRESENTATION_CONTEXT('2D SPACE',''
  ) );
#225 = PCURVE('',#106,#226);
#226 = DEFINITIONAL_REPRESENTATION('',(#227),#231);
#227 = LINE('',#228,#229);
#228 = CARTESIAN_POINT('',(0.,320.));
#229 = VECTOR('',#230,1.);
#230 = DIRECTION('',(1.,0.));
#231 = ( GEOMETRIC_REPRESENTATION_CONTEXT(2) 
PARAMETRIC_REPRESENTATION_CONTEXT() REPRESENTATION_CONTEXT('2D SPACE',''
  ) );
#232 = ORIENTED_EDGE('',*,*,#233,.T.);
#233 = EDGE_CURVE('',#204,#234,#236,.T.);
#234 = VERTEX_POINT('',#235);
#235 = CARTESIAN_POINT('',(160.,130.,-6.));
#236 = SURFACE_CURVE('',#237,(#241,#248),.PCURVE_S1.);
#237 = LINE('',#238,#239);
#238 = CARTESIAN_POINT('',(160.,-130.,-6.));
#239 = VECTOR('',#240,1.);
#240 = DIRECTION('',(-0.,1.,0.));
#241 = PCURVE('',#214,#242);
#242 = DEFINITIONAL_REPRESENTATION('',(#243),#247);
#243 = LINE('',#244,#245);
#244 = CARTESIAN_POINT('',(0.,0.));
#245 = VECTOR('',#246,1.);
#246 = DIRECTION('',(0.,-1.));
#247 = ( GEOMETRIC_REPRESENTATION_CONTEXT(2) 
PARAMETRIC_REPRESENTATION_CONTEXT() REPRESENTATION_CONTEXT('2D SPACE',''
  ) );
#248 = PCURVE('',#134,#249);
#249 = DEFINITIONAL_REPRESENTATION('',(#250),#254);
#250 = LINE('',#251,#252);
#251 = CARTESIAN_POINT('',(320.,0.));
#252 = VECTOR('',#253,1.);
#253 = DIRECTION('',(0.,1.));
#254 = ( GEOMETRIC_REPRESENTATION_CONTEXT(2) 
PARAMETRIC_REPRESENTATION_CONTEXT() REPRESENTATION_CONTEXT('2D SPACE',''
  ) );
#255 = ORIENTED_EDGE('',*,*,#256,.T.);
#256 = EDGE_CURVE('',#234,#257,#259,.T.);
#257 = VERTEX_POINT('',#258);
#258 = CARTESIAN_POINT('',(160.,130.,6.));
#259 = SURFACE_CURVE('',#260,(#264,#271),.PCURVE_S1.);
#260 = LINE('',#261,#262);
#261 = CARTESIAN_POINT('',(160.,130.,-6.));
#262 = VECTOR('',#263,1.);
#263 = DIRECTION('',(0.,0.,1.));
#264 = PCURVE('',#214,#265);
#265 = DEFINITIONAL_REPRESENTATION('',(#266),#270);
#266 = LINE('',#267,#268);
#267 = CARTESIAN_POINT('',(0.,-260.));
#268 = VECTOR('',#269,1.);
#269 = DIRECTION('',(1.,0.));
#270 = ( GEOMETRIC_REPRESENTATION_CONTEXT(2) 
PARAMETRIC_REPRESENTATION_CONTEXT() REPRESENTATION_CONTEXT('2D SPACE',''
  ) );
#271 = PCURVE('',#162,#272);
#272 = DEFINITIONAL_REPRESENTATION('',(#273),#277);
#273 = LINE('',#274,#275);
#274 = CARTESIAN_POINT('',(0.,320.));
#275 = VECTOR('',#276,1.);
#276 = DIRECTION('',(1.,0.));
#277 = ( GEOMETRIC_REPRESENTATION_CONTEXT(2) 
PARAMETRIC_REPRESENTATION_CONTEXT() REPRESENTATION_CONTEXT('2D SPACE',''
  ) );
#278 = ORIENTED_EDGE('',*,*,#279,.F.);
#279 = EDGE_CURVE('',#206,#257,#280,.T.);
#280 = SURFACE_CURVE('',#281,(#285,#292),.PCURVE_S1.);
#281 = LINE('',#282,#283);
#282 = CARTESIAN_POINT('',(160.,-130.,6.));
#283 = VECTOR('',#284,1.);
#284 = DIRECTION('',(-0.,1.,0.));
#285 = PCURVE('',#214,#286);
#286 = DEFINITIONAL_REPRESENTATION('',(#287),#291);
#287 = LINE('',#288,#289);
#288 = CARTESIAN_POINT('',(12.,0.));
#289 = VECTOR('',#290,1.);
#290 = DIRECTION('',(0.,-1.));
#291 = ( GEOMETRIC_REPRESENTATION_CONTEXT(2) 
PARAMETRIC_REPRESENTATION_CONTEXT() REPRESENTATION_CONTEXT('2D SPACE',''
  ) );
#292 = PCURVE('',#188,#293);
#293 = DEFINITIONAL_REPRESENTATION('',(#294),#298);
#294 = LINE('',#295,#296);
#295 = CARTESIAN_POINT('',(320.,0.));
#296 = VECTOR('',#297,1.);
#297 = DIRECTION('',(0.,1.));
#298 = ( GEOMETRIC_REPRESENTATION_CONTEXT(2) 
PARAMETRIC_REPRESENTATION_CONTEXT() REPRESENTATION_CONTEXT('2D SPACE',''
  ) );
#299 = ADVANCED_FACE('',(#300),#106,.F.);
#300 = FACE_BOUND('',#301,.F.);
#301 = EDGE_LOOP('',(#302,#323,#324,#345));
#302 = ORIENTED_EDGE('',*,*,#303,.F.);
#303 = EDGE_CURVE('',#84,#204,#304,.T.);
#304 = SURFACE_CURVE('',#305,(#309,#316),.PCURVE_S1.);
#305 = LINE('',#306,#307);
#306 = CARTESIAN_POINT('',(-160.,-130.,-6.));
#307 = VECTOR('',#308,1.);
#308 = DIRECTION('',(1.,0.,-0.));
#309 = PCURVE('',#106,#310);
#310 = DEFINITIONAL_REPRESENTATION('',(#311),#315);
#311 = LINE('',#312,#313);
#312 = CARTESIAN_POINT('',(0.,0.));
#313 = VECTOR('',#314,1.);
#314 = DIRECTION('',(0.,1.));
#315 = ( GEOMETRIC_REPRESENTATION_CONTEXT(2) 
PARAMETRIC_REPRESENTATION_CONTEXT() REPRESENTATION_CONTEXT('2D SPACE',''
  ) );
#316 = PCURVE('',#134,#317);
#317 = DEFINITIONAL_REPRESENTATION('',(#318),#322);
#318 = LINE('',#319,#320);
#319 = CARTESIAN_POINT('',(0.,0.));
#320 = VECTOR('',#321,1.);
#321 = DIRECTION('',(1.,0.));
#322 = ( GEOMETRIC_REPRESENTATION_CONTEXT(2) 
PARAMETRIC_REPRESENTATION_CONTEXT() REPRESENTATION_CONTEXT('2D SPACE',''
  ) );
#323 = ORIENTED_EDGE('',*,*,#83,.T.);
#324 = ORIENTED_EDGE('',*,*,#325,.T.);
#325 = EDGE_CURVE('',#86,#206,#326,.T.);
#326 = SURFACE_CURVE('',#327,(#331,#338),.PCURVE_S1.);
#327 = LINE('',#328,#329);
#328 = CARTESIAN_POINT('',(-160.,-130.,6.));
#329 = VECTOR('',#330,1.);
#330 = DIRECTION('',(1.,0.,-0.));
#331 = PCURVE('',#106,#332);
#332 = DEFINITIONAL_REPRESENTATION('',(#333),#337);
#333 = LINE('',#334,#335);
#334 = CARTESIAN_POINT('',(12.,0.));
#335 = VECTOR('',#336,1.);
#336 = DIRECTION('',(0.,1.));
#337 = ( GEOMETRIC_REPRESENTATION_CONTEXT(2) 
PARAMETRIC_REPRESENTATION_CONTEXT() REPRESENTATION_CONTEXT('2D SPACE',''
  ) );
#338 = PCURVE('',#188,#339);
#339 = DEFINITIONAL_REPRESENTATION('',(#340),#344);
#340 = LINE('',#341,#342);
#341 = CARTESIAN_POINT('',(0.,0.));
#342 = VECTOR('',#343,1.);
#343 = DIRECTION('',(1.,0.));
#344 = ( GEOMETRIC_REPRESENTATION_CONTEXT(2) 
PARAMETRIC_REPRESENTATION_CONTEXT() REPRESENTATION_CONTEXT('2D SPACE',''
  ) );
#345 = ORIENTED_EDGE('',*,*,#203,.F.);
#346 = ADVANCED_FACE('',(#347),#162,.T.);
#347 = FACE_BOUND('',#348,.T.);
#348 = EDGE_LOOP('',(#349,#370,#371,#392));
#349 = ORIENTED_EDGE('',*,*,#350,.F.);
#350 = EDGE_CURVE('',#119,#234,#351,.T.);
#351 = SURFACE_CURVE('',#352,(#356,#363),.PCURVE_S1.);
#352 = LINE('',#353,#354);
#353 = CARTESIAN_POINT('',(-160.,130.,-6.));
#354 = VECTOR('',#355,1.);
#355 = DIRECTION('',(1.,0.,-0.));
#356 = PCURVE('',#162,#357);
#357 = DEFINITIONAL_REPRESENTATION('',(#358),#362);
#358 = LINE('',#359,#360);
#359 = CARTESIAN_POINT('',(0.,0.));
#360 = VECTOR('',#361,1.);
#361 = DIRECTION('',(0.,1.));
#362 = ( GEOMETRIC_REPRESENTATION_CONTEXT(2) 
PARAMETRIC_REPRESENTATION_CONTEXT() REPRESENTATION_CONTEXT('2D SPACE',''
  ) );
#363 = PCURVE('',#134,#364);
#364 = DEFINITIONAL_REPRESENTATION('',(#365),#369);
#365 = LINE('',#366,#367);
#366 = CARTESIAN_POINT('',(0.,260.));
#367 = VECTOR('',#368,1.);
#368 = DIRECTION('',(1.,0.));
#369 = ( GEOMETRIC_REPRESENTATION_CONTEXT(2) 
PARAMETRIC_REPRESENTATION_CONTEXT() REPRESENTATION_CONTEXT('2D SPACE',''
  ) );
#370 = ORIENTED_EDGE('',*,*,#146,.T.);
#371 = ORIENTED_EDGE('',*,*,#372,.T.);
#372 = EDGE_CURVE('',#147,#257,#373,.T.);
#373 = SURFACE_CURVE('',#374,(#378,#385),.PCURVE_S1.);
#374 = LINE('',#375,#376);
#375 = CARTESIAN_POINT('',(-160.,130.,6.));
#376 = VECTOR('',#377,1.);
#377 = DIRECTION('',(1.,0.,-0.));
#378 = PCURVE('',#162,#379);
#379 = DEFINITIONAL_REPRESENTATION('',(#380),#384);
#380 = LINE('',#381,#382);
#381 = CARTESIAN_POINT('',(12.,0.));
#382 = VECTOR('',#383,1.);
#383 = DIRECTION('',(0.,1.));
#384 = ( GEOMETRIC_REPRESENTATION_CONTEXT(2) 
PARAMETRIC_REPRESENTATION_CONTEXT() REPRESENTATION_CONTEXT('2D SPACE',''
  ) );
#385 = PCURVE('',#188,#386);
#386 = DEFINITIONAL_REPRESENTATION('',(#387),#391);
#387 = LINE('',#388,#389);
#388 = CARTESIAN_POINT('',(0.,260.));
#389 = VECTOR('',#390,1.);
#390 = DIRECTION('',(1.,0.));
#391 = ( GEOMETRIC_REPRESENTATION_CONTEXT(2) 
PARAMETRIC_REPRESENTATION_CONTEXT() REPRESENTATION_CONTEXT('2D SPACE',''
  ) );
#392 = ORIENTED_EDGE('',*,*,#256,.F.);
#393 = ADVANCED_FACE('',(#394),#134,.F.);
#394 = FACE_BOUND('',#395,.F.);
#395 = EDGE_LOOP('',(#396,#397,#398,#399));
#396 = ORIENTED_EDGE('',*,*,#118,.F.);
#397 = ORIENTED_EDGE('',*,*,#303,.T.);
#398 = ORIENTED_EDGE('',*,*,#233,.T.);
#399 = ORIENTED_EDGE('',*,*,#350,.F.);
#400 = ADVANCED_FACE('',(#401),#188,.T.);
#401 = FACE_BOUND('',#402,.T.);
#402 = EDGE_LOOP('',(#403,#404,#405,#406));
#403 = ORIENTED_EDGE('',*,*,#174,.F.);
#404 = ORIENTED_EDGE('',*,*,#325,.T.);
#405 = ORIENTED_EDGE('',*,*,#279,.T.);
#406 = ORIENTED_EDGE('',*,*,#372,.F.);
#407 = ( GEOMETRIC_REPRESENTATION_CONTEXT(3) 
GLOBAL_UNCERTAINTY_ASSIGNED_CONTEXT((#411)) GLOBAL_UNIT_ASSIGNED_CONTEXT
((#408,#409,#410)) REPRESENTATION_CONTEXT('Context #1',
  '3D Context with UNIT and UNCERTAINTY') );
#408 = ( LENGTH_UNIT() NAMED_UNIT(*) SI_UNIT(.MILLI.,.METRE.) );
#409 = ( NAMED_UNIT(*) PLANE_ANGLE_UNIT() SI_UNIT($,.RADIAN.) );
#410 = ( NAMED_UNIT(*) SI_UNIT($,.STERADIAN.) SOLID_ANGLE_UNIT() );
#411 = UNCERTAINTY_MEASURE_WITH_UNIT(LENGTH_MEASURE(1.E-07),#408,
  'distance_accuracy_value','confusion accuracy');
#412 = CONTEXT_DEPENDENT_SHAPE_REPRESENTATION(#413,#415);
#413 = ( REPRESENTATION_RELATIONSHIP('','',#76,#10) 
REPRESENTATION_RELATIONSHIP_WITH_TRANSFORMATION(#414) 
SHAPE_REPRESENTATION_RELATIONSHIP() );
#414 = ITEM_DEFINED_TRANSFORMATION('','',#11,#15);
#415 = PRODUCT_DEFINITION_SHAPE('Placement','Placement of an item',#416
  );
#416 = NEXT_ASSEMBLY_USAGE_OCCURRENCE('1','=>[0:1:1:2]','',#5,#71,$);
#417 = PRODUCT_RELATED_PRODUCT_CATEGORY('part',$,(#73));
#418 = SHAPE_DEFINITION_REPRESENTATION(#419,#425);
#419 = PRODUCT_DEFINITION_SHAPE('','',#420);
#420 = PRODUCT_DEFINITION('design','',#421,#424);
#421 = PRODUCT_DEFINITION_FORMATION('','',#422);
#422 = PRODUCT('COMPOUND','COMPOUND','',(#423));
#423 = PRODUCT_CONTEXT('',#2,'mechanical');
#424 = PRODUCT_DEFINITION_CONTEXT('part definition',#2,'design');
#425 = ADVANCED_BREP_SHAPE_REPRESENTATION('',(#11,#426),#3038);
#426 = MANIFOLD_SOLID_BREP('',#427);
#427 = CLOSED_SHELL('',(#428,#923,#993,#1019,#1292,#1300,#1401,#1519,
    #1593,#1723,#1905,#2027,#2096,#2141,#2189,#2237,#2244,#2362,#2438,
    #2540,#2595,#2599,#2626,#2651,#2788,#2858,#2906,#2954,#2980,#3023,
    #3030));
#428 = ADVANCED_FACE('',(#429),#444,.T.);
#429 = FACE_BOUND('',#430,.T.);
#430 = EDGE_LOOP('',(#431,#467,#672,#705,#815));
#431 = ORIENTED_EDGE('',*,*,#432,.T.);
#432 = EDGE_CURVE('',#433,#435,#437,.T.);
#433 = VERTEX_POINT('',#434);
#434 = CARTESIAN_POINT('',(80.,10.848996852435,845.76533420036));
#435 = VERTEX_POINT('',#436);
#436 = CARTESIAN_POINT('',(80.,15.43157254739,853.70258813356));
#437 = SURFACE_CURVE('',#438,(#443,#455),.PCURVE_S1.);
#438 = CIRCLE('',#439,20.);
#439 = AXIS2_PLACEMENT_3D('',#440,#441,#442);
#440 = CARTESIAN_POINT('',(80.,30.,840.));
#441 = DIRECTION('',(1.,0.,0.));
#442 = DIRECTION('',(0.,-0.957550157378,0.288266710018));
#443 = PCURVE('',#444,#449);
#444 = CYLINDRICAL_SURFACE('',#445,20.);
#445 = AXIS2_PLACEMENT_3D('',#446,#447,#448);
#446 = CARTESIAN_POINT('',(80.,30.,840.));
#447 = DIRECTION('',(1.,0.,0.));
#448 = DIRECTION('',(-0.,0.,1.));
#449 = DEFINITIONAL_REPRESENTATION('',(#450),#454);
#450 = LINE('',#451,#452);
#451 = CARTESIAN_POINT('',(1.278380113206,0.));
#452 = VECTOR('',#453,1.);
#453 = DIRECTION('',(1.,0.));
#454 = ( GEOMETRIC_REPRESENTATION_CONTEXT(2) 
PARAMETRIC_REPRESENTATION_CONTEXT() REPRESENTATION_CONTEXT('2D SPACE',''
  ) );
#455 = PCURVE('',#456,#461);
#456 = PLANE('',#457);
#457 = AXIS2_PLACEMENT_3D('',#458,#459,#460);
#458 = CARTESIAN_POINT('',(80.,30.,840.));
#459 = DIRECTION('',(1.,0.,0.));
#460 = DIRECTION('',(-0.,0.,1.));
#461 = DEFINITIONAL_REPRESENTATION('',(#462),#466);
#462 = CIRCLE('',#463,20.);
#463 = AXIS2_PLACEMENT_2D('',#464,#465);
#464 = CARTESIAN_POINT('',(0.,0.));
#465 = DIRECTION('',(0.288266710018,0.957550157378));
#466 = ( GEOMETRIC_REPRESENTATION_CONTEXT(2) 
PARAMETRIC_REPRESENTATION_CONTEXT() REPRESENTATION_CONTEXT('2D SPACE',''
  ) );
#467 = ORIENTED_EDGE('',*,*,#468,.F.);
#468 = EDGE_CURVE('',#469,#435,#471,.T.);
#469 = VERTEX_POINT('',#470);
#470 = CARTESIAN_POINT('',(100.,15.43157254739,853.70258813356));
#471 = SURFACE_CURVE('',#472,(#535,#601),.PCURVE_S1.);
#472 = B_SPLINE_CURVE_WITH_KNOTS('',7,(#473,#474,#475,#476,#477,#478,
    #479,#480,#481,#482,#483,#484,#485,#486,#487,#488,#489,#490,#491,
    #492,#493,#494,#495,#496,#497,#498,#499,#500,#501,#502,#503,#504,
    #505,#506,#507,#508,#509,#510,#511,#512,#513,#514,#515,#516,#517,
    #518,#519,#520,#521,#522,#523,#524,#525,#526,#527,#528,#529,#530,
    #531,#532,#533,#534),.UNSPECIFIED.,.F.,.F.,(8,6,6,6,6,6,6,6,6,6,8),(
    0.,6.759211480951E-02,0.117358107208,0.155393286842,0.261958993235,
    0.375520629694,0.499915750621,0.624238906077,0.739507386675,
    0.930646848727,1.),.UNSPECIFIED.);
#473 = CARTESIAN_POINT('',(100.0000024,15.431568861139,853.70258421438)
  );
#474 = CARTESIAN_POINT('',(99.880752879032,15.614728780529,
    853.89731775013));
#475 = CARTESIAN_POINT('',(99.755189029713,15.796613949396,
    854.08461101114));
#476 = CARTESIAN_POINT('',(99.623753230723,15.976932654724,
    854.26466942987));
#477 = CARTESIAN_POINT('',(99.486857628923,16.15541396224,
    854.43770138584));
#478 = CARTESIAN_POINT('',(99.344884482107,16.331808278,854.60391768873)
  );
#479 = CARTESIAN_POINT('',(99.198186501757,16.505887909972,
    854.76353106156));
#480 = CARTESIAN_POINT('',(98.935837430446,16.803761767419,
    855.02957014979));
#481 = CARTESIAN_POINT('',(98.822188060263,16.928725230043,
    855.13893514046));
#482 = CARTESIAN_POINT('',(98.706256211615,17.052267886513,
    855.24494534704));
#483 = CARTESIAN_POINT('',(98.58814946172,17.174324474824,
    855.34769351158));
#484 = CARTESIAN_POINT('',(98.467965838639,17.294834601949,
    855.44727036696));
#485 = CARTESIAN_POINT('',(98.345793821279,17.41374274384,
    855.54376463682));
#486 = CARTESIAN_POINT('',(98.126879277185,17.62061434371,
    855.70872204247));
#487 = CARTESIAN_POINT('',(98.030931594899,17.709264324924,
    855.77843057218));
#488 = CARTESIAN_POINT('',(97.933904883003,17.796925090766,
    855.84642692515));
#489 = CARTESIAN_POINT('',(97.83583252667,17.883574150406,
    855.91274814866));
#490 = CARTESIAN_POINT('',(97.736745705779,17.969189620484,
    855.97743003684));
#491 = CARTESIAN_POINT('',(97.636673394914,18.053750225112,
    856.0405071307));
#492 = CARTESIAN_POINT('',(97.252576965795,18.371141001709,
    856.27433703557));
#493 = CARTESIAN_POINT('',(96.961928656344,18.596651043313,
    856.43436044746));
#494 = CARTESIAN_POINT('',(96.664340684995,18.813255458457,
    856.58277192356));
#495 = CARTESIAN_POINT('',(96.360341364433,19.020483036479,
    856.7202034763));
#496 = CARTESIAN_POINT('',(96.050359817497,19.217886947286,
    856.84722766789));
#497 = CARTESIAN_POINT('',(95.734741724652,19.405030370338,
    856.96435511747));
#498 = CARTESIAN_POINT('',(95.071716627927,19.769497098316,
    857.18677777715));
#499 = CARTESIAN_POINT('',(94.723541419132,19.945392099608,
    857.29080531263));
#500 = CARTESIAN_POINT('',(94.369816534613,20.108484780415,
    857.3845677207));
#501 = CARTESIAN_POINT('',(94.011062135246,20.258147385832,
    857.46847971755));
#502 = CARTESIAN_POINT('',(93.647748135531,20.393796776609,
    857.5429072192));
#503 = CARTESIAN_POINT('',(93.280300885889,20.514894452618,
    857.60815693115));
#504 = CARTESIAN_POINT('',(92.502508166058,20.737115796498,
    857.72614667754));
#505 = CARTESIAN_POINT('',(92.091407710818,20.835233769786,
    857.77710042133));
#506 = CARTESIAN_POINT('',(91.676751891943,20.914527320153,
    857.81757253911));
#507 = CARTESIAN_POINT('',(91.259434600736,20.97440846944,857.8477791435
    ));
#508 = CARTESIAN_POINT('',(90.840313945776,21.014477549639,
    857.86787310057));
#509 = CARTESIAN_POINT('',(90.420226204828,21.034523858511,
    857.87792598587));
#510 = CARTESIAN_POINT('',(89.58001690581,21.034523858511,
    857.87792598587));
#511 = CARTESIAN_POINT('',(89.160171918242,21.014500737308,
    857.8678847288));
#512 = CARTESIAN_POINT('',(88.741292327633,20.974477958384,
    857.84781399101));
#513 = CARTESIAN_POINT('',(88.324213055749,20.914665745909,
    857.81764236703));
#514 = CARTESIAN_POINT('',(87.909790793268,20.83546288007,857.7772173601
    ));
#515 = CARTESIAN_POINT('',(87.49891791504,20.737456044152,
    857.72632336702));
#516 = CARTESIAN_POINT('',(86.715751930834,20.513828751106,
    857.60759475325));
#517 = CARTESIAN_POINT('',(86.342827793552,20.39073916768,
    857.54126389713));
#518 = CARTESIAN_POINT('',(85.974168726549,20.252664333841,
    857.46547527025));
#519 = CARTESIAN_POINT('',(85.610218846541,20.100167418851,
    857.37990698761));
#520 = CARTESIAN_POINT('',(85.251468687538,19.93385843474,857.2841741199
    ));
#521 = CARTESIAN_POINT('',(84.89846246667,19.754394270591,
    857.17783981525));
#522 = CARTESIAN_POINT('',(83.976974707246,19.244242261771,
    856.86573023996));
#523 = CARTESIAN_POINT('',(83.420050646299,18.892017271268,
    856.6407221913));
#524 = CARTESIAN_POINT('',(82.882114008706,18.508206740216,
    856.38275651279));
#525 = CARTESIAN_POINT('',(82.365148925511,18.095060422613,
    856.08843118512));
#526 = CARTESIAN_POINT('',(81.872307340685,17.655014301703,
    855.75366076179));
#527 = CARTESIAN_POINT('',(81.408231372886,17.191131580699,
    855.37373802173));
#528 = CARTESIAN_POINT('',(80.823921634721,16.532048172101,
    854.78747534888));
#529 = CARTESIAN_POINT('',(80.672940280039,16.353902007923,
    854.62470627004));
#530 = CARTESIAN_POINT('',(80.526887827837,16.173301210387,
    854.45502277069));
#531 = CARTESIAN_POINT('',(80.386141158882,15.990488719761,854.278195213
    ));
#532 = CARTESIAN_POINT('',(80.251109869174,15.805731615593,
    854.09399589455));
#533 = CARTESIAN_POINT('',(80.122236638834,15.619320497204,
    853.9021996108));
#534 = CARTESIAN_POINT('',(79.999997600991,15.431568864184,
    853.70258421762));
#535 = PCURVE('',#444,#536);
#536 = DEFINITIONAL_REPRESENTATION('',(#537),#600);
#537 = B_SPLINE_CURVE_WITH_KNOTS('',7,(#538,#539,#540,#541,#542,#543,
    #544,#545,#546,#547,#548,#549,#550,#551,#552,#553,#554,#555,#556,
    #557,#558,#559,#560,#561,#562,#563,#564,#565,#566,#567,#568,#569,
    #570,#571,#572,#573,#574,#575,#576,#577,#578,#579,#580,#581,#582,
    #583,#584,#585,#586,#587,#588,#589,#590,#591,#592,#593,#594,#595,
    #596,#597,#598,#599),.UNSPECIFIED.,.F.,.F.,(8,6,6,6,6,6,6,6,6,6,8),(
    1.943356803666E-07,6.759211480951E-02,0.117358107208,0.155393286842,
    0.261958993235,0.375520629694,0.499915750621,0.624238906077,
    0.739507386675,0.930646848727,0.999999805625),.UNSPECIFIED.);
#538 = CARTESIAN_POINT('',(7.099200296366,19.999999999999));
#539 = CARTESIAN_POINT('',(7.08583352441,19.880750712962));
#540 = CARTESIAN_POINT('',(7.072781401437,19.755187140242));
#541 = CARTESIAN_POINT('',(7.060042539364,19.623751656356));
#542 = CARTESIAN_POINT('',(7.047615553354,19.486856404352));
#543 = CARTESIAN_POINT('',(7.035498963535,19.344883638557));
#544 = CARTESIAN_POINT('',(7.023691096719,19.198186067328));
#545 = CARTESIAN_POINT('',(7.003722051726,18.935837430446));
#546 = CARTESIAN_POINT('',(6.995419366535,18.822188060263));
#547 = CARTESIAN_POINT('',(6.987280423444,18.706256211615));
#548 = CARTESIAN_POINT('',(6.979303743283,18.58814946172));
#549 = CARTESIAN_POINT('',(6.971487876818,18.467965838639));
#550 = CARTESIAN_POINT('',(6.963831404746,18.345793821279));
#551 = CARTESIAN_POINT('',(6.950602005241,18.126879277185));
#552 = CARTESIAN_POINT('',(6.944963406161,18.030931594899));
#553 = CARTESIAN_POINT('',(6.939416546813,17.933904883003));
#554 = CARTESIAN_POINT('',(6.933960887394,17.83583252667));
#555 = CARTESIAN_POINT('',(6.928595941953,17.736745705779));
#556 = CARTESIAN_POINT('',(6.923321278384,17.636673394914));
#557 = CARTESIAN_POINT('',(6.903610029725,17.252576965795));
#558 = CARTESIAN_POINT('',(6.889786307087,16.961928656344));
#559 = CARTESIAN_POINT('',(6.876660473952,16.664340684995));
#560 = CARTESIAN_POINT('',(6.864229882625,16.360341364432));
#561 = CARTESIAN_POINT('',(6.852494336184,16.050359817497));
#562 = CARTESIAN_POINT('',(6.841456310372,15.734741724652));
#563 = CARTESIAN_POINT('',(6.820107549556,15.071716627927));
#564 = CARTESIAN_POINT('',(6.809890799058,14.723541419132));
#565 = CARTESIAN_POINT('',(6.800485648301,14.369816534613));
#566 = CARTESIAN_POINT('',(6.791907313727,14.011062135246));
#567 = CARTESIAN_POINT('',(6.784171368434,13.647748135531));
#568 = CARTESIAN_POINT('',(6.777293606682,13.280300885889));
#569 = CARTESIAN_POINT('',(6.764713472946,12.502508166058));
#570 = CARTESIAN_POINT('',(6.759185725532,12.091407710818));
#571 = CARTESIAN_POINT('',(6.754734585295,11.676751891943));
#572 = CARTESIAN_POINT('',(6.75138117118,11.259434600736));
#573 = CARTESIAN_POINT('',(6.749139907762,10.840313945776));
#574 = CARTESIAN_POINT('',(6.748018620507,10.420226204828));
#575 = CARTESIAN_POINT('',(6.748018620507,9.58001690581));
#576 = CARTESIAN_POINT('',(6.749138610766,9.160171918241));
#577 = CARTESIAN_POINT('',(6.751377284313,8.741292327633));
#578 = CARTESIAN_POINT('',(6.754726833288,8.324213055749));
#579 = CARTESIAN_POINT('',(6.759172864468,7.909790793267));
#580 = CARTESIAN_POINT('',(6.76469430426,7.49891791504));
#581 = CARTESIAN_POINT('',(6.777353851046,6.715751930834));
#582 = CARTESIAN_POINT('',(6.784344926479,6.342827793552));
#583 = CARTESIAN_POINT('',(6.79221991075,5.974168726549));
#584 = CARTESIAN_POINT('',(6.800962316779,5.610218846541));
#585 = CARTESIAN_POINT('',(6.810555925751,5.251468687538));
#586 = CARTESIAN_POINT('',(6.820984933728,4.89846246667));
#587 = CARTESIAN_POINT('',(6.850887586583,3.976974707246));
#588 = CARTESIAN_POINT('',(6.871781674676,3.420050646299));
#589 = CARTESIAN_POINT('',(6.894893504327,2.882114008706));
#590 = CARTESIAN_POINT('',(6.920237981687,2.365148925511));
#591 = CARTESIAN_POINT('',(6.947857811258,1.872307340684));
#592 = CARTESIAN_POINT('',(6.977813246363,1.408231372886));
#593 = CARTESIAN_POINT('',(7.021918056188,0.823922070722));
#594 = CARTESIAN_POINT('',(7.033982377303,0.67294112568));
#595 = CARTESIAN_POINT('',(7.046370819542,0.526889055772));
#596 = CARTESIAN_POINT('',(7.05908523263,0.386142737648));
#597 = CARTESIAN_POINT('',(7.072127255169,0.251111762099));
#598 = CARTESIAN_POINT('',(7.085498426129,0.122238804989));
#599 = CARTESIAN_POINT('',(7.099200296348,-1.817646045467E-09));
#600 = ( GEOMETRIC_REPRESENTATION_CONTEXT(2) 
PARAMETRIC_REPRESENTATION_CONTEXT() REPRESENTATION_CONTEXT('2D SPACE',''
  ) );
#601 = PCURVE('',#602,#607);
#602 = CYLINDRICAL_SURFACE('',#603,11.);
#603 = AXIS2_PLACEMENT_3D('',#604,#605,#606);
#604 = CARTESIAN_POINT('',(90.,30.,840.));
#605 = DIRECTION('',(0.,-0.866025403784,0.5));
#606 = DIRECTION('',(0.,-0.5,-0.866025403784));
#607 = DEFINITIONAL_REPRESENTATION('',(#608),#671);
#608 = B_SPLINE_CURVE_WITH_KNOTS('',7,(#609,#610,#611,#612,#613,#614,
    #615,#616,#617,#618,#619,#620,#621,#622,#623,#624,#625,#626,#627,
    #628,#629,#630,#631,#632,#633,#634,#635,#636,#637,#638,#639,#640,
    #641,#642,#643,#644,#645,#646,#647,#648,#649,#650,#651,#652,#653,
    #654,#655,#656,#657,#658,#659,#660,#661,#662,#663,#664,#665,#666,
    #667,#668,#669,#670),.UNSPECIFIED.,.F.,.F.,(8,6,6,6,6,6,6,6,6,6,8),(
    0.,6.759211480951E-02,0.117358107208,0.155393286842,0.261958993235,
    0.375520629694,0.499915750621,0.624238906077,0.739507386675,
    0.930646848727,1.),.UNSPECIFIED.);
#609 = CARTESIAN_POINT('',(2.000495469223,19.46792356673));
#610 = CARTESIAN_POINT('',(2.02651787784,19.40666919146));
#611 = CARTESIAN_POINT('',(2.05219423829,19.342798645151));
#612 = CARTESIAN_POINT('',(2.077539202295,19.276667274925));
#613 = CARTESIAN_POINT('',(2.102566251539,19.208613906501));
#614 = CARTESIAN_POINT('',(2.127288117463,19.138960099418));
#615 = CARTESIAN_POINT('',(2.151717201054,19.068009402258));
#616 = CARTESIAN_POINT('',(2.193646004141,18.943062618705));
#617 = CARTESIAN_POINT('',(2.211276289232,18.889523580863));
#618 = CARTESIAN_POINT('',(2.228763371237,18.835537605196));
#619 = CARTESIAN_POINT('',(2.246113768314,18.781207581292));
#620 = CARTESIAN_POINT('',(2.26333399346,18.726631177478));
#621 = CARTESIAN_POINT('',(2.280430554505,18.671900840813));
#622 = CARTESIAN_POINT('',(2.310386978861,18.575223482827));
#623 = CARTESIAN_POINT('',(2.32329550143,18.533304611907));
#624 = CARTESIAN_POINT('',(2.336138386979,18.491386338258));
#625 = CARTESIAN_POINT('',(2.348918441636,18.449506663149));
#626 = CARTESIAN_POINT('',(2.361638412516,18.407702435197));
#627 = CARTESIAN_POINT('',(2.374300987714,18.366009350361));
#628 = CARTESIAN_POINT('',(2.422232936798,18.208055827334));
#629 = CARTESIAN_POINT('',(2.457134418581,18.092770108443));
#630 = CARTESIAN_POINT('',(2.49166379924,17.979390920408));
#631 = CARTESIAN_POINT('',(2.525869904769,17.868642349844));
#632 = CARTESIAN_POINT('',(2.55980039771,17.761197644073));
#633 = CARTESIAN_POINT('',(2.593502345286,17.657690410347));
#634 = CARTESIAN_POINT('',(2.662743812676,17.453264294925));
#635 = CARTESIAN_POINT('',(2.698263020056,17.352948523149));
#636 = CARTESIAN_POINT('',(2.733611723178,17.258587322433));
#637 = CARTESIAN_POINT('',(2.76882142877,17.170931702572));
#638 = CARTESIAN_POINT('',(2.803924288421,17.090669634977));
#639 = CARTESIAN_POINT('',(2.838953550199,17.018420827188));
#640 = CARTESIAN_POINT('',(2.912272469158,16.884966371319));
#641 = CARTESIAN_POINT('',(2.950554996045,16.825470585781));
#642 = CARTESIAN_POINT('',(2.988796688217,16.777036415696));
#643 = CARTESIAN_POINT('',(3.027007523213,16.7402811214));
#644 = CARTESIAN_POINT('',(3.065200481606,16.715627258577));
#645 = CARTESIAN_POINT('',(3.103390271333,16.70329308849));
#646 = CARTESIAN_POINT('',(3.17977293488,16.70329308849));
#647 = CARTESIAN_POINT('',(3.217940656134,16.715612991582));
#648 = CARTESIAN_POINT('',(3.25611154157,16.740238365962));
#649 = CARTESIAN_POINT('',(3.294300265666,16.776951449433));
#650 = CARTESIAN_POINT('',(3.332519779987,16.825330639838));
#651 = CARTESIAN_POINT('',(3.370780040695,16.884760052944));
#652 = CARTESIAN_POINT('',(3.444602332214,17.019062662817));
#653 = CARTESIAN_POINT('',(3.480157993462,17.092495940949));
#654 = CARTESIAN_POINT('',(3.515789707857,17.174177941234));
#655 = CARTESIAN_POINT('',(3.551532421738,17.263460002297));
#656 = CARTESIAN_POINT('',(3.587419933435,17.359621373556));
#657 = CARTESIAN_POINT('',(3.623485386273,17.461874746455));
#658 = CARTESIAN_POINT('',(3.719915646044,17.747624558239));
#659 = CARTESIAN_POINT('',(3.780602516091,17.940156323535));
#660 = CARTESIAN_POINT('',(3.842141672541,18.143563154411));
#661 = CARTESIAN_POINT('',(3.904842071974,18.354195697098));
#662 = CARTESIAN_POINT('',(3.969015118689,18.567901604977));
#663 = CARTESIAN_POINT('',(4.034979299195,18.779674455716));
#664 = CARTESIAN_POINT('',(4.127796648437,19.057326094347));
#665 = CARTESIAN_POINT('',(4.152800800282,19.130220658692));
#666 = CARTESIAN_POINT('',(4.178111089221,19.201783787625));
#667 = CARTESIAN_POINT('',(4.203740921158,19.271690269791));
#668 = CARTESIAN_POINT('',(4.229704051553,19.339594956306));
#669 = CARTESIAN_POINT('',(4.256015062121,19.405133578508));
#670 = CARTESIAN_POINT('',(4.282689837524,19.467923565711));
#671 = ( GEOMETRIC_REPRESENTATION_CONTEXT(2) 
PARAMETRIC_REPRESENTATION_CONTEXT() REPRESENTATION_CONTEXT('2D SPACE',''
  ) );
#672 = ORIENTED_EDGE('',*,*,#673,.T.);
#673 = EDGE_CURVE('',#469,#674,#676,.T.);
#674 = VERTEX_POINT('',#675);
#675 = CARTESIAN_POINT('',(100.,10.848996852435,845.76533420036));
#676 = SURFACE_CURVE('',#677,(#682,#689),.PCURVE_S1.);
#677 = CIRCLE('',#678,20.);
#678 = AXIS2_PLACEMENT_3D('',#679,#680,#681);
#679 = CARTESIAN_POINT('',(100.,30.,840.));
#680 = DIRECTION('',(-1.,0.,0.));
#681 = DIRECTION('',(0.,-0.72842137263,0.685129406678));
#682 = PCURVE('',#444,#683);
#683 = DEFINITIONAL_REPRESENTATION('',(#684),#688);
#684 = LINE('',#685,#686);
#685 = CARTESIAN_POINT('',(7.099200296366,20.));
#686 = VECTOR('',#687,1.);
#687 = DIRECTION('',(-1.,-0.));
#688 = ( GEOMETRIC_REPRESENTATION_CONTEXT(2) 
PARAMETRIC_REPRESENTATION_CONTEXT() REPRESENTATION_CONTEXT('2D SPACE',''
  ) );
#689 = PCURVE('',#690,#695);
#690 = PLANE('',#691);
#691 = AXIS2_PLACEMENT_3D('',#692,#693,#694);
#692 = CARTESIAN_POINT('',(100.,30.,840.));
#693 = DIRECTION('',(1.,0.,0.));
#694 = DIRECTION('',(-0.,0.,1.));
#695 = DEFINITIONAL_REPRESENTATION('',(#696),#704);
#696 = ( BOUNDED_CURVE() B_SPLINE_CURVE(2,(#697,#698,#699,#700,#701,#702
,#703),.UNSPECIFIED.,.T.,.F.) B_SPLINE_CURVE_WITH_KNOTS((1,2,2,2,2,1),(
    -2.094395102393,0.,2.094395102393,4.188790204786,6.28318530718,
8.377580409573),.UNSPECIFIED.) CURVE() GEOMETRIC_REPRESENTATION_ITEM() 
RATIONAL_B_SPLINE_CURVE((1.,0.5,1.,0.5,1.,0.5,1.)) REPRESENTATION_ITEM(
  '') );
#697 = CARTESIAN_POINT('',(13.702588133562,14.56842745261));
#698 = CARTESIAN_POINT('',(38.935844667864,-9.165151389911));
#699 = CARTESIAN_POINT('',(5.765334200369,-19.15100314756));
#700 = CARTESIAN_POINT('',(-27.40517626712,-29.13685490521));
#701 = CARTESIAN_POINT('',(-19.46792233393,4.582575694955));
#702 = CARTESIAN_POINT('',(-11.53066840073,38.30200629513));
#703 = CARTESIAN_POINT('',(13.702588133562,14.56842745261));
#704 = ( GEOMETRIC_REPRESENTATION_CONTEXT(2) 
PARAMETRIC_REPRESENTATION_CONTEXT() REPRESENTATION_CONTEXT('2D SPACE',''
  ) );
#705 = ORIENTED_EDGE('',*,*,#706,.F.);
#706 = EDGE_CURVE('',#707,#674,#709,.T.);
#707 = VERTEX_POINT('',#708);
#708 = CARTESIAN_POINT('',(90.,10.034523858511,838.82536710261));
#709 = SURFACE_CURVE('',#710,(#743,#779),.PCURVE_S1.);
#710 = B_SPLINE_CURVE_WITH_KNOTS('',6,(#711,#712,#713,#714,#715,#716,
    #717,#718,#719,#720,#721,#722,#723,#724,#725,#726,#727,#728,#729,
    #730,#731,#732,#733,#734,#735,#736,#737,#738,#739,#740,#741,#742),
  .UNSPECIFIED.,.F.,.F.,(7,5,5,5,5,5,7),(0.,0.248687984957,
    0.479263587091,0.688680770769,0.763795090775,0.861404260803,1.),
  .UNSPECIFIED.);
#711 = CARTESIAN_POINT('',(90.,10.034523858511,838.82536710261));
#712 = CARTESIAN_POINT('',(90.489980276555,10.034523858511,
    838.82536710261));
#713 = CARTESIAN_POINT('',(90.97976720384,10.032682050855,
    838.85667272683));
#714 = CARTESIAN_POINT('',(91.467913023764,10.029001118531,
    838.91923811103));
#715 = CARTESIAN_POINT('',(91.952952171566,10.023869719592,
    839.01273704421));
#716 = CARTESIAN_POINT('',(92.433351794645,10.018059292568,
    839.13655386851));
#717 = CARTESIAN_POINT('',(93.347045446864,10.007569033206,
    839.43175696404));
#718 = CARTESIAN_POINT('',(93.781222905659,10.002837594909,
    839.59902207339));
#719 = CARTESIAN_POINT('',(94.209287544521,9.999248867869,
    839.79096311757));
#720 = CARTESIAN_POINT('',(94.630439304723,9.997834575979,
    840.00700621461));
#721 = CARTESIAN_POINT('',(95.04376134349,9.999797271393,840.24654985655
    ));
#722 = CARTESIAN_POINT('',(95.815515750945,10.012543169138,
    840.74726254893));
#723 = CARTESIAN_POINT('',(96.175567216711,10.022501418712,
    841.00447078268));
#724 = CARTESIAN_POINT('',(96.527881079956,10.037364083498,
    841.28030997215));
#725 = CARTESIAN_POINT('',(96.871839968499,10.058260910882,
    841.57459655969));
#726 = CARTESIAN_POINT('',(97.206626923837,10.086454635847,
    841.88717928481));
#727 = CARTESIAN_POINT('',(97.647585077362,10.136593066453,
    842.33651693004));
#728 = CARTESIAN_POINT('',(97.762687887556,10.150950872072,
    842.45748220712));
#729 = CARTESIAN_POINT('',(97.876438631717,10.166496184949,
    842.58078863127));
#730 = CARTESIAN_POINT('',(97.988787426842,10.183297975132,
    842.70643429983));
#731 = CARTESIAN_POINT('',(98.099679525464,10.201428287301,
    842.83441755281));
#732 = CARTESIAN_POINT('',(98.351186404622,10.246346122073,
    843.13408378227));
#733 = CARTESIAN_POINT('',(98.49075537668,10.274100120857,
    843.30737353638));
#734 = CARTESIAN_POINT('',(98.62763266043,10.304389459134,
    843.48460528615));
#735 = CARTESIAN_POINT('',(98.76166828279,10.337388396596,
    843.66577145012));
#736 = CARTESIAN_POINT('',(98.892691868982,10.373280230602,
    843.85085781441));
#737 = CARTESIAN_POINT('',(99.202005985737,10.467601022733,
    844.30818528092));
#738 = CARTESIAN_POINT('',(99.377081213651,10.529176982613,
    844.58444603174));
#739 = CARTESIAN_POINT('',(99.545135391046,10.597526191654,
    844.86849725583));
#740 = CARTESIAN_POINT('',(99.70549010788,10.673215776663,845.1601587914
    ));
#741 = CARTESIAN_POINT('',(99.857390188192,10.75683618633,
    845.45919973763));
#742 = CARTESIAN_POINT('',(100.000002399,10.848998402137,845.76533934809
    ));
#743 = PCURVE('',#444,#744);
#744 = DEFINITIONAL_REPRESENTATION('',(#745),#778);
#745 = B_SPLINE_CURVE_WITH_KNOTS('',6,(#746,#747,#748,#749,#750,#751,
    #752,#753,#754,#755,#756,#757,#758,#759,#760,#761,#762,#763,#764,
    #765,#766,#767,#768,#769,#770,#771,#772,#773,#774,#775,#776,#777),
  .UNSPECIFIED.,.F.,.F.,(7,5,5,5,5,5,7),(0.,0.248687984957,
    0.479263587091,0.688680770769,0.763795090775,0.861404260803,
    0.99999961156),.UNSPECIFIED.);
#746 = CARTESIAN_POINT('',(1.629561789065,10.));
#747 = CARTESIAN_POINT('',(1.629561789065,10.489980276555));
#748 = CARTESIAN_POINT('',(1.627993802703,10.97976720384));
#749 = CARTESIAN_POINT('',(1.624860117178,11.467913023764));
#750 = CARTESIAN_POINT('',(1.620178188428,11.952952171565));
#751 = CARTESIAN_POINT('',(1.613980936799,12.433351794645));
#752 = CARTESIAN_POINT('',(1.599211465486,13.347045446864));
#753 = CARTESIAN_POINT('',(1.590845090253,13.781222905659));
#754 = CARTESIAN_POINT('',(1.58124705533,14.209287544521));
#755 = CARTESIAN_POINT('',(1.570446142556,14.630439304723));
#756 = CARTESIAN_POINT('',(1.558470336721,15.04376134349));
#757 = CARTESIAN_POINT('',(1.533426592082,15.815515750945));
#758 = CARTESIAN_POINT('',(1.520557685539,16.175567216711));
#759 = CARTESIAN_POINT('',(1.506748203163,16.527881079956));
#760 = CARTESIAN_POINT('',(1.492000504443,16.871839968499));
#761 = CARTESIAN_POINT('',(1.476311427838,17.206626923837));
#762 = CARTESIAN_POINT('',(1.453705113364,17.647585077362));
#763 = CARTESIAN_POINT('',(1.44761454146,17.762687887556));
#764 = CARTESIAN_POINT('',(1.441400672174,17.876438631717));
#765 = CARTESIAN_POINT('',(1.435062751671,17.988787426842));
#766 = CARTESIAN_POINT('',(1.428599906124,18.099679525464));
#767 = CARTESIAN_POINT('',(1.413449208041,18.351186404622));
#768 = CARTESIAN_POINT('',(1.404674726563,18.49075537668));
#769 = CARTESIAN_POINT('',(1.395685424748,18.62763266043));
#770 = CARTESIAN_POINT('',(1.386478953649,18.76166828279));
#771 = CARTESIAN_POINT('',(1.377052887902,18.892691868982));
#772 = CARTESIAN_POINT('',(1.353705291329,19.202005477068));
#773 = CARTESIAN_POINT('',(1.339555128646,19.377080233221));
#774 = CARTESIAN_POINT('',(1.324950436069,19.545133977483));
#775 = CARTESIAN_POINT('',(1.309888164774,19.705488308844));
#776 = CARTESIAN_POINT('',(1.29436562848,19.857388060543));
#777 = CARTESIAN_POINT('',(1.278380113225,20.000000001818));
#778 = ( GEOMETRIC_REPRESENTATION_CONTEXT(2) 
PARAMETRIC_REPRESENTATION_CONTEXT() REPRESENTATION_CONTEXT('2D SPACE',''
  ) );
#779 = PCURVE('',#602,#780);
#780 = DEFINITIONAL_REPRESENTATION('',(#781),#814);
#781 = B_SPLINE_CURVE_WITH_KNOTS('',6,(#782,#783,#784,#785,#786,#787,
    #788,#789,#790,#791,#792,#793,#794,#795,#796,#797,#798,#799,#800,
    #801,#802,#803,#804,#805,#806,#807,#808,#809,#810,#811,#812,#813),
  .UNSPECIFIED.,.F.,.F.,(7,5,5,5,5,5,7),(0.,0.248687984957,
    0.479263587091,0.688680770769,0.763795090775,0.861404260803,1.),
  .UNSPECIFIED.);
#782 = CARTESIAN_POINT('',(0.,16.70329308849));
#783 = CARTESIAN_POINT('',(4.4543661505E-02,16.70329308849));
#784 = CARTESIAN_POINT('',(8.906973896046E-02,16.720540952819));
#785 = CARTESIAN_POINT('',(0.133605749745,16.75501142582));
#786 = CARTESIAN_POINT('',(0.178176761851,16.80620481425));
#787 = CARTESIAN_POINT('',(0.222803037763,16.873145203806));
#788 = CARTESIAN_POINT('',(0.308929044909,17.029831582673));
#789 = CARTESIAN_POINT('',(0.350419857397,17.117561683107));
#790 = CARTESIAN_POINT('',(0.39202995147,17.216640133982));
#791 = CARTESIAN_POINT('',(0.433819524345,17.325886495209));
#792 = CARTESIAN_POINT('',(0.47584666974,17.443958572091));
#793 = CARTESIAN_POINT('',(0.556607892262,17.683276647039));
#794 = CARTESIAN_POINT('',(0.595296776751,17.803256666804));
#795 = CARTESIAN_POINT('',(0.63431384131,17.928304816267));
#796 = CARTESIAN_POINT('',(0.673737218284,18.057350926665));
#797 = CARTESIAN_POINT('',(0.713646899288,18.189225807178));
#798 = CARTESIAN_POINT('',(0.768645889335,18.370473475182));
#799 = CARTESIAN_POINT('',(0.783239857598,18.418521889314));
#800 = CARTESIAN_POINT('',(0.797912870354,18.466712465528));
#801 = CARTESIAN_POINT('',(0.812669482863,18.514984522678));
#802 = CARTESIAN_POINT('',(0.827514382059,18.563274838252));
#803 = CARTESIAN_POINT('',(0.861863947742,18.674207966988));
#804 = CARTESIAN_POINT('',(0.881432589242,18.736817176037));
#805 = CARTESIAN_POINT('',(0.901169015234,18.799201714511));
#806 = CARTESIAN_POINT('',(0.921083956907,18.861206878359));
#807 = CARTESIAN_POINT('',(0.941188172452,18.922666820467));
#808 = CARTESIAN_POINT('',(0.990322586145,19.069646351627));
#809 = CARTESIAN_POINT('',(1.01956237091,19.154450381518));
#810 = CARTESIAN_POINT('',(1.049235484172,19.237283842206));
#811 = CARTESIAN_POINT('',(1.079365312096,19.317565506572));
#812 = CARTESIAN_POINT('',(1.109976612631,19.394668580641));
#813 = CARTESIAN_POINT('',(1.141097183934,19.467923565711));
#814 = ( GEOMETRIC_REPRESENTATION_CONTEXT(2) 
PARAMETRIC_REPRESENTATION_CONTEXT() REPRESENTATION_CONTEXT('2D SPACE',''
  ) );
#815 = ORIENTED_EDGE('',*,*,#816,.F.);
#816 = EDGE_CURVE('',#433,#707,#817,.T.);
#817 = SURFACE_CURVE('',#818,(#851,#887),.PCURVE_S1.);
#818 = B_SPLINE_CURVE_WITH_KNOTS('',6,(#819,#820,#821,#822,#823,#824,
    #825,#826,#827,#828,#829,#830,#831,#832,#833,#834,#835,#836,#837,
    #838,#839,#840,#841,#842,#843,#844,#845,#846,#847,#848,#849,#850),
  .UNSPECIFIED.,.F.,.F.,(7,5,5,5,5,5,7),(0.,0.135207011909,
    0.234755770586,0.310838949806,0.524006276045,0.751167828715,1.),
  .UNSPECIFIED.);
#819 = CARTESIAN_POINT('',(79.999997599999,10.848998403418,
    845.76533935234));
#820 = CARTESIAN_POINT('',(80.1391220411,10.759090135994,845.46668678954
    ));
#821 = CARTESIAN_POINT('',(80.287086541952,10.677310396881,
    845.1747879718));
#822 = CARTESIAN_POINT('',(80.443116939803,10.603092595204,
    844.88990524992));
#823 = CARTESIAN_POINT('',(80.606509612831,10.535888426737,
    844.61225554821));
#824 = CARTESIAN_POINT('',(80.77663028055,10.475170423377,
    844.34200956684));
#825 = CARTESIAN_POINT('',(81.082704197112,10.380134129929,
    843.88585938303));
#826 = CARTESIAN_POINT('',(81.215855036788,10.343070624013,
    843.69648006333));
#827 = CARTESIAN_POINT('',(81.352160352083,10.309039020464,
    843.51117640426));
#828 = CARTESIAN_POINT('',(81.49143745321,10.277844095433,
    843.32996429028));
#829 = CARTESIAN_POINT('',(81.63352593174,10.24930036561,843.15285211107
    ));
#830 = CARTESIAN_POINT('',(81.888926233184,10.203308611064,
    842.8476115535));
#831 = CARTESIAN_POINT('',(82.001125273868,10.184831192717,
    842.71777903421));
#832 = CARTESIAN_POINT('',(82.114822499344,10.167721576187,
    842.59034469727));
#833 = CARTESIAN_POINT('',(82.229960771978,10.151904745441,
    842.46531027077));
#834 = CARTESIAN_POINT('',(82.346488099828,10.137308925409,
    842.34267771729));
#835 = CARTESIAN_POINT('',(82.79460059263,10.086200468576,841.8855970594
    ));
#836 = CARTESIAN_POINT('',(83.135459655263,10.057572442835,
    841.56753469264));
#837 = CARTESIAN_POINT('',(83.48580906866,10.036491128778,
    841.26843221579));
#838 = CARTESIAN_POINT('',(83.844791373314,10.021626448455,
    840.98844776284));
#839 = CARTESIAN_POINT('',(84.211762177478,10.011791035469,
    840.72777553346));
#840 = CARTESIAN_POINT('',(84.985291449412,9.999669007636,
    840.22978530072));
#841 = CARTESIAN_POINT('',(85.39292542915,9.997919552976,839.99508637637
    ));
#842 = CARTESIAN_POINT('',(85.808126988433,9.99939927829,839.78321952333
    ));
#843 = CARTESIAN_POINT('',(86.230019039064,10.002962777058,
    839.59476193194));
#844 = CARTESIAN_POINT('',(86.657833938612,10.007625838156,839.43026362)
  );
#845 = CARTESIAN_POINT('',(87.565258782094,10.018042484743,
    839.1369120495));
#846 = CARTESIAN_POINT('',(88.045925692017,10.023857846244,
    839.01295341041));
#847 = CARTESIAN_POINT('',(88.531239920086,10.028994728316,
    838.9193467262));
#848 = CARTESIAN_POINT('',(89.019666038166,10.032679917967,
    838.85670898015));
#849 = CARTESIAN_POINT('',(89.509736094368,10.034523858511,
    838.82536710261));
#850 = CARTESIAN_POINT('',(90.,10.034523858511,838.82536710261));
#851 = PCURVE('',#444,#852);
#852 = DEFINITIONAL_REPRESENTATION('',(#853),#886);
#853 = B_SPLINE_CURVE_WITH_KNOTS('',6,(#854,#855,#856,#857,#858,#859,
    #860,#861,#862,#863,#864,#865,#866,#867,#868,#869,#870,#871,#872,
    #873,#874,#875,#876,#877,#878,#879,#880,#881,#882,#883,#884,#885),
  .UNSPECIFIED.,.F.,.F.,(7,5,5,5,5,5,7),(3.887368839615E-07,
    0.135207011909,0.234755770586,0.310838949806,0.524006276045,
    0.751167828715,1.),.UNSPECIFIED.);
#854 = CARTESIAN_POINT('',(1.278380113206,9.608664102966E-13));
#855 = CARTESIAN_POINT('',(1.293974680485,0.139124168183));
#856 = CARTESIAN_POINT('',(1.309128739195,0.287088336379));
#857 = CARTESIAN_POINT('',(1.323844718473,0.443118349125));
#858 = CARTESIAN_POINT('',(1.338125039885,0.606510591067));
#859 = CARTESIAN_POINT('',(1.351972461418,0.776630787384));
#860 = CARTESIAN_POINT('',(1.375269680579,1.082704197112));
#861 = CARTESIAN_POINT('',(1.384917588021,1.215855036788));
#862 = CARTESIAN_POINT('',(1.39433678471,1.352160352083));
#863 = CARTESIAN_POINT('',(1.403529841729,1.49143745321));
#864 = CARTESIAN_POINT('',(1.412499260319,1.63352593174));
#865 = CARTESIAN_POINT('',(1.427933559742,1.888926233184));
#866 = CARTESIAN_POINT('',(1.434490380879,2.001125273868));
#867 = CARTESIAN_POINT('',(1.440918974171,2.114822499344));
#868 = CARTESIAN_POINT('',(1.447220252855,2.229960771978));
#869 = CARTESIAN_POINT('',(1.453395004529,2.346488099828));
#870 = CARTESIAN_POINT('',(1.476391460896,2.79460059263));
#871 = CARTESIAN_POINT('',(1.492355159571,3.135459655263));
#872 = CARTESIAN_POINT('',(1.507343518121,3.48580906866));
#873 = CARTESIAN_POINT('',(1.521359871432,3.844791373314));
#874 = CARTESIAN_POINT('',(1.534401577077,4.211762177478));
#875 = CARTESIAN_POINT('',(1.559308464451,4.985291449412));
#876 = CARTESIAN_POINT('',(1.571042068843,5.39292542915));
#877 = CARTESIAN_POINT('',(1.581634280463,5.808126988433));
#878 = CARTESIAN_POINT('',(1.59105818312,6.230019039064));
#879 = CARTESIAN_POINT('',(1.599286186452,6.657833938612));
#880 = CARTESIAN_POINT('',(1.613963009204,7.565258782094));
#881 = CARTESIAN_POINT('',(1.620167353975,8.045925692017));
#882 = CARTESIAN_POINT('',(1.624854677005,8.531239920086));
#883 = CARTESIAN_POINT('',(1.627991986909,9.019666038166));
#884 = CARTESIAN_POINT('',(1.629561789065,9.509736094368));
#885 = CARTESIAN_POINT('',(1.629561789065,10.));
#886 = ( GEOMETRIC_REPRESENTATION_CONTEXT(2) 
PARAMETRIC_REPRESENTATION_CONTEXT() REPRESENTATION_CONTEXT('2D SPACE',''
  ) );
#887 = PCURVE('',#602,#888);
#888 = DEFINITIONAL_REPRESENTATION('',(#889),#922);
#889 = B_SPLINE_CURVE_WITH_KNOTS('',6,(#890,#891,#892,#893,#894,#895,
    #896,#897,#898,#899,#900,#901,#902,#903,#904,#905,#906,#907,#908,
    #909,#910,#911,#912,#913,#914,#915,#916,#917,#918,#919,#920,#921),
  .UNSPECIFIED.,.F.,.F.,(7,5,5,5,5,5,7),(0.,0.135207011909,
    0.234755770586,0.310838949806,0.524006276045,0.751167828715,1.),
  .UNSPECIFIED.);
#890 = CARTESIAN_POINT('',(5.142088122813,19.46792356673));
#891 = CARTESIAN_POINT('',(5.172447599526,19.39646012893));
#892 = CARTESIAN_POINT('',(5.20232260882,19.321334051644));
#893 = CARTESIAN_POINT('',(5.23173879119,19.24316719237));
#894 = CARTESIAN_POINT('',(5.260719057058,19.16254285865));
#895 = CARTESIAN_POINT('',(5.289285056041,19.080003201339));
#896 = CARTESIAN_POINT('',(5.33820199298,18.934231953844));
#897 = CARTESIAN_POINT('',(5.358735722758,18.87164023167));
#898 = CARTESIAN_POINT('',(5.379071251378,18.80846063534));
#899 = CARTESIAN_POINT('',(5.399219982606,18.744870175896));
#900 = CARTESIAN_POINT('',(5.419193308159,18.681033681433));
#901 = CARTESIAN_POINT('',(5.454142469907,18.568243430449));
#902 = CARTESIAN_POINT('',(5.469186429065,18.519329084491));
#903 = CARTESIAN_POINT('',(5.484139499196,18.470429278584));
#904 = CARTESIAN_POINT('',(5.4990065566,18.42160984257));
#905 = CARTESIAN_POINT('',(5.513792339872,18.372933916763));
#906 = CARTESIAN_POINT('',(5.569712946159,18.188654809788));
#907 = CARTESIAN_POINT('',(5.610332723837,18.05441622396));
#908 = CARTESIAN_POINT('',(5.650449250686,17.92312193905));
#909 = CARTESIAN_POINT('',(5.690146966665,17.796002903355));
#910 = CARTESIAN_POINT('',(5.729508259649,17.674184506169));
#911 = CARTESIAN_POINT('',(5.810289970812,17.435687373847));
#912 = CARTESIAN_POINT('',(5.851681954358,17.319852983849));
#913 = CARTESIAN_POINT('',(5.892846193146,17.212638077618));
#914 = CARTESIAN_POINT('',(5.933837935201,17.115323201465));
#915 = CARTESIAN_POINT('',(5.974714460095,17.02903571612));
#916 = CARTESIAN_POINT('',(6.060253199228,16.873338850309));
#917 = CARTESIAN_POINT('',(6.104905429798,16.80632327997));
#918 = CARTESIAN_POINT('',(6.149502275813,16.755071267491));
#919 = CARTESIAN_POINT('',(6.194064044789,16.720560926611));
#920 = CARTESIAN_POINT('',(6.238615861213,16.70329308849));
#921 = CARTESIAN_POINT('',(6.28318530718,16.70329308849));
#922 = ( GEOMETRIC_REPRESENTATION_CONTEXT(2) 
PARAMETRIC_REPRESENTATION_CONTEXT() REPRESENTATION_CONTEXT('2D SPACE',''
  ) );
#923 = ADVANCED_FACE('',(#924),#690,.T.);
#924 = FACE_BOUND('',#925,.T.);
#925 = EDGE_LOOP('',(#926,#947,#948,#969));
#926 = ORIENTED_EDGE('',*,*,#927,.T.);
#927 = EDGE_CURVE('',#928,#674,#930,.T.);
#928 = VERTEX_POINT('',#929);
#929 = CARTESIAN_POINT('',(100.,27.708712152522,836.0313730334));
#930 = SURFACE_CURVE('',#931,(#935,#941),.PCURVE_S1.);
#931 = LINE('',#932,#933);
#932 = CARTESIAN_POINT('',(100.,27.708712152522,836.0313730334));
#933 = VECTOR('',#934,1.);
#934 = DIRECTION('',(0.,-0.866025403784,0.5));
#935 = PCURVE('',#690,#936);
#936 = DEFINITIONAL_REPRESENTATION('',(#937),#940);
#937 = B_SPLINE_CURVE_WITH_KNOTS('',1,(#938,#939),.UNSPECIFIED.,.F.,.F.,
  (2,2),(-2.400000021633E-06,25.067061610038),.PIECEWISE_BEZIER_KNOTS.);
#938 = CARTESIAN_POINT('',(-3.968628166597,2.291285769017));
#939 = CARTESIAN_POINT('',(8.564903838422,24.));
#940 = ( GEOMETRIC_REPRESENTATION_CONTEXT(2) 
PARAMETRIC_REPRESENTATION_CONTEXT() REPRESENTATION_CONTEXT('2D SPACE',''
  ) );
#941 = PCURVE('',#602,#942);
#942 = DEFINITIONAL_REPRESENTATION('',(#943),#946);
#943 = B_SPLINE_CURVE_WITH_KNOTS('',1,(#944,#945),.UNSPECIFIED.,.F.,.F.,
  (2,2),(-2.400000021633E-06,25.067061610038),.PIECEWISE_BEZIER_KNOTS.);
#944 = CARTESIAN_POINT('',(1.141096660643,-2.399999999429E-06));
#945 = CARTESIAN_POINT('',(1.141096660643,25.067061610038));
#946 = ( GEOMETRIC_REPRESENTATION_CONTEXT(2) 
PARAMETRIC_REPRESENTATION_CONTEXT() REPRESENTATION_CONTEXT('2D SPACE',''
  ) );
#947 = ORIENTED_EDGE('',*,*,#673,.F.);
#948 = ORIENTED_EDGE('',*,*,#949,.F.);
#949 = EDGE_CURVE('',#950,#469,#952,.T.);
#950 = VERTEX_POINT('',#951);
#951 = CARTESIAN_POINT('',(100.,32.291287847478,843.96862696659));
#952 = SURFACE_CURVE('',#953,(#957,#963),.PCURVE_S1.);
#953 = LINE('',#954,#955);
#954 = CARTESIAN_POINT('',(100.,32.291287847478,843.96862696659));
#955 = VECTOR('',#956,1.);
#956 = DIRECTION('',(0.,-0.866025403784,0.5));
#957 = PCURVE('',#690,#958);
#958 = DEFINITIONAL_REPRESENTATION('',(#959),#962);
#959 = B_SPLINE_CURVE_WITH_KNOTS('',1,(#960,#961),.UNSPECIFIED.,.F.,.F.,
  (2,2),(-2.399999967866E-06,30.358564232166),.PIECEWISE_BEZIER_KNOTS.);
#960 = CARTESIAN_POINT('',(3.968625766597,-2.291289925939));
#961 = CARTESIAN_POINT('',(19.14790908268,24.));
#962 = ( GEOMETRIC_REPRESENTATION_CONTEXT(2) 
PARAMETRIC_REPRESENTATION_CONTEXT() REPRESENTATION_CONTEXT('2D SPACE',''
  ) );
#963 = PCURVE('',#602,#964);
#964 = DEFINITIONAL_REPRESENTATION('',(#965),#968);
#965 = B_SPLINE_CURVE_WITH_KNOTS('',1,(#966,#967),.UNSPECIFIED.,.F.,.F.,
  (2,2),(-2.399999967866E-06,30.358564232166),.PIECEWISE_BEZIER_KNOTS.);
#966 = CARTESIAN_POINT('',(2.000495992946,-2.399999986962E-06));
#967 = CARTESIAN_POINT('',(2.000495992946,30.358564232166));
#968 = ( GEOMETRIC_REPRESENTATION_CONTEXT(2) 
PARAMETRIC_REPRESENTATION_CONTEXT() REPRESENTATION_CONTEXT('2D SPACE',''
  ) );
#969 = ORIENTED_EDGE('',*,*,#970,.T.);
#970 = EDGE_CURVE('',#950,#928,#971,.T.);
#971 = SURFACE_CURVE('',#972,(#976,#982),.PCURVE_S1.);
#972 = LINE('',#973,#974);
#973 = CARTESIAN_POINT('',(100.,30.,840.));
#974 = VECTOR('',#975,1.);
#975 = DIRECTION('',(0.,-0.5,-0.866025403784));
#976 = PCURVE('',#690,#977);
#977 = DEFINITIONAL_REPRESENTATION('',(#978),#981);
#978 = B_SPLINE_CURVE_WITH_KNOTS('',1,(#979,#980),.UNSPECIFIED.,.F.,.F.,
  (2,2),(-11.,11.),.PIECEWISE_BEZIER_KNOTS.);
#979 = CARTESIAN_POINT('',(9.526279441629,-5.5));
#980 = CARTESIAN_POINT('',(-9.526279441629,5.5));
#981 = ( GEOMETRIC_REPRESENTATION_CONTEXT(2) 
PARAMETRIC_REPRESENTATION_CONTEXT() REPRESENTATION_CONTEXT('2D SPACE',''
  ) );
#982 = PCURVE('',#983,#988);
#983 = PLANE('',#984);
#984 = AXIS2_PLACEMENT_3D('',#985,#986,#987);
#985 = CARTESIAN_POINT('',(90.,30.,840.));
#986 = DIRECTION('',(0.,-0.866025403784,0.5));
#987 = DIRECTION('',(0.,-0.5,-0.866025403784));
#988 = DEFINITIONAL_REPRESENTATION('',(#989),#992);
#989 = B_SPLINE_CURVE_WITH_KNOTS('',1,(#990,#991),.UNSPECIFIED.,.F.,.F.,
  (2,2),(-11.,11.),.PIECEWISE_BEZIER_KNOTS.);
#990 = CARTESIAN_POINT('',(-11.,10.));
#991 = CARTESIAN_POINT('',(11.,10.));
#992 = ( GEOMETRIC_REPRESENTATION_CONTEXT(2) 
PARAMETRIC_REPRESENTATION_CONTEXT() REPRESENTATION_CONTEXT('2D SPACE',''
  ) );
#993 = ADVANCED_FACE('',(#994),#983,.F.);
#994 = FACE_BOUND('',#995,.F.);
#995 = EDGE_LOOP('',(#996,#997));
#996 = ORIENTED_EDGE('',*,*,#970,.T.);
#997 = ORIENTED_EDGE('',*,*,#998,.T.);
#998 = EDGE_CURVE('',#928,#950,#999,.T.);
#999 = SURFACE_CURVE('',#1000,(#1005,#1012),.PCURVE_S1.);
#1000 = CIRCLE('',#1001,11.);
#1001 = AXIS2_PLACEMENT_3D('',#1002,#1003,#1004);
#1002 = CARTESIAN_POINT('',(90.,30.,840.));
#1003 = DIRECTION('',(0.,-0.866025403784,0.5));
#1004 = DIRECTION('',(0.,-0.5,-0.866025403784));
#1005 = PCURVE('',#983,#1006);
#1006 = DEFINITIONAL_REPRESENTATION('',(#1007),#1011);
#1007 = CIRCLE('',#1008,11.);
#1008 = AXIS2_PLACEMENT_2D('',#1009,#1010);
#1009 = CARTESIAN_POINT('',(0.,0.));
#1010 = DIRECTION('',(1.,0.));
#1011 = ( GEOMETRIC_REPRESENTATION_CONTEXT(2) 
PARAMETRIC_REPRESENTATION_CONTEXT() REPRESENTATION_CONTEXT('2D SPACE',''
  ) );
#1012 = PCURVE('',#602,#1013);
#1013 = DEFINITIONAL_REPRESENTATION('',(#1014),#1018);
#1014 = LINE('',#1015,#1016);
#1015 = CARTESIAN_POINT('',(0.,0.));
#1016 = VECTOR('',#1017,1.);
#1017 = DIRECTION('',(1.,0.));
#1018 = ( GEOMETRIC_REPRESENTATION_CONTEXT(2) 
PARAMETRIC_REPRESENTATION_CONTEXT() REPRESENTATION_CONTEXT('2D SPACE',''
  ) );
#1019 = ADVANCED_FACE('',(#1020),#602,.T.);
#1020 = FACE_BOUND('',#1021,.T.);
#1021 = EDGE_LOOP('',(#1022,#1045,#1148,#1149,#1150,#1151,#1152,#1153,
    #1154,#1175,#1272,#1291));
#1022 = ORIENTED_EDGE('',*,*,#1023,.T.);
#1023 = EDGE_CURVE('',#707,#1024,#1026,.T.);
#1024 = VERTEX_POINT('',#1025);
#1025 = CARTESIAN_POINT('',(90.,-346.738478501,1.044808356055E+03));
#1026 = SEAM_CURVE('',#1027,(#1031,#1038),.PCURVE_S1.);
#1027 = LINE('',#1028,#1029);
#1028 = CARTESIAN_POINT('',(90.,24.5,830.47372055837));
#1029 = VECTOR('',#1030,1.);
#1030 = DIRECTION('',(0.,-0.866025403784,0.5));
#1031 = PCURVE('',#602,#1032);
#1032 = DEFINITIONAL_REPRESENTATION('',(#1033),#1037);
#1033 = LINE('',#1034,#1035);
#1034 = CARTESIAN_POINT('',(6.28318530718,-0.));
#1035 = VECTOR('',#1036,1.);
#1036 = DIRECTION('',(0.,1.));
#1037 = ( GEOMETRIC_REPRESENTATION_CONTEXT(2) 
PARAMETRIC_REPRESENTATION_CONTEXT() REPRESENTATION_CONTEXT('2D SPACE',''
  ) );
#1038 = PCURVE('',#602,#1039);
#1039 = DEFINITIONAL_REPRESENTATION('',(#1040),#1044);
#1040 = LINE('',#1041,#1042);
#1041 = CARTESIAN_POINT('',(0.,-0.));
#1042 = VECTOR('',#1043,1.);
#1043 = DIRECTION('',(0.,1.));
#1044 = ( GEOMETRIC_REPRESENTATION_CONTEXT(2) 
PARAMETRIC_REPRESENTATION_CONTEXT() REPRESENTATION_CONTEXT('2D SPACE',''
  ) );
#1045 = ORIENTED_EDGE('',*,*,#1046,.F.);
#1046 = EDGE_CURVE('',#1024,#1024,#1047,.T.);
#1047 = SURFACE_CURVE('',#1048,(#1053,#1060),.PCURVE_S1.);
#1048 = CIRCLE('',#1049,11.);
#1049 = AXIS2_PLACEMENT_3D('',#1050,#1051,#1052);
#1050 = CARTESIAN_POINT('',(90.,-341.238478501,1.054334635496E+03));
#1051 = DIRECTION('',(0.,-0.866025403784,0.5));
#1052 = DIRECTION('',(0.,-0.5,-0.866025403784));
#1053 = PCURVE('',#602,#1054);
#1054 = DEFINITIONAL_REPRESENTATION('',(#1055),#1059);
#1055 = LINE('',#1056,#1057);
#1056 = CARTESIAN_POINT('',(0.,428.66927099229));
#1057 = VECTOR('',#1058,1.);
#1058 = DIRECTION('',(1.,0.));
#1059 = ( GEOMETRIC_REPRESENTATION_CONTEXT(2) 
PARAMETRIC_REPRESENTATION_CONTEXT() REPRESENTATION_CONTEXT('2D SPACE',''
  ) );
#1060 = PCURVE('',#1061,#1066);
#1061 = SPHERICAL_SURFACE('',#1062,24.);
#1062 = AXIS2_PLACEMENT_3D('',#1063,#1064,#1065);
#1063 = CARTESIAN_POINT('',(90.,-359.7114317029,1.065E+03));
#1064 = DIRECTION('',(0.,0.,1.));
#1065 = DIRECTION('',(1.,0.,-0.));
#1066 = DEFINITIONAL_REPRESENTATION('',(#1067),#1147);
#1067 = B_SPLINE_CURVE_WITH_KNOTS('',8,(#1068,#1069,#1070,#1071,#1072,
    #1073,#1074,#1075,#1076,#1077,#1078,#1079,#1080,#1081,#1082,#1083,
    #1084,#1085,#1086,#1087,#1088,#1089,#1090,#1091,#1092,#1093,#1094,
    #1095,#1096,#1097,#1098,#1099,#1100,#1101,#1102,#1103,#1104,#1105,
    #1106,#1107,#1108,#1109,#1110,#1111,#1112,#1113,#1114,#1115,#1116,
    #1117,#1118,#1119,#1120,#1121,#1122,#1123,#1124,#1125,#1126,#1127,
    #1128,#1129,#1130,#1131,#1132,#1133,#1134,#1135,#1136,#1137,#1138,
    #1139,#1140,#1141,#1142,#1143,#1144,#1145,#1146),.UNSPECIFIED.,.T.,
  .F.,(9,7,7,7,7,7,7,7,7,7,7,9),(0.,0.392699081699,0.760854470791,
    1.45114582534,2.05515076057,3.112159397222,3.904915874712,
    4.499483232829,4.945408751416,5.614297029298,5.948741168239,
    6.28318530718),.UNSPECIFIED.);
#1068 = CARTESIAN_POINT('',(1.570796326795,-0.99971783651));
#1069 = CARTESIAN_POINT('',(1.529174251317,-0.99971783651));
#1070 = CARTESIAN_POINT('',(1.487552182301,-0.997695668804));
#1071 = CARTESIAN_POINT('',(1.446497020906,-0.993651374262));
#1072 = CARTESIAN_POINT('',(1.406575870014,-0.987630810909));
#1073 = CARTESIAN_POINT('',(1.368287431977,-0.979726562504));
#1074 = CARTESIAN_POINT('',(1.331993026016,-0.970064188306));
#1075 = CARTESIAN_POINT('',(1.297930937864,-0.958785270499));
#1076 = CARTESIAN_POINT('',(1.236522432339,-0.934086211758));
#1077 = CARTESIAN_POINT('',(1.208889315583,-0.920843955478));
#1078 = CARTESIAN_POINT('',(1.183448494988,-0.906432131961));
#1079 = CARTESIAN_POINT('',(1.160231366049,-0.89097686023));
#1080 = CARTESIAN_POINT('',(1.139208384634,-0.87460068874));
#1081 = CARTESIAN_POINT('',(1.120312092973,-0.857418649688));
#1082 = CARTESIAN_POINT('',(1.10345647911,-0.839537086424));
#1083 = CARTESIAN_POINT('',(1.060586730224,-0.786397680282));
#1084 = CARTESIAN_POINT('',(1.039464084643,-0.749626140593));
#1085 = CARTESIAN_POINT('',(1.024544054706,-0.711384045538));
#1086 = CARTESIAN_POINT('',(1.015076315255,-0.672209471671));
#1087 = CARTESIAN_POINT('',(1.010440838099,-0.632538583629));
#1088 = CARTESIAN_POINT('',(1.010124958315,-0.592748880455));
#1089 = CARTESIAN_POINT('',(1.01371646994,-0.553174189042));
#1090 = CARTESIAN_POINT('',(1.027144220525,-0.479949349983));
#1091 = CARTESIAN_POINT('',(1.036143794072,-0.446176991986));
#1092 = CARTESIAN_POINT('',(1.047650535607,-0.413008997675));
#1093 = CARTESIAN_POINT('',(1.061483171699,-0.380634257295));
#1094 = CARTESIAN_POINT('',(1.077492673344,-0.349232027571));
#1095 = CARTESIAN_POINT('',(1.09555070441,-0.318975865964));
#1096 = CARTESIAN_POINT('',(1.115539122613,-0.290034892814));
#1097 = CARTESIAN_POINT('',(1.175493001265,-0.214512986364));
#1098 = CARTESIAN_POINT('',(1.219197743869,-0.170981387485));
#1099 = CARTESIAN_POINT('',(1.267826888685,-0.132853207818));
#1100 = CARTESIAN_POINT('',(1.32075811817,-0.100949446506));
#1101 = CARTESIAN_POINT('',(1.377244287337,-7.602290965576E-02));
#1102 = CARTESIAN_POINT('',(1.436276022939,-5.866705658769E-02));
#1103 = CARTESIAN_POINT('',(1.496685425387,-4.91969756236E-02));
#1104 = CARTESIAN_POINT('',(1.602747444005,-4.649297031243E-02));
#1105 = CARTESIAN_POINT('',(1.648313631295,-4.979186754387E-02));
#1106 = CARTESIAN_POINT('',(1.693492703846,-5.756483123366E-02));
#1107 = CARTESIAN_POINT('',(1.737781768505,-6.974039246802E-02));
#1108 = CARTESIAN_POINT('',(1.780705057564,-8.615669286002E-02));
#1109 = CARTESIAN_POINT('',(1.8218502529,-0.106577250984));
#1110 = CARTESIAN_POINT('',(1.860865574652,-0.13071596576));
#1111 = CARTESIAN_POINT('',(1.924873505168,-0.17890454657));
#1112 = CARTESIAN_POINT('',(1.950933360969,-0.20146794499));
#1113 = CARTESIAN_POINT('',(1.975490391487,-0.225807347144));
#1114 = CARTESIAN_POINT('',(1.99842763017,-0.251776588601));
#1115 = CARTESIAN_POINT('',(2.019636540995,-0.279222712683));
#1116 = CARTESIAN_POINT('',(2.039009938656,-0.307988212066));
#1117 = CARTESIAN_POINT('',(2.056433142713,-0.337911285561));
#1118 = CARTESIAN_POINT('',(2.083278532955,-0.392008728491));
#1119 = CARTESIAN_POINT('',(2.09361204624,-0.415750073619));
#1120 = CARTESIAN_POINT('',(2.102717885103,-0.43997733392));
#1121 = CARTESIAN_POINT('',(2.110534507073,-0.46461772034));
#1122 = CARTESIAN_POINT('',(2.116992246597,-0.489596048504));
#1123 = CARTESIAN_POINT('',(2.122010752325,-0.514833822658));
#1124 = CARTESIAN_POINT('',(2.125496462766,-0.540247821395));
#1125 = CARTESIAN_POINT('',(2.130105606593,-0.60399873077));
#1126 = CARTESIAN_POINT('',(2.129176486264,-0.642443606879));
#1127 = CARTESIAN_POINT('',(2.124184385269,-0.680779374994));
#1128 = CARTESIAN_POINT('',(2.114681948498,-0.718669504535));
#1129 = CARTESIAN_POINT('',(2.10012931743,-0.755726775449));
#1130 = CARTESIAN_POINT('',(2.079889144401,-0.791498431562));
#1131 = CARTESIAN_POINT('',(2.05325606986,-0.825423502788));
#1132 = CARTESIAN_POINT('',(2.003027643933,-0.87256645813));
#1133 = CARTESIAN_POINT('',(1.984571706962,-0.887656674468));
#1134 = CARTESIAN_POINT('',(1.96434501138,-0.902041555228));
#1135 = CARTESIAN_POINT('',(1.942305593772,-0.915634422967));
#1136 = CARTESIAN_POINT('',(1.918435163462,-0.928343658537));
#1137 = CARTESIAN_POINT('',(1.892753923765,-0.940074697864));
#1138 = CARTESIAN_POINT('',(1.865335087171,-0.950733840437));
#1139 = CARTESIAN_POINT('',(1.807288838935,-0.969734532991));
#1140 = CARTESIAN_POINT('',(1.776661354975,-0.978076078577));
#1141 = CARTESIAN_POINT('',(1.744563068435,-0.985171901613));
#1142 = CARTESIAN_POINT('',(1.711185759813,-0.990941777366));
#1143 = CARTESIAN_POINT('',(1.676789267688,-0.995317726981));
#1144 = CARTESIAN_POINT('',(1.641691568726,-0.998251125653));
#1145 = CARTESIAN_POINT('',(1.606243975752,-0.99971783651));
#1146 = CARTESIAN_POINT('',(1.570796326795,-0.99971783651));
#1147 = ( GEOMETRIC_REPRESENTATION_CONTEXT(2) 
PARAMETRIC_REPRESENTATION_CONTEXT() REPRESENTATION_CONTEXT('2D SPACE',''
  ) );
#1148 = ORIENTED_EDGE('',*,*,#1023,.F.);
#1149 = ORIENTED_EDGE('',*,*,#706,.T.);
#1150 = ORIENTED_EDGE('',*,*,#927,.F.);
#1151 = ORIENTED_EDGE('',*,*,#998,.T.);
#1152 = ORIENTED_EDGE('',*,*,#949,.T.);
#1153 = ORIENTED_EDGE('',*,*,#468,.T.);
#1154 = ORIENTED_EDGE('',*,*,#1155,.F.);
#1155 = EDGE_CURVE('',#1156,#435,#1158,.T.);
#1156 = VERTEX_POINT('',#1157);
#1157 = CARTESIAN_POINT('',(80.,20.834848610088,850.58300524425));
#1158 = SURFACE_CURVE('',#1159,(#1163,#1169),.PCURVE_S1.);
#1159 = LINE('',#1160,#1161);
#1160 = CARTESIAN_POINT('',(80.,32.291287847478,843.96862696659));
#1161 = VECTOR('',#1162,1.);
#1162 = DIRECTION('',(0.,-0.866025403784,0.5));
#1163 = PCURVE('',#602,#1164);
#1164 = DEFINITIONAL_REPRESENTATION('',(#1165),#1168);
#1165 = B_SPLINE_CURVE_WITH_KNOTS('',1,(#1166,#1167),.UNSPECIFIED.,.F.,
  .F.,(2,2),(-2.399999967866E-06,30.358564232166),
  .PIECEWISE_BEZIER_KNOTS.);
#1166 = CARTESIAN_POINT('',(4.282689314233,-2.399999986962E-06));
#1167 = CARTESIAN_POINT('',(4.282689314233,30.358564232166));
#1168 = ( GEOMETRIC_REPRESENTATION_CONTEXT(2) 
PARAMETRIC_REPRESENTATION_CONTEXT() REPRESENTATION_CONTEXT('2D SPACE',''
  ) );
#1169 = PCURVE('',#456,#1170);
#1170 = DEFINITIONAL_REPRESENTATION('',(#1171),#1174);
#1171 = B_SPLINE_CURVE_WITH_KNOTS('',1,(#1172,#1173),.UNSPECIFIED.,.F.,
  .F.,(2,2),(-2.399999967866E-06,30.358564232166),
  .PIECEWISE_BEZIER_KNOTS.);
#1172 = CARTESIAN_POINT('',(3.968625766597,-2.291289925939));
#1173 = CARTESIAN_POINT('',(19.14790908268,24.));
#1174 = ( GEOMETRIC_REPRESENTATION_CONTEXT(2) 
PARAMETRIC_REPRESENTATION_CONTEXT() REPRESENTATION_CONTEXT('2D SPACE',''
  ) );
#1175 = ORIENTED_EDGE('',*,*,#1176,.T.);
#1176 = EDGE_CURVE('',#1156,#1177,#1179,.T.);
#1177 = VERTEX_POINT('',#1178);
#1178 = CARTESIAN_POINT('',(80.,16.252272915133,842.64575131106));
#1179 = SURFACE_CURVE('',#1180,(#1207,#1237),.PCURVE_S1.);
#1180 = B_SPLINE_CURVE_WITH_KNOTS('',5,(#1181,#1182,#1183,#1184,#1185,
    #1186,#1187,#1188,#1189,#1190,#1191,#1192,#1193,#1194,#1195,#1196,
    #1197,#1198,#1199,#1200,#1201,#1202,#1203,#1204,#1205,#1206),
  .UNSPECIFIED.,.F.,.F.,(6,4,4,4,4,4,6),(0.,0.203213206267,
    0.302897911002,0.50042361677,0.695530545336,0.796418488538,1.),
  .UNSPECIFIED.);
#1181 = CARTESIAN_POINT('',(80.000002399999,20.834852799868,
    850.58300887271));
#1182 = CARTESIAN_POINT('',(79.854897262142,20.58153673221,
    850.36363089843));
#1183 = CARTESIAN_POINT('',(79.718999986201,20.327010630463,
    850.12994142011));
#1184 = CARTESIAN_POINT('',(79.593780881471,20.072541848104,
    849.88140922618));
#1185 = CARTESIAN_POINT('',(79.480747756316,19.819493423036,
    849.61758701538));
#1186 = CARTESIAN_POINT('',(79.332760838795,19.446574844142,
    849.20103651677));
#1187 = CARTESIAN_POINT('',(79.28738225591,19.324573807737,
    849.06022942115));
#1188 = CARTESIAN_POINT('',(79.245544937128,19.203562261645,
    848.91577022955));
#1189 = CARTESIAN_POINT('',(79.207444311897,19.083789122881,
    848.7677412816));
#1190 = CARTESIAN_POINT('',(79.10550686012,18.731081041023,
    848.31604071156));
#1191 = CARTESIAN_POINT('',(79.053057433381,18.502262502087,
    848.00195541382));
#1192 = CARTESIAN_POINT('',(79.017556253536,18.281738707311,
    847.67578841703));
#1193 = CARTESIAN_POINT('',(78.999849157303,18.071649504088,
    847.3397279291));
#1194 = CARTESIAN_POINT('',(79.000150595414,17.677858268829,
    846.65718781361));
#1195 = CARTESIAN_POINT('',(79.017724150558,17.494214003727,
    846.31149173354));
#1196 = CARTESIAN_POINT('',(79.052653726635,17.324016040047,
    845.96180869126));
#1197 = CARTESIAN_POINT('',(79.104125899153,17.168064009851,
    845.61098288809));
#1198 = CARTESIAN_POINT('',(79.20491209734,16.953406236442,
    845.08175973636));
#1199 = CARTESIAN_POINT('',(79.243278975211,16.884077416762,
    844.90183356012));
#1200 = CARTESIAN_POINT('',(79.285480714015,16.818551163741,
    844.72262694199));
#1201 = CARTESIAN_POINT('',(79.331314898236,16.756773206769,
    844.54440709631));
#1202 = CARTESIAN_POINT('',(79.479920659084,16.581418672433,
    844.01035370546));
#1203 = CARTESIAN_POINT('',(79.593093414541,16.479202829956,
    843.65861880803));
#1204 = CARTESIAN_POINT('',(79.718502696448,16.390993578615,
    843.31331797775));
#1205 = CARTESIAN_POINT('',(79.854632044276,16.315716482813,
    842.97541446224));
#1206 = CARTESIAN_POINT('',(80.000002399974,16.252271867711,
    842.64574586849));
#1207 = PCURVE('',#602,#1208);
#1208 = DEFINITIONAL_REPRESENTATION('',(#1209),#1236);
#1209 = B_SPLINE_CURVE_WITH_KNOTS('',5,(#1210,#1211,#1212,#1213,#1214,
    #1215,#1216,#1217,#1218,#1219,#1220,#1221,#1222,#1223,#1224,#1225,
    #1226,#1227,#1228,#1229,#1230,#1231,#1232,#1233,#1234,#1235),
  .UNSPECIFIED.,.F.,.F.,(6,4,4,4,4,4,6),(0.,0.203213206267,
    0.302897911002,0.50042361677,0.695530545336,0.796418488538,1.),
  .UNSPECIFIED.);
#1210 = CARTESIAN_POINT('',(4.282688790511,13.228754741094));
#1211 = CARTESIAN_POINT('',(4.314353291369,13.338443903735));
#1212 = CARTESIAN_POINT('',(4.34674336613,13.442025234612));
#1213 = CARTESIAN_POINT('',(4.37985518388,13.53813556764));
#1214 = CARTESIAN_POINT('',(4.413691460105,13.625370826739));
#1215 = CARTESIAN_POINT('',(4.46522423205,13.740052540299));
#1216 = CARTESIAN_POINT('',(4.482355630867,13.775304989301));
#1217 = CARTESIAN_POINT('',(4.499647335489,13.807874466571));
#1218 = CARTESIAN_POINT('',(4.51708882831,13.837586573457));
#1219 = CARTESIAN_POINT('',(4.569508847142,13.917190447445));
#1220 = CARTESIAN_POINT('',(4.604927140877,13.958310466152));
#1221 = CARTESIAN_POINT('',(4.640726223038,13.986206176168));
#1222 = CARTESIAN_POINT('',(4.676733014528,14.000118519258));
#1223 = CARTESIAN_POINT('',(4.748368719474,13.999881675035));
#1224 = CARTESIAN_POINT('',(4.783933301482,13.986074233835));
#1225 = CARTESIAN_POINT('',(4.819295164734,13.958628472917));
#1226 = CARTESIAN_POINT('',(4.854286906056,13.918273991252));
#1227 = CARTESIAN_POINT('',(4.906519483959,13.839561500281));
#1228 = CARTESIAN_POINT('',(4.924179613549,13.809638931217));
#1229 = CARTESIAN_POINT('',(4.941686770344,13.776783021882));
#1230 = CARTESIAN_POINT('',(4.959029959813,13.741174379172));
#1231 = CARTESIAN_POINT('',(5.010838801286,13.626009165155));
#1232 = CARTESIAN_POINT('',(5.0447409569,13.538663232694));
#1233 = CARTESIAN_POINT('',(5.077916070814,13.442404270061));
#1234 = CARTESIAN_POINT('',(5.110366794177,13.338644389595));
#1235 = CARTESIAN_POINT('',(5.142089170247,13.228754741133));
#1236 = ( GEOMETRIC_REPRESENTATION_CONTEXT(2) 
PARAMETRIC_REPRESENTATION_CONTEXT() REPRESENTATION_CONTEXT('2D SPACE',''
  ) );
#1237 = PCURVE('',#1238,#1243);
#1238 = CYLINDRICAL_SURFACE('',#1239,14.);
#1239 = AXIS2_PLACEMENT_3D('',#1240,#1241,#1242);
#1240 = CARTESIAN_POINT('',(-75.,30.,840.));
#1241 = DIRECTION('',(1.,0.,0.));
#1242 = DIRECTION('',(-0.,0.,1.));
#1243 = DEFINITIONAL_REPRESENTATION('',(#1244),#1271);
#1244 = B_SPLINE_CURVE_WITH_KNOTS('',5,(#1245,#1246,#1247,#1248,#1249,
    #1250,#1251,#1252,#1253,#1254,#1255,#1256,#1257,#1258,#1259,#1260,
    #1261,#1262,#1263,#1264,#1265,#1266,#1267,#1268,#1269,#1270),
  .UNSPECIFIED.,.F.,.F.,(6,4,4,4,4,4,6),(0.,0.203213206267,
    0.302897911002,0.50042361677,0.695530545336,0.796418488538,1.),
  .UNSPECIFIED.);
#1245 = CARTESIAN_POINT('',(0.713723983048,155.0000024));
#1246 = CARTESIAN_POINT('',(0.737660093345,154.85489726214));
#1247 = CARTESIAN_POINT('',(0.762330759461,154.7189999862));
#1248 = CARTESIAN_POINT('',(0.787720957536,154.59378088147));
#1249 = CARTESIAN_POINT('',(0.813817115536,154.48074775631));
#1250 = CARTESIAN_POINT('',(0.853752176622,154.33276083879));
#1251 = CARTESIAN_POINT('',(0.86705817241,154.28738225591));
#1252 = CARTESIAN_POINT('',(0.880516138783,154.24554493712));
#1253 = CARTESIAN_POINT('',(0.894115216156,154.20744431189));
#1254 = CARTESIAN_POINT('',(0.935050480879,154.10550686012));
#1255 = CARTESIAN_POINT('',(0.962791984449,154.05305743338));
#1256 = CARTESIAN_POINT('',(0.990890922895,154.01755625353));
#1257 = CARTESIAN_POINT('',(1.019182150242,153.9998491573));
#1258 = CARTESIAN_POINT('',(1.075467345409,154.00015059541));
#1259 = CARTESIAN_POINT('',(1.103410754141,154.01772415055));
#1260 = CARTESIAN_POINT('',(1.13116648852,154.05265372663));
#1261 = CARTESIAN_POINT('',(1.158574943646,154.10412589915));
#1262 = CARTESIAN_POINT('',(1.199367794161,154.20491209734));
#1263 = CARTESIAN_POINT('',(1.21313858806,154.24327897521));
#1264 = CARTESIAN_POINT('',(1.226765293806,154.28548071401));
#1265 = CARTESIAN_POINT('',(1.240236575412,154.33131489823));
#1266 = CARTESIAN_POINT('',(1.280386945641,154.47992065908));
#1267 = CARTESIAN_POINT('',(1.306534723375,154.59309341458));
#1268 = CARTESIAN_POINT('',(1.331974066476,154.71850269637));
#1269 = CARTESIAN_POINT('',(1.356691259496,154.8546320443));
#1270 = CARTESIAN_POINT('',(1.380671119337,155.0000024));
#1271 = ( GEOMETRIC_REPRESENTATION_CONTEXT(2) 
PARAMETRIC_REPRESENTATION_CONTEXT() REPRESENTATION_CONTEXT('2D SPACE',''
  ) );
#1272 = ORIENTED_EDGE('',*,*,#1273,.T.);
#1273 = EDGE_CURVE('',#1177,#433,#1274,.T.);
#1274 = SURFACE_CURVE('',#1275,(#1279,#1285),.PCURVE_S1.);
#1275 = LINE('',#1276,#1277);
#1276 = CARTESIAN_POINT('',(80.,27.708712152522,836.0313730334));
#1277 = VECTOR('',#1278,1.);
#1278 = DIRECTION('',(0.,-0.866025403784,0.5));
#1279 = PCURVE('',#602,#1280);
#1280 = DEFINITIONAL_REPRESENTATION('',(#1281),#1284);
#1281 = B_SPLINE_CURVE_WITH_KNOTS('',1,(#1282,#1283),.UNSPECIFIED.,.F.,
  .F.,(2,2),(-2.400000021633E-06,25.067061610038),
  .PIECEWISE_BEZIER_KNOTS.);
#1282 = CARTESIAN_POINT('',(5.142088646536,-2.399999999429E-06));
#1283 = CARTESIAN_POINT('',(5.142088646536,25.067061610038));
#1284 = ( GEOMETRIC_REPRESENTATION_CONTEXT(2) 
PARAMETRIC_REPRESENTATION_CONTEXT() REPRESENTATION_CONTEXT('2D SPACE',''
  ) );
#1285 = PCURVE('',#456,#1286);
#1286 = DEFINITIONAL_REPRESENTATION('',(#1287),#1290);
#1287 = B_SPLINE_CURVE_WITH_KNOTS('',1,(#1288,#1289),.UNSPECIFIED.,.F.,
  .F.,(2,2),(-2.400000021633E-06,25.067061610038),
  .PIECEWISE_BEZIER_KNOTS.);
#1288 = CARTESIAN_POINT('',(-3.968628166597,2.291285769017));
#1289 = CARTESIAN_POINT('',(8.564903838422,24.));
#1290 = ( GEOMETRIC_REPRESENTATION_CONTEXT(2) 
PARAMETRIC_REPRESENTATION_CONTEXT() REPRESENTATION_CONTEXT('2D SPACE',''
  ) );
#1291 = ORIENTED_EDGE('',*,*,#816,.T.);
#1292 = ADVANCED_FACE('',(#1293,#1297),#1061,.T.);
#1293 = FACE_BOUND('',#1294,.T.);
#1294 = VERTEX_LOOP('',#1295);
#1295 = VERTEX_POINT('',#1296);
#1296 = CARTESIAN_POINT('',(90.,-359.7114317029,1.089E+03));
#1297 = FACE_BOUND('',#1298,.T.);
#1298 = EDGE_LOOP('',(#1299));
#1299 = ORIENTED_EDGE('',*,*,#1046,.T.);
#1300 = ADVANCED_FACE('',(#1301),#1238,.T.);
#1301 = FACE_BOUND('',#1302,.T.);
#1302 = EDGE_LOOP('',(#1303,#1332,#1355,#1377,#1378,#1400));
#1303 = ORIENTED_EDGE('',*,*,#1304,.T.);
#1304 = EDGE_CURVE('',#1305,#1305,#1307,.T.);
#1305 = VERTEX_POINT('',#1306);
#1306 = CARTESIAN_POINT('',(55.,30.,854.));
#1307 = SURFACE_CURVE('',#1308,(#1313,#1320),.PCURVE_S1.);
#1308 = CIRCLE('',#1309,14.);
#1309 = AXIS2_PLACEMENT_3D('',#1310,#1311,#1312);
#1310 = CARTESIAN_POINT('',(55.,30.,840.));
#1311 = DIRECTION('',(1.,0.,0.));
#1312 = DIRECTION('',(-0.,0.,1.));
#1313 = PCURVE('',#1238,#1314);
#1314 = DEFINITIONAL_REPRESENTATION('',(#1315),#1319);
#1315 = LINE('',#1316,#1317);
#1316 = CARTESIAN_POINT('',(0.,130.));
#1317 = VECTOR('',#1318,1.);
#1318 = DIRECTION('',(1.,0.));
#1319 = ( GEOMETRIC_REPRESENTATION_CONTEXT(2) 
PARAMETRIC_REPRESENTATION_CONTEXT() REPRESENTATION_CONTEXT('2D SPACE',''
  ) );
#1320 = PCURVE('',#1321,#1326);
#1321 = PLANE('',#1322);
#1322 = AXIS2_PLACEMENT_3D('',#1323,#1324,#1325);
#1323 = CARTESIAN_POINT('',(55.,-45.,770.));
#1324 = DIRECTION('',(1.,0.,-0.));
#1325 = DIRECTION('',(0.,0.,1.));
#1326 = DEFINITIONAL_REPRESENTATION('',(#1327),#1331);
#1327 = CIRCLE('',#1328,14.);
#1328 = AXIS2_PLACEMENT_2D('',#1329,#1330);
#1329 = CARTESIAN_POINT('',(70.,-75.));
#1330 = DIRECTION('',(1.,0.));
#1331 = ( GEOMETRIC_REPRESENTATION_CONTEXT(2) 
PARAMETRIC_REPRESENTATION_CONTEXT() REPRESENTATION_CONTEXT('2D SPACE',''
  ) );
#1332 = ORIENTED_EDGE('',*,*,#1333,.T.);
#1333 = EDGE_CURVE('',#1305,#1334,#1336,.T.);
#1334 = VERTEX_POINT('',#1335);
#1335 = CARTESIAN_POINT('',(80.,30.,854.));
#1336 = SEAM_CURVE('',#1337,(#1341,#1348),.PCURVE_S1.);
#1337 = LINE('',#1338,#1339);
#1338 = CARTESIAN_POINT('',(-75.,30.,854.));
#1339 = VECTOR('',#1340,1.);
#1340 = DIRECTION('',(1.,0.,0.));
#1341 = PCURVE('',#1238,#1342);
#1342 = DEFINITIONAL_REPRESENTATION('',(#1343),#1347);
#1343 = LINE('',#1344,#1345);
#1344 = CARTESIAN_POINT('',(0.,-0.));
#1345 = VECTOR('',#1346,1.);
#1346 = DIRECTION('',(0.,1.));
#1347 = ( GEOMETRIC_REPRESENTATION_CONTEXT(2) 
PARAMETRIC_REPRESENTATION_CONTEXT() REPRESENTATION_CONTEXT('2D SPACE',''
  ) );
#1348 = PCURVE('',#1238,#1349);
#1349 = DEFINITIONAL_REPRESENTATION('',(#1350),#1354);
#1350 = LINE('',#1351,#1352);
#1351 = CARTESIAN_POINT('',(6.28318530718,-0.));
#1352 = VECTOR('',#1353,1.);
#1353 = DIRECTION('',(0.,1.));
#1354 = ( GEOMETRIC_REPRESENTATION_CONTEXT(2) 
PARAMETRIC_REPRESENTATION_CONTEXT() REPRESENTATION_CONTEXT('2D SPACE',''
  ) );
#1355 = ORIENTED_EDGE('',*,*,#1356,.F.);
#1356 = EDGE_CURVE('',#1177,#1334,#1357,.T.);
#1357 = SURFACE_CURVE('',#1358,(#1363,#1370),.PCURVE_S1.);
#1358 = CIRCLE('',#1359,14.);
#1359 = AXIS2_PLACEMENT_3D('',#1360,#1361,#1362);
#1360 = CARTESIAN_POINT('',(80.,30.,840.));
#1361 = DIRECTION('',(1.,0.,0.));
#1362 = DIRECTION('',(-0.,0.,1.));
#1363 = PCURVE('',#1238,#1364);
#1364 = DEFINITIONAL_REPRESENTATION('',(#1365),#1369);
#1365 = LINE('',#1366,#1367);
#1366 = CARTESIAN_POINT('',(0.,155.));
#1367 = VECTOR('',#1368,1.);
#1368 = DIRECTION('',(1.,0.));
#1369 = ( GEOMETRIC_REPRESENTATION_CONTEXT(2) 
PARAMETRIC_REPRESENTATION_CONTEXT() REPRESENTATION_CONTEXT('2D SPACE',''
  ) );
#1370 = PCURVE('',#456,#1371);
#1371 = DEFINITIONAL_REPRESENTATION('',(#1372),#1376);
#1372 = CIRCLE('',#1373,14.);
#1373 = AXIS2_PLACEMENT_2D('',#1374,#1375);
#1374 = CARTESIAN_POINT('',(0.,0.));
#1375 = DIRECTION('',(1.,0.));
#1376 = ( GEOMETRIC_REPRESENTATION_CONTEXT(2) 
PARAMETRIC_REPRESENTATION_CONTEXT() REPRESENTATION_CONTEXT('2D SPACE',''
  ) );
#1377 = ORIENTED_EDGE('',*,*,#1176,.F.);
#1378 = ORIENTED_EDGE('',*,*,#1379,.F.);
#1379 = EDGE_CURVE('',#1334,#1156,#1380,.T.);
#1380 = SURFACE_CURVE('',#1381,(#1386,#1393),.PCURVE_S1.);
#1381 = CIRCLE('',#1382,14.);
#1382 = AXIS2_PLACEMENT_3D('',#1383,#1384,#1385);
#1383 = CARTESIAN_POINT('',(80.,30.,840.));
#1384 = DIRECTION('',(1.,0.,0.));
#1385 = DIRECTION('',(-0.,0.,1.));
#1386 = PCURVE('',#1238,#1387);
#1387 = DEFINITIONAL_REPRESENTATION('',(#1388),#1392);
#1388 = LINE('',#1389,#1390);
#1389 = CARTESIAN_POINT('',(0.,155.));
#1390 = VECTOR('',#1391,1.);
#1391 = DIRECTION('',(1.,0.));
#1392 = ( GEOMETRIC_REPRESENTATION_CONTEXT(2) 
PARAMETRIC_REPRESENTATION_CONTEXT() REPRESENTATION_CONTEXT('2D SPACE',''
  ) );
#1393 = PCURVE('',#456,#1394);
#1394 = DEFINITIONAL_REPRESENTATION('',(#1395),#1399);
#1395 = CIRCLE('',#1396,14.);
#1396 = AXIS2_PLACEMENT_2D('',#1397,#1398);
#1397 = CARTESIAN_POINT('',(0.,0.));
#1398 = DIRECTION('',(1.,0.));
#1399 = ( GEOMETRIC_REPRESENTATION_CONTEXT(2) 
PARAMETRIC_REPRESENTATION_CONTEXT() REPRESENTATION_CONTEXT('2D SPACE',''
  ) );
#1400 = ORIENTED_EDGE('',*,*,#1333,.F.);
#1401 = ADVANCED_FACE('',(#1402,#1516),#1321,.T.);
#1402 = FACE_BOUND('',#1403,.T.);
#1403 = EDGE_LOOP('',(#1404,#1434,#1462,#1490));
#1404 = ORIENTED_EDGE('',*,*,#1405,.F.);
#1405 = EDGE_CURVE('',#1406,#1408,#1410,.T.);
#1406 = VERTEX_POINT('',#1407);
#1407 = CARTESIAN_POINT('',(55.,-45.,770.));
#1408 = VERTEX_POINT('',#1409);
#1409 = CARTESIAN_POINT('',(55.,-45.,910.));
#1410 = SURFACE_CURVE('',#1411,(#1415,#1422),.PCURVE_S1.);
#1411 = LINE('',#1412,#1413);
#1412 = CARTESIAN_POINT('',(55.,-45.,770.));
#1413 = VECTOR('',#1414,1.);
#1414 = DIRECTION('',(0.,0.,1.));
#1415 = PCURVE('',#1321,#1416);
#1416 = DEFINITIONAL_REPRESENTATION('',(#1417),#1421);
#1417 = LINE('',#1418,#1419);
#1418 = CARTESIAN_POINT('',(0.,0.));
#1419 = VECTOR('',#1420,1.);
#1420 = DIRECTION('',(1.,0.));
#1421 = ( GEOMETRIC_REPRESENTATION_CONTEXT(2) 
PARAMETRIC_REPRESENTATION_CONTEXT() REPRESENTATION_CONTEXT('2D SPACE',''
  ) );
#1422 = PCURVE('',#1423,#1428);
#1423 = PLANE('',#1424);
#1424 = AXIS2_PLACEMENT_3D('',#1425,#1426,#1427);
#1425 = CARTESIAN_POINT('',(-55.,-45.,770.));
#1426 = DIRECTION('',(-0.,1.,0.));
#1427 = DIRECTION('',(0.,0.,1.));
#1428 = DEFINITIONAL_REPRESENTATION('',(#1429),#1433);
#1429 = LINE('',#1430,#1431);
#1430 = CARTESIAN_POINT('',(0.,110.));
#1431 = VECTOR('',#1432,1.);
#1432 = DIRECTION('',(1.,0.));
#1433 = ( GEOMETRIC_REPRESENTATION_CONTEXT(2) 
PARAMETRIC_REPRESENTATION_CONTEXT() REPRESENTATION_CONTEXT('2D SPACE',''
  ) );
#1434 = ORIENTED_EDGE('',*,*,#1435,.T.);
#1435 = EDGE_CURVE('',#1406,#1436,#1438,.T.);
#1436 = VERTEX_POINT('',#1437);
#1437 = CARTESIAN_POINT('',(55.,95.,770.));
#1438 = SURFACE_CURVE('',#1439,(#1443,#1450),.PCURVE_S1.);
#1439 = LINE('',#1440,#1441);
#1440 = CARTESIAN_POINT('',(55.,-45.,770.));
#1441 = VECTOR('',#1442,1.);
#1442 = DIRECTION('',(-0.,1.,0.));
#1443 = PCURVE('',#1321,#1444);
#1444 = DEFINITIONAL_REPRESENTATION('',(#1445),#1449);
#1445 = LINE('',#1446,#1447);
#1446 = CARTESIAN_POINT('',(0.,0.));
#1447 = VECTOR('',#1448,1.);
#1448 = DIRECTION('',(0.,-1.));
#1449 = ( GEOMETRIC_REPRESENTATION_CONTEXT(2) 
PARAMETRIC_REPRESENTATION_CONTEXT() REPRESENTATION_CONTEXT('2D SPACE',''
  ) );
#1450 = PCURVE('',#1451,#1456);
#1451 = PLANE('',#1452);
#1452 = AXIS2_PLACEMENT_3D('',#1453,#1454,#1455);
#1453 = CARTESIAN_POINT('',(-55.,-45.,770.));
#1454 = DIRECTION('',(0.,0.,1.));
#1455 = DIRECTION('',(1.,0.,-0.));
#1456 = DEFINITIONAL_REPRESENTATION('',(#1457),#1461);
#1457 = LINE('',#1458,#1459);
#1458 = CARTESIAN_POINT('',(110.,0.));
#1459 = VECTOR('',#1460,1.);
#1460 = DIRECTION('',(0.,1.));
#1461 = ( GEOMETRIC_REPRESENTATION_CONTEXT(2) 
PARAMETRIC_REPRESENTATION_CONTEXT() REPRESENTATION_CONTEXT('2D SPACE',''
  ) );
#1462 = ORIENTED_EDGE('',*,*,#1463,.T.);
#1463 = EDGE_CURVE('',#1436,#1464,#1466,.T.);
#1464 = VERTEX_POINT('',#1465);
#1465 = CARTESIAN_POINT('',(55.,95.,910.));
#1466 = SURFACE_CURVE('',#1467,(#1471,#1478),.PCURVE_S1.);
#1467 = LINE('',#1468,#1469);
#1468 = CARTESIAN_POINT('',(55.,95.,770.));
#1469 = VECTOR('',#1470,1.);
#1470 = DIRECTION('',(0.,0.,1.));
#1471 = PCURVE('',#1321,#1472);
#1472 = DEFINITIONAL_REPRESENTATION('',(#1473),#1477);
#1473 = LINE('',#1474,#1475);
#1474 = CARTESIAN_POINT('',(0.,-140.));
#1475 = VECTOR('',#1476,1.);
#1476 = DIRECTION('',(1.,0.));
#1477 = ( GEOMETRIC_REPRESENTATION_CONTEXT(2) 
PARAMETRIC_REPRESENTATION_CONTEXT() REPRESENTATION_CONTEXT('2D SPACE',''
  ) );
#1478 = PCURVE('',#1479,#1484);
#1479 = PLANE('',#1480);
#1480 = AXIS2_PLACEMENT_3D('',#1481,#1482,#1483);
#1481 = CARTESIAN_POINT('',(-55.,95.,770.));
#1482 = DIRECTION('',(-0.,1.,0.));
#1483 = DIRECTION('',(0.,0.,1.));
#1484 = DEFINITIONAL_REPRESENTATION('',(#1485),#1489);
#1485 = LINE('',#1486,#1487);
#1486 = CARTESIAN_POINT('',(0.,110.));
#1487 = VECTOR('',#1488,1.);
#1488 = DIRECTION('',(1.,0.));
#1489 = ( GEOMETRIC_REPRESENTATION_CONTEXT(2) 
PARAMETRIC_REPRESENTATION_CONTEXT() REPRESENTATION_CONTEXT('2D SPACE',''
  ) );
#1490 = ORIENTED_EDGE('',*,*,#1491,.F.);
#1491 = EDGE_CURVE('',#1408,#1464,#1492,.T.);
#1492 = SURFACE_CURVE('',#1493,(#1497,#1504),.PCURVE_S1.);
#1493 = LINE('',#1494,#1495);
#1494 = CARTESIAN_POINT('',(55.,-45.,910.));
#1495 = VECTOR('',#1496,1.);
#1496 = DIRECTION('',(-0.,1.,0.));
#1497 = PCURVE('',#1321,#1498);
#1498 = DEFINITIONAL_REPRESENTATION('',(#1499),#1503);
#1499 = LINE('',#1500,#1501);
#1500 = CARTESIAN_POINT('',(140.,0.));
#1501 = VECTOR('',#1502,1.);
#1502 = DIRECTION('',(0.,-1.));
#1503 = ( GEOMETRIC_REPRESENTATION_CONTEXT(2) 
PARAMETRIC_REPRESENTATION_CONTEXT() REPRESENTATION_CONTEXT('2D SPACE',''
  ) );
#1504 = PCURVE('',#1505,#1510);
#1505 = PLANE('',#1506);
#1506 = AXIS2_PLACEMENT_3D('',#1507,#1508,#1509);
#1507 = CARTESIAN_POINT('',(-40.,65.,910.));
#1508 = DIRECTION('',(0.,0.,1.));
#1509 = DIRECTION('',(1.,0.,-0.));
#1510 = DEFINITIONAL_REPRESENTATION('',(#1511),#1515);
#1511 = LINE('',#1512,#1513);
#1512 = CARTESIAN_POINT('',(95.,-110.));
#1513 = VECTOR('',#1514,1.);
#1514 = DIRECTION('',(0.,1.));
#1515 = ( GEOMETRIC_REPRESENTATION_CONTEXT(2) 
PARAMETRIC_REPRESENTATION_CONTEXT() REPRESENTATION_CONTEXT('2D SPACE',''
  ) );
#1516 = FACE_BOUND('',#1517,.T.);
#1517 = EDGE_LOOP('',(#1518));
#1518 = ORIENTED_EDGE('',*,*,#1304,.F.);
#1519 = ADVANCED_FACE('',(#1520),#1479,.T.);
#1520 = FACE_BOUND('',#1521,.T.);
#1521 = EDGE_LOOP('',(#1522,#1545,#1571,#1592));
#1522 = ORIENTED_EDGE('',*,*,#1523,.F.);
#1523 = EDGE_CURVE('',#1524,#1436,#1526,.T.);
#1524 = VERTEX_POINT('',#1525);
#1525 = CARTESIAN_POINT('',(40.,95.,770.));
#1526 = SURFACE_CURVE('',#1527,(#1531,#1538),.PCURVE_S1.);
#1527 = LINE('',#1528,#1529);
#1528 = CARTESIAN_POINT('',(-55.,95.,770.));
#1529 = VECTOR('',#1530,1.);
#1530 = DIRECTION('',(1.,0.,-0.));
#1531 = PCURVE('',#1479,#1532);
#1532 = DEFINITIONAL_REPRESENTATION('',(#1533),#1537);
#1533 = LINE('',#1534,#1535);
#1534 = CARTESIAN_POINT('',(0.,0.));
#1535 = VECTOR('',#1536,1.);
#1536 = DIRECTION('',(0.,1.));
#1537 = ( GEOMETRIC_REPRESENTATION_CONTEXT(2) 
PARAMETRIC_REPRESENTATION_CONTEXT() REPRESENTATION_CONTEXT('2D SPACE',''
  ) );
#1538 = PCURVE('',#1451,#1539);
#1539 = DEFINITIONAL_REPRESENTATION('',(#1540),#1544);
#1540 = LINE('',#1541,#1542);
#1541 = CARTESIAN_POINT('',(0.,140.));
#1542 = VECTOR('',#1543,1.);
#1543 = DIRECTION('',(1.,0.));
#1544 = ( GEOMETRIC_REPRESENTATION_CONTEXT(2) 
PARAMETRIC_REPRESENTATION_CONTEXT() REPRESENTATION_CONTEXT('2D SPACE',''
  ) );
#1545 = ORIENTED_EDGE('',*,*,#1546,.T.);
#1546 = EDGE_CURVE('',#1524,#1547,#1549,.T.);
#1547 = VERTEX_POINT('',#1548);
#1548 = CARTESIAN_POINT('',(40.,95.,910.));
#1549 = SURFACE_CURVE('',#1550,(#1554,#1560),.PCURVE_S1.);
#1550 = LINE('',#1551,#1552);
#1551 = CARTESIAN_POINT('',(40.,95.,391.));
#1552 = VECTOR('',#1553,1.);
#1553 = DIRECTION('',(0.,0.,1.));
#1554 = PCURVE('',#1479,#1555);
#1555 = DEFINITIONAL_REPRESENTATION('',(#1556),#1559);
#1556 = B_SPLINE_CURVE_WITH_KNOTS('',1,(#1557,#1558),.UNSPECIFIED.,.F.,
  .F.,(2,2),(379.,519.),.PIECEWISE_BEZIER_KNOTS.);
#1557 = CARTESIAN_POINT('',(0.,95.));
#1558 = CARTESIAN_POINT('',(140.,95.));
#1559 = ( GEOMETRIC_REPRESENTATION_CONTEXT(2) 
PARAMETRIC_REPRESENTATION_CONTEXT() REPRESENTATION_CONTEXT('2D SPACE',''
  ) );
#1560 = PCURVE('',#1561,#1566);
#1561 = PLANE('',#1562);
#1562 = AXIS2_PLACEMENT_3D('',#1563,#1564,#1565);
#1563 = CARTESIAN_POINT('',(40.,65.,12.));
#1564 = DIRECTION('',(1.,0.,-0.));
#1565 = DIRECTION('',(0.,0.,1.));
#1566 = DEFINITIONAL_REPRESENTATION('',(#1567),#1570);
#1567 = B_SPLINE_CURVE_WITH_KNOTS('',1,(#1568,#1569),.UNSPECIFIED.,.F.,
  .F.,(2,2),(379.,519.),.PIECEWISE_BEZIER_KNOTS.);
#1568 = CARTESIAN_POINT('',(758.,-30.));
#1569 = CARTESIAN_POINT('',(898.,-30.));
#1570 = ( GEOMETRIC_REPRESENTATION_CONTEXT(2) 
PARAMETRIC_REPRESENTATION_CONTEXT() REPRESENTATION_CONTEXT('2D SPACE',''
  ) );
#1571 = ORIENTED_EDGE('',*,*,#1572,.T.);
#1572 = EDGE_CURVE('',#1547,#1464,#1573,.T.);
#1573 = SURFACE_CURVE('',#1574,(#1578,#1585),.PCURVE_S1.);
#1574 = LINE('',#1575,#1576);
#1575 = CARTESIAN_POINT('',(-55.,95.,910.));
#1576 = VECTOR('',#1577,1.);
#1577 = DIRECTION('',(1.,0.,-0.));
#1578 = PCURVE('',#1479,#1579);
#1579 = DEFINITIONAL_REPRESENTATION('',(#1580),#1584);
#1580 = LINE('',#1581,#1582);
#1581 = CARTESIAN_POINT('',(140.,0.));
#1582 = VECTOR('',#1583,1.);
#1583 = DIRECTION('',(0.,1.));
#1584 = ( GEOMETRIC_REPRESENTATION_CONTEXT(2) 
PARAMETRIC_REPRESENTATION_CONTEXT() REPRESENTATION_CONTEXT('2D SPACE',''
  ) );
#1585 = PCURVE('',#1505,#1586);
#1586 = DEFINITIONAL_REPRESENTATION('',(#1587),#1591);
#1587 = LINE('',#1588,#1589);
#1588 = CARTESIAN_POINT('',(-15.,30.));
#1589 = VECTOR('',#1590,1.);
#1590 = DIRECTION('',(1.,0.));
#1591 = ( GEOMETRIC_REPRESENTATION_CONTEXT(2) 
PARAMETRIC_REPRESENTATION_CONTEXT() REPRESENTATION_CONTEXT('2D SPACE',''
  ) );
#1592 = ORIENTED_EDGE('',*,*,#1463,.F.);
#1593 = ADVANCED_FACE('',(#1594),#1561,.T.);
#1594 = FACE_BOUND('',#1595,.T.);
#1595 = EDGE_LOOP('',(#1596,#1626,#1654,#1682,#1703,#1704));
#1596 = ORIENTED_EDGE('',*,*,#1597,.F.);
#1597 = EDGE_CURVE('',#1598,#1600,#1602,.T.);
#1598 = VERTEX_POINT('',#1599);
#1599 = CARTESIAN_POINT('',(40.,65.,12.));
#1600 = VERTEX_POINT('',#1601);
#1601 = CARTESIAN_POINT('',(40.,65.,770.));
#1602 = SURFACE_CURVE('',#1603,(#1607,#1614),.PCURVE_S1.);
#1603 = LINE('',#1604,#1605);
#1604 = CARTESIAN_POINT('',(40.,65.,12.));
#1605 = VECTOR('',#1606,1.);
#1606 = DIRECTION('',(0.,0.,1.));
#1607 = PCURVE('',#1561,#1608);
#1608 = DEFINITIONAL_REPRESENTATION('',(#1609),#1613);
#1609 = LINE('',#1610,#1611);
#1610 = CARTESIAN_POINT('',(0.,0.));
#1611 = VECTOR('',#1612,1.);
#1612 = DIRECTION('',(1.,0.));
#1613 = ( GEOMETRIC_REPRESENTATION_CONTEXT(2) 
PARAMETRIC_REPRESENTATION_CONTEXT() REPRESENTATION_CONTEXT('2D SPACE',''
  ) );
#1614 = PCURVE('',#1615,#1620);
#1615 = PLANE('',#1616);
#1616 = AXIS2_PLACEMENT_3D('',#1617,#1618,#1619);
#1617 = CARTESIAN_POINT('',(-40.,65.,12.));
#1618 = DIRECTION('',(-0.,1.,0.));
#1619 = DIRECTION('',(0.,0.,1.));
#1620 = DEFINITIONAL_REPRESENTATION('',(#1621),#1625);
#1621 = LINE('',#1622,#1623);
#1622 = CARTESIAN_POINT('',(0.,80.));
#1623 = VECTOR('',#1624,1.);
#1624 = DIRECTION('',(1.,0.));
#1625 = ( GEOMETRIC_REPRESENTATION_CONTEXT(2) 
PARAMETRIC_REPRESENTATION_CONTEXT() REPRESENTATION_CONTEXT('2D SPACE',''
  ) );
#1626 = ORIENTED_EDGE('',*,*,#1627,.T.);
#1627 = EDGE_CURVE('',#1598,#1628,#1630,.T.);
#1628 = VERTEX_POINT('',#1629);
#1629 = CARTESIAN_POINT('',(40.,125.,12.));
#1630 = SURFACE_CURVE('',#1631,(#1635,#1642),.PCURVE_S1.);
#1631 = LINE('',#1632,#1633);
#1632 = CARTESIAN_POINT('',(40.,65.,12.));
#1633 = VECTOR('',#1634,1.);
#1634 = DIRECTION('',(-0.,1.,0.));
#1635 = PCURVE('',#1561,#1636);
#1636 = DEFINITIONAL_REPRESENTATION('',(#1637),#1641);
#1637 = LINE('',#1638,#1639);
#1638 = CARTESIAN_POINT('',(0.,0.));
#1639 = VECTOR('',#1640,1.);
#1640 = DIRECTION('',(0.,-1.));
#1641 = ( GEOMETRIC_REPRESENTATION_CONTEXT(2) 
PARAMETRIC_REPRESENTATION_CONTEXT() REPRESENTATION_CONTEXT('2D SPACE',''
  ) );
#1642 = PCURVE('',#1643,#1648);
#1643 = PLANE('',#1644);
#1644 = AXIS2_PLACEMENT_3D('',#1645,#1646,#1647);
#1645 = CARTESIAN_POINT('',(-40.,65.,12.));
#1646 = DIRECTION('',(0.,0.,1.));
#1647 = DIRECTION('',(1.,0.,-0.));
#1648 = DEFINITIONAL_REPRESENTATION('',(#1649),#1653);
#1649 = LINE('',#1650,#1651);
#1650 = CARTESIAN_POINT('',(80.,0.));
#1651 = VECTOR('',#1652,1.);
#1652 = DIRECTION('',(0.,1.));
#1653 = ( GEOMETRIC_REPRESENTATION_CONTEXT(2) 
PARAMETRIC_REPRESENTATION_CONTEXT() REPRESENTATION_CONTEXT('2D SPACE',''
  ) );
#1654 = ORIENTED_EDGE('',*,*,#1655,.T.);
#1655 = EDGE_CURVE('',#1628,#1656,#1658,.T.);
#1656 = VERTEX_POINT('',#1657);
#1657 = CARTESIAN_POINT('',(40.,125.,910.));
#1658 = SURFACE_CURVE('',#1659,(#1663,#1670),.PCURVE_S1.);
#1659 = LINE('',#1660,#1661);
#1660 = CARTESIAN_POINT('',(40.,125.,12.));
#1661 = VECTOR('',#1662,1.);
#1662 = DIRECTION('',(0.,0.,1.));
#1663 = PCURVE('',#1561,#1664);
#1664 = DEFINITIONAL_REPRESENTATION('',(#1665),#1669);
#1665 = LINE('',#1666,#1667);
#1666 = CARTESIAN_POINT('',(0.,-60.));
#1667 = VECTOR('',#1668,1.);
#1668 = DIRECTION('',(1.,0.));
#1669 = ( GEOMETRIC_REPRESENTATION_CONTEXT(2) 
PARAMETRIC_REPRESENTATION_CONTEXT() REPRESENTATION_CONTEXT('2D SPACE',''
  ) );
#1670 = PCURVE('',#1671,#1676);
#1671 = PLANE('',#1672);
#1672 = AXIS2_PLACEMENT_3D('',#1673,#1674,#1675);
#1673 = CARTESIAN_POINT('',(-40.,125.,12.));
#1674 = DIRECTION('',(-0.,1.,0.));
#1675 = DIRECTION('',(0.,0.,1.));
#1676 = DEFINITIONAL_REPRESENTATION('',(#1677),#1681);
#1677 = LINE('',#1678,#1679);
#1678 = CARTESIAN_POINT('',(0.,80.));
#1679 = VECTOR('',#1680,1.);
#1680 = DIRECTION('',(1.,0.));
#1681 = ( GEOMETRIC_REPRESENTATION_CONTEXT(2) 
PARAMETRIC_REPRESENTATION_CONTEXT() REPRESENTATION_CONTEXT('2D SPACE',''
  ) );
#1682 = ORIENTED_EDGE('',*,*,#1683,.F.);
#1683 = EDGE_CURVE('',#1547,#1656,#1684,.T.);
#1684 = SURFACE_CURVE('',#1685,(#1689,#1696),.PCURVE_S1.);
#1685 = LINE('',#1686,#1687);
#1686 = CARTESIAN_POINT('',(40.,65.,910.));
#1687 = VECTOR('',#1688,1.);
#1688 = DIRECTION('',(-0.,1.,0.));
#1689 = PCURVE('',#1561,#1690);
#1690 = DEFINITIONAL_REPRESENTATION('',(#1691),#1695);
#1691 = LINE('',#1692,#1693);
#1692 = CARTESIAN_POINT('',(898.,0.));
#1693 = VECTOR('',#1694,1.);
#1694 = DIRECTION('',(0.,-1.));
#1695 = ( GEOMETRIC_REPRESENTATION_CONTEXT(2) 
PARAMETRIC_REPRESENTATION_CONTEXT() REPRESENTATION_CONTEXT('2D SPACE',''
  ) );
#1696 = PCURVE('',#1505,#1697);
#1697 = DEFINITIONAL_REPRESENTATION('',(#1698),#1702);
#1698 = LINE('',#1699,#1700);
#1699 = CARTESIAN_POINT('',(80.,0.));
#1700 = VECTOR('',#1701,1.);
#1701 = DIRECTION('',(0.,1.));
#1702 = ( GEOMETRIC_REPRESENTATION_CONTEXT(2) 
PARAMETRIC_REPRESENTATION_CONTEXT() REPRESENTATION_CONTEXT('2D SPACE',''
  ) );
#1703 = ORIENTED_EDGE('',*,*,#1546,.F.);
#1704 = ORIENTED_EDGE('',*,*,#1705,.T.);
#1705 = EDGE_CURVE('',#1524,#1600,#1706,.T.);
#1706 = SURFACE_CURVE('',#1707,(#1711,#1717),.PCURVE_S1.);
#1707 = LINE('',#1708,#1709);
#1708 = CARTESIAN_POINT('',(40.,10.,770.));
#1709 = VECTOR('',#1710,1.);
#1710 = DIRECTION('',(0.,-1.,0.));
#1711 = PCURVE('',#1561,#1712);
#1712 = DEFINITIONAL_REPRESENTATION('',(#1713),#1716);
#1713 = B_SPLINE_CURVE_WITH_KNOTS('',1,(#1714,#1715),.UNSPECIFIED.,.F.,
  .F.,(2,2),(-85.,-55.),.PIECEWISE_BEZIER_KNOTS.);
#1714 = CARTESIAN_POINT('',(758.,-30.));
#1715 = CARTESIAN_POINT('',(758.,0.));
#1716 = ( GEOMETRIC_REPRESENTATION_CONTEXT(2) 
PARAMETRIC_REPRESENTATION_CONTEXT() REPRESENTATION_CONTEXT('2D SPACE',''
  ) );
#1717 = PCURVE('',#1451,#1718);
#1718 = DEFINITIONAL_REPRESENTATION('',(#1719),#1722);
#1719 = B_SPLINE_CURVE_WITH_KNOTS('',1,(#1720,#1721),.UNSPECIFIED.,.F.,
  .F.,(2,2),(-85.,-55.),.PIECEWISE_BEZIER_KNOTS.);
#1720 = CARTESIAN_POINT('',(95.,140.));
#1721 = CARTESIAN_POINT('',(95.,110.));
#1722 = ( GEOMETRIC_REPRESENTATION_CONTEXT(2) 
PARAMETRIC_REPRESENTATION_CONTEXT() REPRESENTATION_CONTEXT('2D SPACE',''
  ) );
#1723 = ADVANCED_FACE('',(#1724,#1799),#1643,.F.);
#1724 = FACE_BOUND('',#1725,.F.);
#1725 = EDGE_LOOP('',(#1726,#1756,#1777,#1778));
#1726 = ORIENTED_EDGE('',*,*,#1727,.F.);
#1727 = EDGE_CURVE('',#1728,#1730,#1732,.T.);
#1728 = VERTEX_POINT('',#1729);
#1729 = CARTESIAN_POINT('',(-40.,65.,12.));
#1730 = VERTEX_POINT('',#1731);
#1731 = CARTESIAN_POINT('',(-40.,125.,12.));
#1732 = SURFACE_CURVE('',#1733,(#1737,#1744),.PCURVE_S1.);
#1733 = LINE('',#1734,#1735);
#1734 = CARTESIAN_POINT('',(-40.,65.,12.));
#1735 = VECTOR('',#1736,1.);
#1736 = DIRECTION('',(-0.,1.,0.));
#1737 = PCURVE('',#1643,#1738);
#1738 = DEFINITIONAL_REPRESENTATION('',(#1739),#1743);
#1739 = LINE('',#1740,#1741);
#1740 = CARTESIAN_POINT('',(0.,0.));
#1741 = VECTOR('',#1742,1.);
#1742 = DIRECTION('',(0.,1.));
#1743 = ( GEOMETRIC_REPRESENTATION_CONTEXT(2) 
PARAMETRIC_REPRESENTATION_CONTEXT() REPRESENTATION_CONTEXT('2D SPACE',''
  ) );
#1744 = PCURVE('',#1745,#1750);
#1745 = PLANE('',#1746);
#1746 = AXIS2_PLACEMENT_3D('',#1747,#1748,#1749);
#1747 = CARTESIAN_POINT('',(-40.,65.,12.));
#1748 = DIRECTION('',(1.,0.,-0.));
#1749 = DIRECTION('',(0.,0.,1.));
#1750 = DEFINITIONAL_REPRESENTATION('',(#1751),#1755);
#1751 = LINE('',#1752,#1753);
#1752 = CARTESIAN_POINT('',(0.,0.));
#1753 = VECTOR('',#1754,1.);
#1754 = DIRECTION('',(0.,-1.));
#1755 = ( GEOMETRIC_REPRESENTATION_CONTEXT(2) 
PARAMETRIC_REPRESENTATION_CONTEXT() REPRESENTATION_CONTEXT('2D SPACE',''
  ) );
#1756 = ORIENTED_EDGE('',*,*,#1757,.T.);
#1757 = EDGE_CURVE('',#1728,#1598,#1758,.T.);
#1758 = SURFACE_CURVE('',#1759,(#1763,#1770),.PCURVE_S1.);
#1759 = LINE('',#1760,#1761);
#1760 = CARTESIAN_POINT('',(-40.,65.,12.));
#1761 = VECTOR('',#1762,1.);
#1762 = DIRECTION('',(1.,0.,-0.));
#1763 = PCURVE('',#1643,#1764);
#1764 = DEFINITIONAL_REPRESENTATION('',(#1765),#1769);
#1765 = LINE('',#1766,#1767);
#1766 = CARTESIAN_POINT('',(0.,0.));
#1767 = VECTOR('',#1768,1.);
#1768 = DIRECTION('',(1.,0.));
#1769 = ( GEOMETRIC_REPRESENTATION_CONTEXT(2) 
PARAMETRIC_REPRESENTATION_CONTEXT() REPRESENTATION_CONTEXT('2D SPACE',''
  ) );
#1770 = PCURVE('',#1615,#1771);
#1771 = DEFINITIONAL_REPRESENTATION('',(#1772),#1776);
#1772 = LINE('',#1773,#1774);
#1773 = CARTESIAN_POINT('',(0.,0.));
#1774 = VECTOR('',#1775,1.);
#1775 = DIRECTION('',(0.,1.));
#1776 = ( GEOMETRIC_REPRESENTATION_CONTEXT(2) 
PARAMETRIC_REPRESENTATION_CONTEXT() REPRESENTATION_CONTEXT('2D SPACE',''
  ) );
#1777 = ORIENTED_EDGE('',*,*,#1627,.T.);
#1778 = ORIENTED_EDGE('',*,*,#1779,.F.);
#1779 = EDGE_CURVE('',#1730,#1628,#1780,.T.);
#1780 = SURFACE_CURVE('',#1781,(#1785,#1792),.PCURVE_S1.);
#1781 = LINE('',#1782,#1783);
#1782 = CARTESIAN_POINT('',(-40.,125.,12.));
#1783 = VECTOR('',#1784,1.);
#1784 = DIRECTION('',(1.,0.,-0.));
#1785 = PCURVE('',#1643,#1786);
#1786 = DEFINITIONAL_REPRESENTATION('',(#1787),#1791);
#1787 = LINE('',#1788,#1789);
#1788 = CARTESIAN_POINT('',(0.,60.));
#1789 = VECTOR('',#1790,1.);
#1790 = DIRECTION('',(1.,0.));
#1791 = ( GEOMETRIC_REPRESENTATION_CONTEXT(2) 
PARAMETRIC_REPRESENTATION_CONTEXT() REPRESENTATION_CONTEXT('2D SPACE',''
  ) );
#1792 = PCURVE('',#1671,#1793);
#1793 = DEFINITIONAL_REPRESENTATION('',(#1794),#1798);
#1794 = LINE('',#1795,#1796);
#1795 = CARTESIAN_POINT('',(0.,0.));
#1796 = VECTOR('',#1797,1.);
#1797 = DIRECTION('',(0.,1.));
#1798 = ( GEOMETRIC_REPRESENTATION_CONTEXT(2) 
PARAMETRIC_REPRESENTATION_CONTEXT() REPRESENTATION_CONTEXT('2D SPACE',''
  ) );
#1799 = FACE_BOUND('',#1800,.F.);
#1800 = EDGE_LOOP('',(#1801,#1829,#1855,#1881));
#1801 = ORIENTED_EDGE('',*,*,#1802,.T.);
#1802 = EDGE_CURVE('',#1803,#1805,#1807,.T.);
#1803 = VERTEX_POINT('',#1804);
#1804 = CARTESIAN_POINT('',(37.,68.,12.));
#1805 = VERTEX_POINT('',#1806);
#1806 = CARTESIAN_POINT('',(-37.,68.,12.));
#1807 = SURFACE_CURVE('',#1808,(#1812,#1818),.PCURVE_S1.);
#1808 = LINE('',#1809,#1810);
#1809 = CARTESIAN_POINT('',(-38.5,68.,12.));
#1810 = VECTOR('',#1811,1.);
#1811 = DIRECTION('',(-1.,-0.,0.));
#1812 = PCURVE('',#1643,#1813);
#1813 = DEFINITIONAL_REPRESENTATION('',(#1814),#1817);
#1814 = B_SPLINE_CURVE_WITH_KNOTS('',1,(#1815,#1816),.UNSPECIFIED.,.F.,
  .F.,(2,2),(-75.5,-1.5),.PIECEWISE_BEZIER_KNOTS.);
#1815 = CARTESIAN_POINT('',(77.,3.));
#1816 = CARTESIAN_POINT('',(3.,3.));
#1817 = ( GEOMETRIC_REPRESENTATION_CONTEXT(2) 
PARAMETRIC_REPRESENTATION_CONTEXT() REPRESENTATION_CONTEXT('2D SPACE',''
  ) );
#1818 = PCURVE('',#1819,#1824);
#1819 = PLANE('',#1820);
#1820 = AXIS2_PLACEMENT_3D('',#1821,#1822,#1823);
#1821 = CARTESIAN_POINT('',(-37.,68.,11.));
#1822 = DIRECTION('',(-0.,1.,0.));
#1823 = DIRECTION('',(0.,0.,1.));
#1824 = DEFINITIONAL_REPRESENTATION('',(#1825),#1828);
#1825 = B_SPLINE_CURVE_WITH_KNOTS('',1,(#1826,#1827),.UNSPECIFIED.,.F.,
  .F.,(2,2),(-75.5,-1.5),.PIECEWISE_BEZIER_KNOTS.);
#1826 = CARTESIAN_POINT('',(1.,74.));
#1827 = CARTESIAN_POINT('',(1.,0.));
#1828 = ( GEOMETRIC_REPRESENTATION_CONTEXT(2) 
PARAMETRIC_REPRESENTATION_CONTEXT() REPRESENTATION_CONTEXT('2D SPACE',''
  ) );
#1829 = ORIENTED_EDGE('',*,*,#1830,.T.);
#1830 = EDGE_CURVE('',#1805,#1831,#1833,.T.);
#1831 = VERTEX_POINT('',#1832);
#1832 = CARTESIAN_POINT('',(-37.,122.,12.));
#1833 = SURFACE_CURVE('',#1834,(#1838,#1844),.PCURVE_S1.);
#1834 = LINE('',#1835,#1836);
#1835 = CARTESIAN_POINT('',(-37.,66.5,12.));
#1836 = VECTOR('',#1837,1.);
#1837 = DIRECTION('',(-0.,1.,0.));
#1838 = PCURVE('',#1643,#1839);
#1839 = DEFINITIONAL_REPRESENTATION('',(#1840),#1843);
#1840 = B_SPLINE_CURVE_WITH_KNOTS('',1,(#1841,#1842),.UNSPECIFIED.,.F.,
  .F.,(2,2),(1.5,55.5),.PIECEWISE_BEZIER_KNOTS.);
#1841 = CARTESIAN_POINT('',(3.,3.));
#1842 = CARTESIAN_POINT('',(3.,57.));
#1843 = ( GEOMETRIC_REPRESENTATION_CONTEXT(2) 
PARAMETRIC_REPRESENTATION_CONTEXT() REPRESENTATION_CONTEXT('2D SPACE',''
  ) );
#1844 = PCURVE('',#1845,#1850);
#1845 = PLANE('',#1846);
#1846 = AXIS2_PLACEMENT_3D('',#1847,#1848,#1849);
#1847 = CARTESIAN_POINT('',(-37.,68.,11.));
#1848 = DIRECTION('',(1.,0.,-0.));
#1849 = DIRECTION('',(0.,0.,1.));
#1850 = DEFINITIONAL_REPRESENTATION('',(#1851),#1854);
#1851 = B_SPLINE_CURVE_WITH_KNOTS('',1,(#1852,#1853),.UNSPECIFIED.,.F.,
  .F.,(2,2),(1.5,55.5),.PIECEWISE_BEZIER_KNOTS.);
#1852 = CARTESIAN_POINT('',(1.,0.));
#1853 = CARTESIAN_POINT('',(1.,-54.));
#1854 = ( GEOMETRIC_REPRESENTATION_CONTEXT(2) 
PARAMETRIC_REPRESENTATION_CONTEXT() REPRESENTATION_CONTEXT('2D SPACE',''
  ) );
#1855 = ORIENTED_EDGE('',*,*,#1856,.F.);
#1856 = EDGE_CURVE('',#1857,#1831,#1859,.T.);
#1857 = VERTEX_POINT('',#1858);
#1858 = CARTESIAN_POINT('',(37.,122.,12.));
#1859 = SURFACE_CURVE('',#1860,(#1864,#1870),.PCURVE_S1.);
#1860 = LINE('',#1861,#1862);
#1861 = CARTESIAN_POINT('',(-38.5,122.,12.));
#1862 = VECTOR('',#1863,1.);
#1863 = DIRECTION('',(-1.,-0.,0.));
#1864 = PCURVE('',#1643,#1865);
#1865 = DEFINITIONAL_REPRESENTATION('',(#1866),#1869);
#1866 = B_SPLINE_CURVE_WITH_KNOTS('',1,(#1867,#1868),.UNSPECIFIED.,.F.,
  .F.,(2,2),(-75.5,-1.5),.PIECEWISE_BEZIER_KNOTS.);
#1867 = CARTESIAN_POINT('',(77.,57.));
#1868 = CARTESIAN_POINT('',(3.,57.));
#1869 = ( GEOMETRIC_REPRESENTATION_CONTEXT(2) 
PARAMETRIC_REPRESENTATION_CONTEXT() REPRESENTATION_CONTEXT('2D SPACE',''
  ) );
#1870 = PCURVE('',#1871,#1876);
#1871 = PLANE('',#1872);
#1872 = AXIS2_PLACEMENT_3D('',#1873,#1874,#1875);
#1873 = CARTESIAN_POINT('',(-37.,122.,11.));
#1874 = DIRECTION('',(-0.,1.,0.));
#1875 = DIRECTION('',(0.,0.,1.));
#1876 = DEFINITIONAL_REPRESENTATION('',(#1877),#1880);
#1877 = B_SPLINE_CURVE_WITH_KNOTS('',1,(#1878,#1879),.UNSPECIFIED.,.F.,
  .F.,(2,2),(-75.5,-1.5),.PIECEWISE_BEZIER_KNOTS.);
#1878 = CARTESIAN_POINT('',(1.,74.));
#1879 = CARTESIAN_POINT('',(1.,0.));
#1880 = ( GEOMETRIC_REPRESENTATION_CONTEXT(2) 
PARAMETRIC_REPRESENTATION_CONTEXT() REPRESENTATION_CONTEXT('2D SPACE',''
  ) );
#1881 = ORIENTED_EDGE('',*,*,#1882,.F.);
#1882 = EDGE_CURVE('',#1803,#1857,#1883,.T.);
#1883 = SURFACE_CURVE('',#1884,(#1888,#1894),.PCURVE_S1.);
#1884 = LINE('',#1885,#1886);
#1885 = CARTESIAN_POINT('',(37.,66.5,12.));
#1886 = VECTOR('',#1887,1.);
#1887 = DIRECTION('',(-0.,1.,0.));
#1888 = PCURVE('',#1643,#1889);
#1889 = DEFINITIONAL_REPRESENTATION('',(#1890),#1893);
#1890 = B_SPLINE_CURVE_WITH_KNOTS('',1,(#1891,#1892),.UNSPECIFIED.,.F.,
  .F.,(2,2),(1.5,55.5),.PIECEWISE_BEZIER_KNOTS.);
#1891 = CARTESIAN_POINT('',(77.,3.));
#1892 = CARTESIAN_POINT('',(77.,57.));
#1893 = ( GEOMETRIC_REPRESENTATION_CONTEXT(2) 
PARAMETRIC_REPRESENTATION_CONTEXT() REPRESENTATION_CONTEXT('2D SPACE',''
  ) );
#1894 = PCURVE('',#1895,#1900);
#1895 = PLANE('',#1896);
#1896 = AXIS2_PLACEMENT_3D('',#1897,#1898,#1899);
#1897 = CARTESIAN_POINT('',(37.,68.,11.));
#1898 = DIRECTION('',(1.,0.,-0.));
#1899 = DIRECTION('',(0.,0.,1.));
#1900 = DEFINITIONAL_REPRESENTATION('',(#1901),#1904);
#1901 = B_SPLINE_CURVE_WITH_KNOTS('',1,(#1902,#1903),.UNSPECIFIED.,.F.,
  .F.,(2,2),(1.5,55.5),.PIECEWISE_BEZIER_KNOTS.);
#1902 = CARTESIAN_POINT('',(1.,0.));
#1903 = CARTESIAN_POINT('',(1.,-54.));
#1904 = ( GEOMETRIC_REPRESENTATION_CONTEXT(2) 
PARAMETRIC_REPRESENTATION_CONTEXT() REPRESENTATION_CONTEXT('2D SPACE',''
  ) );
#1905 = ADVANCED_FACE('',(#1906),#1845,.T.);
#1906 = FACE_BOUND('',#1907,.T.);
#1907 = EDGE_LOOP('',(#1908,#1931,#1932,#1955,#1977,#2003));
#1908 = ORIENTED_EDGE('',*,*,#1909,.F.);
#1909 = EDGE_CURVE('',#1805,#1910,#1912,.T.);
#1910 = VERTEX_POINT('',#1911);
#1911 = CARTESIAN_POINT('',(-37.,68.,770.));
#1912 = SURFACE_CURVE('',#1913,(#1917,#1924),.PCURVE_S1.);
#1913 = LINE('',#1914,#1915);
#1914 = CARTESIAN_POINT('',(-37.,68.,11.));
#1915 = VECTOR('',#1916,1.);
#1916 = DIRECTION('',(0.,0.,1.));
#1917 = PCURVE('',#1845,#1918);
#1918 = DEFINITIONAL_REPRESENTATION('',(#1919),#1923);
#1919 = LINE('',#1920,#1921);
#1920 = CARTESIAN_POINT('',(0.,0.));
#1921 = VECTOR('',#1922,1.);
#1922 = DIRECTION('',(1.,0.));
#1923 = ( GEOMETRIC_REPRESENTATION_CONTEXT(2) 
PARAMETRIC_REPRESENTATION_CONTEXT() REPRESENTATION_CONTEXT('2D SPACE',''
  ) );
#1924 = PCURVE('',#1819,#1925);
#1925 = DEFINITIONAL_REPRESENTATION('',(#1926),#1930);
#1926 = LINE('',#1927,#1928);
#1927 = CARTESIAN_POINT('',(0.,0.));
#1928 = VECTOR('',#1929,1.);
#1929 = DIRECTION('',(1.,0.));
#1930 = ( GEOMETRIC_REPRESENTATION_CONTEXT(2) 
PARAMETRIC_REPRESENTATION_CONTEXT() REPRESENTATION_CONTEXT('2D SPACE',''
  ) );
#1931 = ORIENTED_EDGE('',*,*,#1830,.T.);
#1932 = ORIENTED_EDGE('',*,*,#1933,.T.);
#1933 = EDGE_CURVE('',#1831,#1934,#1936,.T.);
#1934 = VERTEX_POINT('',#1935);
#1935 = CARTESIAN_POINT('',(-37.,122.,910.));
#1936 = SURFACE_CURVE('',#1937,(#1941,#1948),.PCURVE_S1.);
#1937 = LINE('',#1938,#1939);
#1938 = CARTESIAN_POINT('',(-37.,122.,11.));
#1939 = VECTOR('',#1940,1.);
#1940 = DIRECTION('',(0.,0.,1.));
#1941 = PCURVE('',#1845,#1942);
#1942 = DEFINITIONAL_REPRESENTATION('',(#1943),#1947);
#1943 = LINE('',#1944,#1945);
#1944 = CARTESIAN_POINT('',(0.,-54.));
#1945 = VECTOR('',#1946,1.);
#1946 = DIRECTION('',(1.,0.));
#1947 = ( GEOMETRIC_REPRESENTATION_CONTEXT(2) 
PARAMETRIC_REPRESENTATION_CONTEXT() REPRESENTATION_CONTEXT('2D SPACE',''
  ) );
#1948 = PCURVE('',#1871,#1949);
#1949 = DEFINITIONAL_REPRESENTATION('',(#1950),#1954);
#1950 = LINE('',#1951,#1952);
#1951 = CARTESIAN_POINT('',(0.,0.));
#1952 = VECTOR('',#1953,1.);
#1953 = DIRECTION('',(1.,0.));
#1954 = ( GEOMETRIC_REPRESENTATION_CONTEXT(2) 
PARAMETRIC_REPRESENTATION_CONTEXT() REPRESENTATION_CONTEXT('2D SPACE',''
  ) );
#1955 = ORIENTED_EDGE('',*,*,#1956,.F.);
#1956 = EDGE_CURVE('',#1957,#1934,#1959,.T.);
#1957 = VERTEX_POINT('',#1958);
#1958 = CARTESIAN_POINT('',(-37.,95.,910.));
#1959 = SURFACE_CURVE('',#1960,(#1964,#1970),.PCURVE_S1.);
#1960 = LINE('',#1961,#1962);
#1961 = CARTESIAN_POINT('',(-37.,66.5,910.));
#1962 = VECTOR('',#1963,1.);
#1963 = DIRECTION('',(-0.,1.,0.));
#1964 = PCURVE('',#1845,#1965);
#1965 = DEFINITIONAL_REPRESENTATION('',(#1966),#1969);
#1966 = B_SPLINE_CURVE_WITH_KNOTS('',1,(#1967,#1968),.UNSPECIFIED.,.F.,
  .F.,(2,2),(1.5,55.5),.PIECEWISE_BEZIER_KNOTS.);
#1967 = CARTESIAN_POINT('',(899.,0.));
#1968 = CARTESIAN_POINT('',(899.,-54.));
#1969 = ( GEOMETRIC_REPRESENTATION_CONTEXT(2) 
PARAMETRIC_REPRESENTATION_CONTEXT() REPRESENTATION_CONTEXT('2D SPACE',''
  ) );
#1970 = PCURVE('',#1505,#1971);
#1971 = DEFINITIONAL_REPRESENTATION('',(#1972),#1976);
#1972 = LINE('',#1973,#1974);
#1973 = CARTESIAN_POINT('',(3.,1.5));
#1974 = VECTOR('',#1975,1.);
#1975 = DIRECTION('',(0.,1.));
#1976 = ( GEOMETRIC_REPRESENTATION_CONTEXT(2) 
PARAMETRIC_REPRESENTATION_CONTEXT() REPRESENTATION_CONTEXT('2D SPACE',''
  ) );
#1977 = ORIENTED_EDGE('',*,*,#1978,.F.);
#1978 = EDGE_CURVE('',#1979,#1957,#1981,.T.);
#1979 = VERTEX_POINT('',#1980);
#1980 = CARTESIAN_POINT('',(-37.,95.,770.));
#1981 = SURFACE_CURVE('',#1982,(#1986,#1992),.PCURVE_S1.);
#1982 = LINE('',#1983,#1984);
#1983 = CARTESIAN_POINT('',(-37.,95.,390.5));
#1984 = VECTOR('',#1985,1.);
#1985 = DIRECTION('',(0.,0.,1.));
#1986 = PCURVE('',#1845,#1987);
#1987 = DEFINITIONAL_REPRESENTATION('',(#1988),#1991);
#1988 = B_SPLINE_CURVE_WITH_KNOTS('',1,(#1989,#1990),.UNSPECIFIED.,.F.,
  .F.,(2,2),(379.5,519.5),.PIECEWISE_BEZIER_KNOTS.);
#1989 = CARTESIAN_POINT('',(759.,-27.));
#1990 = CARTESIAN_POINT('',(899.,-27.));
#1991 = ( GEOMETRIC_REPRESENTATION_CONTEXT(2) 
PARAMETRIC_REPRESENTATION_CONTEXT() REPRESENTATION_CONTEXT('2D SPACE',''
  ) );
#1992 = PCURVE('',#1993,#1998);
#1993 = PLANE('',#1994);
#1994 = AXIS2_PLACEMENT_3D('',#1995,#1996,#1997);
#1995 = CARTESIAN_POINT('',(-55.,95.,770.));
#1996 = DIRECTION('',(-0.,1.,0.));
#1997 = DIRECTION('',(0.,0.,1.));
#1998 = DEFINITIONAL_REPRESENTATION('',(#1999),#2002);
#1999 = B_SPLINE_CURVE_WITH_KNOTS('',1,(#2000,#2001),.UNSPECIFIED.,.F.,
  .F.,(2,2),(379.5,519.5),.PIECEWISE_BEZIER_KNOTS.);
#2000 = CARTESIAN_POINT('',(0.,18.));
#2001 = CARTESIAN_POINT('',(140.,18.));
#2002 = ( GEOMETRIC_REPRESENTATION_CONTEXT(2) 
PARAMETRIC_REPRESENTATION_CONTEXT() REPRESENTATION_CONTEXT('2D SPACE',''
  ) );
#2003 = ORIENTED_EDGE('',*,*,#2004,.T.);
#2004 = EDGE_CURVE('',#1979,#1910,#2005,.T.);
#2005 = SURFACE_CURVE('',#2006,(#2010,#2016),.PCURVE_S1.);
#2006 = LINE('',#2007,#2008);
#2007 = CARTESIAN_POINT('',(-37.,11.5,770.));
#2008 = VECTOR('',#2009,1.);
#2009 = DIRECTION('',(0.,-1.,0.));
#2010 = PCURVE('',#1845,#2011);
#2011 = DEFINITIONAL_REPRESENTATION('',(#2012),#2015);
#2012 = B_SPLINE_CURVE_WITH_KNOTS('',1,(#2013,#2014),.UNSPECIFIED.,.F.,
  .F.,(2,2),(-83.5,-56.5),.PIECEWISE_BEZIER_KNOTS.);
#2013 = CARTESIAN_POINT('',(759.,-27.));
#2014 = CARTESIAN_POINT('',(759.,0.));
#2015 = ( GEOMETRIC_REPRESENTATION_CONTEXT(2) 
PARAMETRIC_REPRESENTATION_CONTEXT() REPRESENTATION_CONTEXT('2D SPACE',''
  ) );
#2016 = PCURVE('',#2017,#2022);
#2017 = PLANE('',#2018);
#2018 = AXIS2_PLACEMENT_3D('',#2019,#2020,#2021);
#2019 = CARTESIAN_POINT('',(-55.,-45.,770.));
#2020 = DIRECTION('',(0.,0.,1.));
#2021 = DIRECTION('',(1.,0.,-0.));
#2022 = DEFINITIONAL_REPRESENTATION('',(#2023),#2026);
#2023 = B_SPLINE_CURVE_WITH_KNOTS('',1,(#2024,#2025),.UNSPECIFIED.,.F.,
  .F.,(2,2),(-83.5,-56.5),.PIECEWISE_BEZIER_KNOTS.);
#2024 = CARTESIAN_POINT('',(18.,140.));
#2025 = CARTESIAN_POINT('',(18.,113.));
#2026 = ( GEOMETRIC_REPRESENTATION_CONTEXT(2) 
PARAMETRIC_REPRESENTATION_CONTEXT() REPRESENTATION_CONTEXT('2D SPACE',''
  ) );
#2027 = ADVANCED_FACE('',(#2028),#1993,.T.);
#2028 = FACE_BOUND('',#2029,.T.);
#2029 = EDGE_LOOP('',(#2030,#2053,#2054,#2077));
#2030 = ORIENTED_EDGE('',*,*,#2031,.F.);
#2031 = EDGE_CURVE('',#1979,#2032,#2034,.T.);
#2032 = VERTEX_POINT('',#2033);
#2033 = CARTESIAN_POINT('',(37.,95.,770.));
#2034 = SURFACE_CURVE('',#2035,(#2039,#2046),.PCURVE_S1.);
#2035 = LINE('',#2036,#2037);
#2036 = CARTESIAN_POINT('',(-55.,95.,770.));
#2037 = VECTOR('',#2038,1.);
#2038 = DIRECTION('',(1.,0.,-0.));
#2039 = PCURVE('',#1993,#2040);
#2040 = DEFINITIONAL_REPRESENTATION('',(#2041),#2045);
#2041 = LINE('',#2042,#2043);
#2042 = CARTESIAN_POINT('',(0.,0.));
#2043 = VECTOR('',#2044,1.);
#2044 = DIRECTION('',(0.,1.));
#2045 = ( GEOMETRIC_REPRESENTATION_CONTEXT(2) 
PARAMETRIC_REPRESENTATION_CONTEXT() REPRESENTATION_CONTEXT('2D SPACE',''
  ) );
#2046 = PCURVE('',#2017,#2047);
#2047 = DEFINITIONAL_REPRESENTATION('',(#2048),#2052);
#2048 = LINE('',#2049,#2050);
#2049 = CARTESIAN_POINT('',(0.,140.));
#2050 = VECTOR('',#2051,1.);
#2051 = DIRECTION('',(1.,0.));
#2052 = ( GEOMETRIC_REPRESENTATION_CONTEXT(2) 
PARAMETRIC_REPRESENTATION_CONTEXT() REPRESENTATION_CONTEXT('2D SPACE',''
  ) );
#2053 = ORIENTED_EDGE('',*,*,#1978,.T.);
#2054 = ORIENTED_EDGE('',*,*,#2055,.T.);
#2055 = EDGE_CURVE('',#1957,#2056,#2058,.T.);
#2056 = VERTEX_POINT('',#2057);
#2057 = CARTESIAN_POINT('',(37.,95.,910.));
#2058 = SURFACE_CURVE('',#2059,(#2063,#2070),.PCURVE_S1.);
#2059 = LINE('',#2060,#2061);
#2060 = CARTESIAN_POINT('',(-55.,95.,910.));
#2061 = VECTOR('',#2062,1.);
#2062 = DIRECTION('',(1.,0.,-0.));
#2063 = PCURVE('',#1993,#2064);
#2064 = DEFINITIONAL_REPRESENTATION('',(#2065),#2069);
#2065 = LINE('',#2066,#2067);
#2066 = CARTESIAN_POINT('',(140.,0.));
#2067 = VECTOR('',#2068,1.);
#2068 = DIRECTION('',(0.,1.));
#2069 = ( GEOMETRIC_REPRESENTATION_CONTEXT(2) 
PARAMETRIC_REPRESENTATION_CONTEXT() REPRESENTATION_CONTEXT('2D SPACE',''
  ) );
#2070 = PCURVE('',#1505,#2071);
#2071 = DEFINITIONAL_REPRESENTATION('',(#2072),#2076);
#2072 = LINE('',#2073,#2074);
#2073 = CARTESIAN_POINT('',(-15.,30.));
#2074 = VECTOR('',#2075,1.);
#2075 = DIRECTION('',(1.,0.));
#2076 = ( GEOMETRIC_REPRESENTATION_CONTEXT(2) 
PARAMETRIC_REPRESENTATION_CONTEXT() REPRESENTATION_CONTEXT('2D SPACE',''
  ) );
#2077 = ORIENTED_EDGE('',*,*,#2078,.F.);
#2078 = EDGE_CURVE('',#2032,#2056,#2079,.T.);
#2079 = SURFACE_CURVE('',#2080,(#2084,#2090),.PCURVE_S1.);
#2080 = LINE('',#2081,#2082);
#2081 = CARTESIAN_POINT('',(37.,95.,390.5));
#2082 = VECTOR('',#2083,1.);
#2083 = DIRECTION('',(0.,0.,1.));
#2084 = PCURVE('',#1993,#2085);
#2085 = DEFINITIONAL_REPRESENTATION('',(#2086),#2089);
#2086 = B_SPLINE_CURVE_WITH_KNOTS('',1,(#2087,#2088),.UNSPECIFIED.,.F.,
  .F.,(2,2),(379.5,519.5),.PIECEWISE_BEZIER_KNOTS.);
#2087 = CARTESIAN_POINT('',(0.,92.));
#2088 = CARTESIAN_POINT('',(140.,92.));
#2089 = ( GEOMETRIC_REPRESENTATION_CONTEXT(2) 
PARAMETRIC_REPRESENTATION_CONTEXT() REPRESENTATION_CONTEXT('2D SPACE',''
  ) );
#2090 = PCURVE('',#1895,#2091);
#2091 = DEFINITIONAL_REPRESENTATION('',(#2092),#2095);
#2092 = B_SPLINE_CURVE_WITH_KNOTS('',1,(#2093,#2094),.UNSPECIFIED.,.F.,
  .F.,(2,2),(379.5,519.5),.PIECEWISE_BEZIER_KNOTS.);
#2093 = CARTESIAN_POINT('',(759.,-27.));
#2094 = CARTESIAN_POINT('',(899.,-27.));
#2095 = ( GEOMETRIC_REPRESENTATION_CONTEXT(2) 
PARAMETRIC_REPRESENTATION_CONTEXT() REPRESENTATION_CONTEXT('2D SPACE',''
  ) );
#2096 = ADVANCED_FACE('',(#2097),#2017,.F.);
#2097 = FACE_BOUND('',#2098,.F.);
#2098 = EDGE_LOOP('',(#2099,#2100,#2101,#2122));
#2099 = ORIENTED_EDGE('',*,*,#2031,.F.);
#2100 = ORIENTED_EDGE('',*,*,#2004,.T.);
#2101 = ORIENTED_EDGE('',*,*,#2102,.T.);
#2102 = EDGE_CURVE('',#1910,#2103,#2105,.T.);
#2103 = VERTEX_POINT('',#2104);
#2104 = CARTESIAN_POINT('',(37.,68.,770.));
#2105 = SURFACE_CURVE('',#2106,(#2110,#2116),.PCURVE_S1.);
#2106 = LINE('',#2107,#2108);
#2107 = CARTESIAN_POINT('',(-46.,68.,770.));
#2108 = VECTOR('',#2109,1.);
#2109 = DIRECTION('',(1.,0.,-0.));
#2110 = PCURVE('',#2017,#2111);
#2111 = DEFINITIONAL_REPRESENTATION('',(#2112),#2115);
#2112 = B_SPLINE_CURVE_WITH_KNOTS('',1,(#2113,#2114),.UNSPECIFIED.,.F.,
  .F.,(2,2),(9.,83.),.PIECEWISE_BEZIER_KNOTS.);
#2113 = CARTESIAN_POINT('',(18.,113.));
#2114 = CARTESIAN_POINT('',(92.,113.));
#2115 = ( GEOMETRIC_REPRESENTATION_CONTEXT(2) 
PARAMETRIC_REPRESENTATION_CONTEXT() REPRESENTATION_CONTEXT('2D SPACE',''
  ) );
#2116 = PCURVE('',#1819,#2117);
#2117 = DEFINITIONAL_REPRESENTATION('',(#2118),#2121);
#2118 = B_SPLINE_CURVE_WITH_KNOTS('',1,(#2119,#2120),.UNSPECIFIED.,.F.,
  .F.,(2,2),(9.,83.),.PIECEWISE_BEZIER_KNOTS.);
#2119 = CARTESIAN_POINT('',(759.,0.));
#2120 = CARTESIAN_POINT('',(759.,74.));
#2121 = ( GEOMETRIC_REPRESENTATION_CONTEXT(2) 
PARAMETRIC_REPRESENTATION_CONTEXT() REPRESENTATION_CONTEXT('2D SPACE',''
  ) );
#2122 = ORIENTED_EDGE('',*,*,#2123,.F.);
#2123 = EDGE_CURVE('',#2032,#2103,#2124,.T.);
#2124 = SURFACE_CURVE('',#2125,(#2129,#2135),.PCURVE_S1.);
#2125 = LINE('',#2126,#2127);
#2126 = CARTESIAN_POINT('',(37.,11.5,770.));
#2127 = VECTOR('',#2128,1.);
#2128 = DIRECTION('',(0.,-1.,0.));
#2129 = PCURVE('',#2017,#2130);
#2130 = DEFINITIONAL_REPRESENTATION('',(#2131),#2134);
#2131 = B_SPLINE_CURVE_WITH_KNOTS('',1,(#2132,#2133),.UNSPECIFIED.,.F.,
  .F.,(2,2),(-83.5,-56.5),.PIECEWISE_BEZIER_KNOTS.);
#2132 = CARTESIAN_POINT('',(92.,140.));
#2133 = CARTESIAN_POINT('',(92.,113.));
#2134 = ( GEOMETRIC_REPRESENTATION_CONTEXT(2) 
PARAMETRIC_REPRESENTATION_CONTEXT() REPRESENTATION_CONTEXT('2D SPACE',''
  ) );
#2135 = PCURVE('',#1895,#2136);
#2136 = DEFINITIONAL_REPRESENTATION('',(#2137),#2140);
#2137 = B_SPLINE_CURVE_WITH_KNOTS('',1,(#2138,#2139),.UNSPECIFIED.,.F.,
  .F.,(2,2),(-83.5,-56.5),.PIECEWISE_BEZIER_KNOTS.);
#2138 = CARTESIAN_POINT('',(759.,-27.));
#2139 = CARTESIAN_POINT('',(759.,0.));
#2140 = ( GEOMETRIC_REPRESENTATION_CONTEXT(2) 
PARAMETRIC_REPRESENTATION_CONTEXT() REPRESENTATION_CONTEXT('2D SPACE',''
  ) );
#2141 = ADVANCED_FACE('',(#2142),#1871,.F.);
#2142 = FACE_BOUND('',#2143,.F.);
#2143 = EDGE_LOOP('',(#2144,#2167,#2168,#2169));
#2144 = ORIENTED_EDGE('',*,*,#2145,.F.);
#2145 = EDGE_CURVE('',#1857,#2146,#2148,.T.);
#2146 = VERTEX_POINT('',#2147);
#2147 = CARTESIAN_POINT('',(37.,122.,910.));
#2148 = SURFACE_CURVE('',#2149,(#2153,#2160),.PCURVE_S1.);
#2149 = LINE('',#2150,#2151);
#2150 = CARTESIAN_POINT('',(37.,122.,11.));
#2151 = VECTOR('',#2152,1.);
#2152 = DIRECTION('',(0.,0.,1.));
#2153 = PCURVE('',#1871,#2154);
#2154 = DEFINITIONAL_REPRESENTATION('',(#2155),#2159);
#2155 = LINE('',#2156,#2157);
#2156 = CARTESIAN_POINT('',(0.,74.));
#2157 = VECTOR('',#2158,1.);
#2158 = DIRECTION('',(1.,0.));
#2159 = ( GEOMETRIC_REPRESENTATION_CONTEXT(2) 
PARAMETRIC_REPRESENTATION_CONTEXT() REPRESENTATION_CONTEXT('2D SPACE',''
  ) );
#2160 = PCURVE('',#1895,#2161);
#2161 = DEFINITIONAL_REPRESENTATION('',(#2162),#2166);
#2162 = LINE('',#2163,#2164);
#2163 = CARTESIAN_POINT('',(0.,-54.));
#2164 = VECTOR('',#2165,1.);
#2165 = DIRECTION('',(1.,0.));
#2166 = ( GEOMETRIC_REPRESENTATION_CONTEXT(2) 
PARAMETRIC_REPRESENTATION_CONTEXT() REPRESENTATION_CONTEXT('2D SPACE',''
  ) );
#2167 = ORIENTED_EDGE('',*,*,#1856,.T.);
#2168 = ORIENTED_EDGE('',*,*,#1933,.T.);
#2169 = ORIENTED_EDGE('',*,*,#2170,.F.);
#2170 = EDGE_CURVE('',#2146,#1934,#2171,.T.);
#2171 = SURFACE_CURVE('',#2172,(#2176,#2182),.PCURVE_S1.);
#2172 = LINE('',#2173,#2174);
#2173 = CARTESIAN_POINT('',(-38.5,122.,910.));
#2174 = VECTOR('',#2175,1.);
#2175 = DIRECTION('',(-1.,-0.,0.));
#2176 = PCURVE('',#1871,#2177);
#2177 = DEFINITIONAL_REPRESENTATION('',(#2178),#2181);
#2178 = B_SPLINE_CURVE_WITH_KNOTS('',1,(#2179,#2180),.UNSPECIFIED.,.F.,
  .F.,(2,2),(-75.5,-1.5),.PIECEWISE_BEZIER_KNOTS.);
#2179 = CARTESIAN_POINT('',(899.,74.));
#2180 = CARTESIAN_POINT('',(899.,0.));
#2181 = ( GEOMETRIC_REPRESENTATION_CONTEXT(2) 
PARAMETRIC_REPRESENTATION_CONTEXT() REPRESENTATION_CONTEXT('2D SPACE',''
  ) );
#2182 = PCURVE('',#1505,#2183);
#2183 = DEFINITIONAL_REPRESENTATION('',(#2184),#2188);
#2184 = LINE('',#2185,#2186);
#2185 = CARTESIAN_POINT('',(1.5,57.));
#2186 = VECTOR('',#2187,1.);
#2187 = DIRECTION('',(-1.,0.));
#2188 = ( GEOMETRIC_REPRESENTATION_CONTEXT(2) 
PARAMETRIC_REPRESENTATION_CONTEXT() REPRESENTATION_CONTEXT('2D SPACE',''
  ) );
#2189 = ADVANCED_FACE('',(#2190),#1895,.F.);
#2190 = FACE_BOUND('',#2191,.F.);
#2191 = EDGE_LOOP('',(#2192,#2213,#2214,#2215,#2235,#2236));
#2192 = ORIENTED_EDGE('',*,*,#2193,.F.);
#2193 = EDGE_CURVE('',#1803,#2103,#2194,.T.);
#2194 = SURFACE_CURVE('',#2195,(#2199,#2206),.PCURVE_S1.);
#2195 = LINE('',#2196,#2197);
#2196 = CARTESIAN_POINT('',(37.,68.,11.));
#2197 = VECTOR('',#2198,1.);
#2198 = DIRECTION('',(0.,0.,1.));
#2199 = PCURVE('',#1895,#2200);
#2200 = DEFINITIONAL_REPRESENTATION('',(#2201),#2205);
#2201 = LINE('',#2202,#2203);
#2202 = CARTESIAN_POINT('',(0.,0.));
#2203 = VECTOR('',#2204,1.);
#2204 = DIRECTION('',(1.,0.));
#2205 = ( GEOMETRIC_REPRESENTATION_CONTEXT(2) 
PARAMETRIC_REPRESENTATION_CONTEXT() REPRESENTATION_CONTEXT('2D SPACE',''
  ) );
#2206 = PCURVE('',#1819,#2207);
#2207 = DEFINITIONAL_REPRESENTATION('',(#2208),#2212);
#2208 = LINE('',#2209,#2210);
#2209 = CARTESIAN_POINT('',(0.,74.));
#2210 = VECTOR('',#2211,1.);
#2211 = DIRECTION('',(1.,0.));
#2212 = ( GEOMETRIC_REPRESENTATION_CONTEXT(2) 
PARAMETRIC_REPRESENTATION_CONTEXT() REPRESENTATION_CONTEXT('2D SPACE',''
  ) );
#2213 = ORIENTED_EDGE('',*,*,#1882,.T.);
#2214 = ORIENTED_EDGE('',*,*,#2145,.T.);
#2215 = ORIENTED_EDGE('',*,*,#2216,.F.);
#2216 = EDGE_CURVE('',#2056,#2146,#2217,.T.);
#2217 = SURFACE_CURVE('',#2218,(#2222,#2228),.PCURVE_S1.);
#2218 = LINE('',#2219,#2220);
#2219 = CARTESIAN_POINT('',(37.,66.5,910.));
#2220 = VECTOR('',#2221,1.);
#2221 = DIRECTION('',(-0.,1.,0.));
#2222 = PCURVE('',#1895,#2223);
#2223 = DEFINITIONAL_REPRESENTATION('',(#2224),#2227);
#2224 = B_SPLINE_CURVE_WITH_KNOTS('',1,(#2225,#2226),.UNSPECIFIED.,.F.,
  .F.,(2,2),(1.5,55.5),.PIECEWISE_BEZIER_KNOTS.);
#2225 = CARTESIAN_POINT('',(899.,0.));
#2226 = CARTESIAN_POINT('',(899.,-54.));
#2227 = ( GEOMETRIC_REPRESENTATION_CONTEXT(2) 
PARAMETRIC_REPRESENTATION_CONTEXT() REPRESENTATION_CONTEXT('2D SPACE',''
  ) );
#2228 = PCURVE('',#1505,#2229);
#2229 = DEFINITIONAL_REPRESENTATION('',(#2230),#2234);
#2230 = LINE('',#2231,#2232);
#2231 = CARTESIAN_POINT('',(77.,1.5));
#2232 = VECTOR('',#2233,1.);
#2233 = DIRECTION('',(0.,1.));
#2234 = ( GEOMETRIC_REPRESENTATION_CONTEXT(2) 
PARAMETRIC_REPRESENTATION_CONTEXT() REPRESENTATION_CONTEXT('2D SPACE',''
  ) );
#2235 = ORIENTED_EDGE('',*,*,#2078,.F.);
#2236 = ORIENTED_EDGE('',*,*,#2123,.T.);
#2237 = ADVANCED_FACE('',(#2238),#1819,.T.);
#2238 = FACE_BOUND('',#2239,.T.);
#2239 = EDGE_LOOP('',(#2240,#2241,#2242,#2243));
#2240 = ORIENTED_EDGE('',*,*,#2193,.F.);
#2241 = ORIENTED_EDGE('',*,*,#1802,.T.);
#2242 = ORIENTED_EDGE('',*,*,#1909,.T.);
#2243 = ORIENTED_EDGE('',*,*,#2102,.T.);
#2244 = ADVANCED_FACE('',(#2245),#1745,.F.);
#2245 = FACE_BOUND('',#2246,.F.);
#2246 = EDGE_LOOP('',(#2247,#2270,#2271,#2294,#2317,#2343));
#2247 = ORIENTED_EDGE('',*,*,#2248,.F.);
#2248 = EDGE_CURVE('',#1728,#2249,#2251,.T.);
#2249 = VERTEX_POINT('',#2250);
#2250 = CARTESIAN_POINT('',(-40.,65.,770.));
#2251 = SURFACE_CURVE('',#2252,(#2256,#2263),.PCURVE_S1.);
#2252 = LINE('',#2253,#2254);
#2253 = CARTESIAN_POINT('',(-40.,65.,12.));
#2254 = VECTOR('',#2255,1.);
#2255 = DIRECTION('',(0.,0.,1.));
#2256 = PCURVE('',#1745,#2257);
#2257 = DEFINITIONAL_REPRESENTATION('',(#2258),#2262);
#2258 = LINE('',#2259,#2260);
#2259 = CARTESIAN_POINT('',(0.,0.));
#2260 = VECTOR('',#2261,1.);
#2261 = DIRECTION('',(1.,0.));
#2262 = ( GEOMETRIC_REPRESENTATION_CONTEXT(2) 
PARAMETRIC_REPRESENTATION_CONTEXT() REPRESENTATION_CONTEXT('2D SPACE',''
  ) );
#2263 = PCURVE('',#1615,#2264);
#2264 = DEFINITIONAL_REPRESENTATION('',(#2265),#2269);
#2265 = LINE('',#2266,#2267);
#2266 = CARTESIAN_POINT('',(0.,0.));
#2267 = VECTOR('',#2268,1.);
#2268 = DIRECTION('',(1.,0.));
#2269 = ( GEOMETRIC_REPRESENTATION_CONTEXT(2) 
PARAMETRIC_REPRESENTATION_CONTEXT() REPRESENTATION_CONTEXT('2D SPACE',''
  ) );
#2270 = ORIENTED_EDGE('',*,*,#1727,.T.);
#2271 = ORIENTED_EDGE('',*,*,#2272,.T.);
#2272 = EDGE_CURVE('',#1730,#2273,#2275,.T.);
#2273 = VERTEX_POINT('',#2274);
#2274 = CARTESIAN_POINT('',(-40.,125.,910.));
#2275 = SURFACE_CURVE('',#2276,(#2280,#2287),.PCURVE_S1.);
#2276 = LINE('',#2277,#2278);
#2277 = CARTESIAN_POINT('',(-40.,125.,12.));
#2278 = VECTOR('',#2279,1.);
#2279 = DIRECTION('',(0.,0.,1.));
#2280 = PCURVE('',#1745,#2281);
#2281 = DEFINITIONAL_REPRESENTATION('',(#2282),#2286);
#2282 = LINE('',#2283,#2284);
#2283 = CARTESIAN_POINT('',(0.,-60.));
#2284 = VECTOR('',#2285,1.);
#2285 = DIRECTION('',(1.,0.));
#2286 = ( GEOMETRIC_REPRESENTATION_CONTEXT(2) 
PARAMETRIC_REPRESENTATION_CONTEXT() REPRESENTATION_CONTEXT('2D SPACE',''
  ) );
#2287 = PCURVE('',#1671,#2288);
#2288 = DEFINITIONAL_REPRESENTATION('',(#2289),#2293);
#2289 = LINE('',#2290,#2291);
#2290 = CARTESIAN_POINT('',(0.,0.));
#2291 = VECTOR('',#2292,1.);
#2292 = DIRECTION('',(1.,0.));
#2293 = ( GEOMETRIC_REPRESENTATION_CONTEXT(2) 
PARAMETRIC_REPRESENTATION_CONTEXT() REPRESENTATION_CONTEXT('2D SPACE',''
  ) );
#2294 = ORIENTED_EDGE('',*,*,#2295,.F.);
#2295 = EDGE_CURVE('',#2296,#2273,#2298,.T.);
#2296 = VERTEX_POINT('',#2297);
#2297 = CARTESIAN_POINT('',(-40.,95.,910.));
#2298 = SURFACE_CURVE('',#2299,(#2303,#2310),.PCURVE_S1.);
#2299 = LINE('',#2300,#2301);
#2300 = CARTESIAN_POINT('',(-40.,65.,910.));
#2301 = VECTOR('',#2302,1.);
#2302 = DIRECTION('',(-0.,1.,0.));
#2303 = PCURVE('',#1745,#2304);
#2304 = DEFINITIONAL_REPRESENTATION('',(#2305),#2309);
#2305 = LINE('',#2306,#2307);
#2306 = CARTESIAN_POINT('',(898.,0.));
#2307 = VECTOR('',#2308,1.);
#2308 = DIRECTION('',(0.,-1.));
#2309 = ( GEOMETRIC_REPRESENTATION_CONTEXT(2) 
PARAMETRIC_REPRESENTATION_CONTEXT() REPRESENTATION_CONTEXT('2D SPACE',''
  ) );
#2310 = PCURVE('',#1505,#2311);
#2311 = DEFINITIONAL_REPRESENTATION('',(#2312),#2316);
#2312 = LINE('',#2313,#2314);
#2313 = CARTESIAN_POINT('',(0.,0.));
#2314 = VECTOR('',#2315,1.);
#2315 = DIRECTION('',(0.,1.));
#2316 = ( GEOMETRIC_REPRESENTATION_CONTEXT(2) 
PARAMETRIC_REPRESENTATION_CONTEXT() REPRESENTATION_CONTEXT('2D SPACE',''
  ) );
#2317 = ORIENTED_EDGE('',*,*,#2318,.F.);
#2318 = EDGE_CURVE('',#2319,#2296,#2321,.T.);
#2319 = VERTEX_POINT('',#2320);
#2320 = CARTESIAN_POINT('',(-40.,95.,770.));
#2321 = SURFACE_CURVE('',#2322,(#2326,#2332),.PCURVE_S1.);
#2322 = LINE('',#2323,#2324);
#2323 = CARTESIAN_POINT('',(-40.,95.,391.));
#2324 = VECTOR('',#2325,1.);
#2325 = DIRECTION('',(0.,0.,1.));
#2326 = PCURVE('',#1745,#2327);
#2327 = DEFINITIONAL_REPRESENTATION('',(#2328),#2331);
#2328 = B_SPLINE_CURVE_WITH_KNOTS('',1,(#2329,#2330),.UNSPECIFIED.,.F.,
  .F.,(2,2),(379.,519.),.PIECEWISE_BEZIER_KNOTS.);
#2329 = CARTESIAN_POINT('',(758.,-30.));
#2330 = CARTESIAN_POINT('',(898.,-30.));
#2331 = ( GEOMETRIC_REPRESENTATION_CONTEXT(2) 
PARAMETRIC_REPRESENTATION_CONTEXT() REPRESENTATION_CONTEXT('2D SPACE',''
  ) );
#2332 = PCURVE('',#2333,#2338);
#2333 = PLANE('',#2334);
#2334 = AXIS2_PLACEMENT_3D('',#2335,#2336,#2337);
#2335 = CARTESIAN_POINT('',(-55.,95.,770.));
#2336 = DIRECTION('',(-0.,1.,0.));
#2337 = DIRECTION('',(0.,0.,1.));
#2338 = DEFINITIONAL_REPRESENTATION('',(#2339),#2342);
#2339 = B_SPLINE_CURVE_WITH_KNOTS('',1,(#2340,#2341),.UNSPECIFIED.,.F.,
  .F.,(2,2),(379.,519.),.PIECEWISE_BEZIER_KNOTS.);
#2340 = CARTESIAN_POINT('',(0.,15.));
#2341 = CARTESIAN_POINT('',(140.,15.));
#2342 = ( GEOMETRIC_REPRESENTATION_CONTEXT(2) 
PARAMETRIC_REPRESENTATION_CONTEXT() REPRESENTATION_CONTEXT('2D SPACE',''
  ) );
#2343 = ORIENTED_EDGE('',*,*,#2344,.T.);
#2344 = EDGE_CURVE('',#2319,#2249,#2345,.T.);
#2345 = SURFACE_CURVE('',#2346,(#2350,#2356),.PCURVE_S1.);
#2346 = LINE('',#2347,#2348);
#2347 = CARTESIAN_POINT('',(-40.,10.,770.));
#2348 = VECTOR('',#2349,1.);
#2349 = DIRECTION('',(0.,-1.,0.));
#2350 = PCURVE('',#1745,#2351);
#2351 = DEFINITIONAL_REPRESENTATION('',(#2352),#2355);
#2352 = B_SPLINE_CURVE_WITH_KNOTS('',1,(#2353,#2354),.UNSPECIFIED.,.F.,
  .F.,(2,2),(-85.,-55.),.PIECEWISE_BEZIER_KNOTS.);
#2353 = CARTESIAN_POINT('',(758.,-30.));
#2354 = CARTESIAN_POINT('',(758.,0.));
#2355 = ( GEOMETRIC_REPRESENTATION_CONTEXT(2) 
PARAMETRIC_REPRESENTATION_CONTEXT() REPRESENTATION_CONTEXT('2D SPACE',''
  ) );
#2356 = PCURVE('',#1451,#2357);
#2357 = DEFINITIONAL_REPRESENTATION('',(#2358),#2361);
#2358 = B_SPLINE_CURVE_WITH_KNOTS('',1,(#2359,#2360),.UNSPECIFIED.,.F.,
  .F.,(2,2),(-85.,-55.),.PIECEWISE_BEZIER_KNOTS.);
#2359 = CARTESIAN_POINT('',(15.,140.));
#2360 = CARTESIAN_POINT('',(15.,110.));
#2361 = ( GEOMETRIC_REPRESENTATION_CONTEXT(2) 
PARAMETRIC_REPRESENTATION_CONTEXT() REPRESENTATION_CONTEXT('2D SPACE',''
  ) );
#2362 = ADVANCED_FACE('',(#2363),#2333,.T.);
#2363 = FACE_BOUND('',#2364,.T.);
#2364 = EDGE_LOOP('',(#2365,#2388,#2416,#2437));
#2365 = ORIENTED_EDGE('',*,*,#2366,.F.);
#2366 = EDGE_CURVE('',#2367,#2319,#2369,.T.);
#2367 = VERTEX_POINT('',#2368);
#2368 = CARTESIAN_POINT('',(-55.,95.,770.));
#2369 = SURFACE_CURVE('',#2370,(#2374,#2381),.PCURVE_S1.);
#2370 = LINE('',#2371,#2372);
#2371 = CARTESIAN_POINT('',(-55.,95.,770.));
#2372 = VECTOR('',#2373,1.);
#2373 = DIRECTION('',(1.,0.,-0.));
#2374 = PCURVE('',#2333,#2375);
#2375 = DEFINITIONAL_REPRESENTATION('',(#2376),#2380);
#2376 = LINE('',#2377,#2378);
#2377 = CARTESIAN_POINT('',(0.,0.));
#2378 = VECTOR('',#2379,1.);
#2379 = DIRECTION('',(0.,1.));
#2380 = ( GEOMETRIC_REPRESENTATION_CONTEXT(2) 
PARAMETRIC_REPRESENTATION_CONTEXT() REPRESENTATION_CONTEXT('2D SPACE',''
  ) );
#2381 = PCURVE('',#1451,#2382);
#2382 = DEFINITIONAL_REPRESENTATION('',(#2383),#2387);
#2383 = LINE('',#2384,#2385);
#2384 = CARTESIAN_POINT('',(0.,140.));
#2385 = VECTOR('',#2386,1.);
#2386 = DIRECTION('',(1.,0.));
#2387 = ( GEOMETRIC_REPRESENTATION_CONTEXT(2) 
PARAMETRIC_REPRESENTATION_CONTEXT() REPRESENTATION_CONTEXT('2D SPACE',''
  ) );
#2388 = ORIENTED_EDGE('',*,*,#2389,.T.);
#2389 = EDGE_CURVE('',#2367,#2390,#2392,.T.);
#2390 = VERTEX_POINT('',#2391);
#2391 = CARTESIAN_POINT('',(-55.,95.,910.));
#2392 = SURFACE_CURVE('',#2393,(#2397,#2404),.PCURVE_S1.);
#2393 = LINE('',#2394,#2395);
#2394 = CARTESIAN_POINT('',(-55.,95.,770.));
#2395 = VECTOR('',#2396,1.);
#2396 = DIRECTION('',(0.,0.,1.));
#2397 = PCURVE('',#2333,#2398);
#2398 = DEFINITIONAL_REPRESENTATION('',(#2399),#2403);
#2399 = LINE('',#2400,#2401);
#2400 = CARTESIAN_POINT('',(0.,0.));
#2401 = VECTOR('',#2402,1.);
#2402 = DIRECTION('',(1.,0.));
#2403 = ( GEOMETRIC_REPRESENTATION_CONTEXT(2) 
PARAMETRIC_REPRESENTATION_CONTEXT() REPRESENTATION_CONTEXT('2D SPACE',''
  ) );
#2404 = PCURVE('',#2405,#2410);
#2405 = PLANE('',#2406);
#2406 = AXIS2_PLACEMENT_3D('',#2407,#2408,#2409);
#2407 = CARTESIAN_POINT('',(-55.,-45.,770.));
#2408 = DIRECTION('',(1.,0.,-0.));
#2409 = DIRECTION('',(0.,0.,1.));
#2410 = DEFINITIONAL_REPRESENTATION('',(#2411),#2415);
#2411 = LINE('',#2412,#2413);
#2412 = CARTESIAN_POINT('',(0.,-140.));
#2413 = VECTOR('',#2414,1.);
#2414 = DIRECTION('',(1.,0.));
#2415 = ( GEOMETRIC_REPRESENTATION_CONTEXT(2) 
PARAMETRIC_REPRESENTATION_CONTEXT() REPRESENTATION_CONTEXT('2D SPACE',''
  ) );
#2416 = ORIENTED_EDGE('',*,*,#2417,.T.);
#2417 = EDGE_CURVE('',#2390,#2296,#2418,.T.);
#2418 = SURFACE_CURVE('',#2419,(#2423,#2430),.PCURVE_S1.);
#2419 = LINE('',#2420,#2421);
#2420 = CARTESIAN_POINT('',(-55.,95.,910.));
#2421 = VECTOR('',#2422,1.);
#2422 = DIRECTION('',(1.,0.,-0.));
#2423 = PCURVE('',#2333,#2424);
#2424 = DEFINITIONAL_REPRESENTATION('',(#2425),#2429);
#2425 = LINE('',#2426,#2427);
#2426 = CARTESIAN_POINT('',(140.,0.));
#2427 = VECTOR('',#2428,1.);
#2428 = DIRECTION('',(0.,1.));
#2429 = ( GEOMETRIC_REPRESENTATION_CONTEXT(2) 
PARAMETRIC_REPRESENTATION_CONTEXT() REPRESENTATION_CONTEXT('2D SPACE',''
  ) );
#2430 = PCURVE('',#1505,#2431);
#2431 = DEFINITIONAL_REPRESENTATION('',(#2432),#2436);
#2432 = LINE('',#2433,#2434);
#2433 = CARTESIAN_POINT('',(-15.,30.));
#2434 = VECTOR('',#2435,1.);
#2435 = DIRECTION('',(1.,0.));
#2436 = ( GEOMETRIC_REPRESENTATION_CONTEXT(2) 
PARAMETRIC_REPRESENTATION_CONTEXT() REPRESENTATION_CONTEXT('2D SPACE',''
  ) );
#2437 = ORIENTED_EDGE('',*,*,#2318,.F.);
#2438 = ADVANCED_FACE('',(#2439,#2509),#2405,.F.);
#2439 = FACE_BOUND('',#2440,.F.);
#2440 = EDGE_LOOP('',(#2441,#2466,#2487,#2488));
#2441 = ORIENTED_EDGE('',*,*,#2442,.F.);
#2442 = EDGE_CURVE('',#2443,#2445,#2447,.T.);
#2443 = VERTEX_POINT('',#2444);
#2444 = CARTESIAN_POINT('',(-55.,-45.,770.));
#2445 = VERTEX_POINT('',#2446);
#2446 = CARTESIAN_POINT('',(-55.,-45.,910.));
#2447 = SURFACE_CURVE('',#2448,(#2452,#2459),.PCURVE_S1.);
#2448 = LINE('',#2449,#2450);
#2449 = CARTESIAN_POINT('',(-55.,-45.,770.));
#2450 = VECTOR('',#2451,1.);
#2451 = DIRECTION('',(0.,0.,1.));
#2452 = PCURVE('',#2405,#2453);
#2453 = DEFINITIONAL_REPRESENTATION('',(#2454),#2458);
#2454 = LINE('',#2455,#2456);
#2455 = CARTESIAN_POINT('',(0.,0.));
#2456 = VECTOR('',#2457,1.);
#2457 = DIRECTION('',(1.,0.));
#2458 = ( GEOMETRIC_REPRESENTATION_CONTEXT(2) 
PARAMETRIC_REPRESENTATION_CONTEXT() REPRESENTATION_CONTEXT('2D SPACE',''
  ) );
#2459 = PCURVE('',#1423,#2460);
#2460 = DEFINITIONAL_REPRESENTATION('',(#2461),#2465);
#2461 = LINE('',#2462,#2463);
#2462 = CARTESIAN_POINT('',(0.,0.));
#2463 = VECTOR('',#2464,1.);
#2464 = DIRECTION('',(1.,0.));
#2465 = ( GEOMETRIC_REPRESENTATION_CONTEXT(2) 
PARAMETRIC_REPRESENTATION_CONTEXT() REPRESENTATION_CONTEXT('2D SPACE',''
  ) );
#2466 = ORIENTED_EDGE('',*,*,#2467,.T.);
#2467 = EDGE_CURVE('',#2443,#2367,#2468,.T.);
#2468 = SURFACE_CURVE('',#2469,(#2473,#2480),.PCURVE_S1.);
#2469 = LINE('',#2470,#2471);
#2470 = CARTESIAN_POINT('',(-55.,-45.,770.));
#2471 = VECTOR('',#2472,1.);
#2472 = DIRECTION('',(-0.,1.,0.));
#2473 = PCURVE('',#2405,#2474);
#2474 = DEFINITIONAL_REPRESENTATION('',(#2475),#2479);
#2475 = LINE('',#2476,#2477);
#2476 = CARTESIAN_POINT('',(0.,0.));
#2477 = VECTOR('',#2478,1.);
#2478 = DIRECTION('',(0.,-1.));
#2479 = ( GEOMETRIC_REPRESENTATION_CONTEXT(2) 
PARAMETRIC_REPRESENTATION_CONTEXT() REPRESENTATION_CONTEXT('2D SPACE',''
  ) );
#2480 = PCURVE('',#1451,#2481);
#2481 = DEFINITIONAL_REPRESENTATION('',(#2482),#2486);
#2482 = LINE('',#2483,#2484);
#2483 = CARTESIAN_POINT('',(0.,0.));
#2484 = VECTOR('',#2485,1.);
#2485 = DIRECTION('',(0.,1.));
#2486 = ( GEOMETRIC_REPRESENTATION_CONTEXT(2) 
PARAMETRIC_REPRESENTATION_CONTEXT() REPRESENTATION_CONTEXT('2D SPACE',''
  ) );
#2487 = ORIENTED_EDGE('',*,*,#2389,.T.);
#2488 = ORIENTED_EDGE('',*,*,#2489,.F.);
#2489 = EDGE_CURVE('',#2445,#2390,#2490,.T.);
#2490 = SURFACE_CURVE('',#2491,(#2495,#2502),.PCURVE_S1.);
#2491 = LINE('',#2492,#2493);
#2492 = CARTESIAN_POINT('',(-55.,-45.,910.));
#2493 = VECTOR('',#2494,1.);
#2494 = DIRECTION('',(-0.,1.,0.));
#2495 = PCURVE('',#2405,#2496);
#2496 = DEFINITIONAL_REPRESENTATION('',(#2497),#2501);
#2497 = LINE('',#2498,#2499);
#2498 = CARTESIAN_POINT('',(140.,0.));
#2499 = VECTOR('',#2500,1.);
#2500 = DIRECTION('',(0.,-1.));
#2501 = ( GEOMETRIC_REPRESENTATION_CONTEXT(2) 
PARAMETRIC_REPRESENTATION_CONTEXT() REPRESENTATION_CONTEXT('2D SPACE',''
  ) );
#2502 = PCURVE('',#1505,#2503);
#2503 = DEFINITIONAL_REPRESENTATION('',(#2504),#2508);
#2504 = LINE('',#2505,#2506);
#2505 = CARTESIAN_POINT('',(-15.,-110.));
#2506 = VECTOR('',#2507,1.);
#2507 = DIRECTION('',(0.,1.));
#2508 = ( GEOMETRIC_REPRESENTATION_CONTEXT(2) 
PARAMETRIC_REPRESENTATION_CONTEXT() REPRESENTATION_CONTEXT('2D SPACE',''
  ) );
#2509 = FACE_BOUND('',#2510,.F.);
#2510 = EDGE_LOOP('',(#2511));
#2511 = ORIENTED_EDGE('',*,*,#2512,.F.);
#2512 = EDGE_CURVE('',#2513,#2513,#2515,.T.);
#2513 = VERTEX_POINT('',#2514);
#2514 = CARTESIAN_POINT('',(-55.,30.,854.));
#2515 = SURFACE_CURVE('',#2516,(#2521,#2528),.PCURVE_S1.);
#2516 = CIRCLE('',#2517,14.);
#2517 = AXIS2_PLACEMENT_3D('',#2518,#2519,#2520);
#2518 = CARTESIAN_POINT('',(-55.,30.,840.));
#2519 = DIRECTION('',(1.,0.,0.));
#2520 = DIRECTION('',(-0.,0.,1.));
#2521 = PCURVE('',#2405,#2522);
#2522 = DEFINITIONAL_REPRESENTATION('',(#2523),#2527);
#2523 = CIRCLE('',#2524,14.);
#2524 = AXIS2_PLACEMENT_2D('',#2525,#2526);
#2525 = CARTESIAN_POINT('',(70.,-75.));
#2526 = DIRECTION('',(1.,0.));
#2527 = ( GEOMETRIC_REPRESENTATION_CONTEXT(2) 
PARAMETRIC_REPRESENTATION_CONTEXT() REPRESENTATION_CONTEXT('2D SPACE',''
  ) );
#2528 = PCURVE('',#2529,#2534);
#2529 = CYLINDRICAL_SURFACE('',#2530,14.);
#2530 = AXIS2_PLACEMENT_3D('',#2531,#2532,#2533);
#2531 = CARTESIAN_POINT('',(-75.,30.,840.));
#2532 = DIRECTION('',(1.,0.,0.));
#2533 = DIRECTION('',(-0.,0.,1.));
#2534 = DEFINITIONAL_REPRESENTATION('',(#2535),#2539);
#2535 = LINE('',#2536,#2537);
#2536 = CARTESIAN_POINT('',(0.,20.));
#2537 = VECTOR('',#2538,1.);
#2538 = DIRECTION('',(1.,0.));
#2539 = ( GEOMETRIC_REPRESENTATION_CONTEXT(2) 
PARAMETRIC_REPRESENTATION_CONTEXT() REPRESENTATION_CONTEXT('2D SPACE',''
  ) );
#2540 = ADVANCED_FACE('',(#2541),#2529,.T.);
#2541 = FACE_BOUND('',#2542,.T.);
#2542 = EDGE_LOOP('',(#2543,#2544,#2567,#2594));
#2543 = ORIENTED_EDGE('',*,*,#2512,.F.);
#2544 = ORIENTED_EDGE('',*,*,#2545,.F.);
#2545 = EDGE_CURVE('',#2546,#2513,#2548,.T.);
#2546 = VERTEX_POINT('',#2547);
#2547 = CARTESIAN_POINT('',(-75.,30.,854.));
#2548 = SEAM_CURVE('',#2549,(#2553,#2560),.PCURVE_S1.);
#2549 = LINE('',#2550,#2551);
#2550 = CARTESIAN_POINT('',(-75.,30.,854.));
#2551 = VECTOR('',#2552,1.);
#2552 = DIRECTION('',(1.,0.,0.));
#2553 = PCURVE('',#2529,#2554);
#2554 = DEFINITIONAL_REPRESENTATION('',(#2555),#2559);
#2555 = LINE('',#2556,#2557);
#2556 = CARTESIAN_POINT('',(6.28318530718,-0.));
#2557 = VECTOR('',#2558,1.);
#2558 = DIRECTION('',(0.,1.));
#2559 = ( GEOMETRIC_REPRESENTATION_CONTEXT(2) 
PARAMETRIC_REPRESENTATION_CONTEXT() REPRESENTATION_CONTEXT('2D SPACE',''
  ) );
#2560 = PCURVE('',#2529,#2561);
#2561 = DEFINITIONAL_REPRESENTATION('',(#2562),#2566);
#2562 = LINE('',#2563,#2564);
#2563 = CARTESIAN_POINT('',(0.,-0.));
#2564 = VECTOR('',#2565,1.);
#2565 = DIRECTION('',(0.,1.));
#2566 = ( GEOMETRIC_REPRESENTATION_CONTEXT(2) 
PARAMETRIC_REPRESENTATION_CONTEXT() REPRESENTATION_CONTEXT('2D SPACE',''
  ) );
#2567 = ORIENTED_EDGE('',*,*,#2568,.T.);
#2568 = EDGE_CURVE('',#2546,#2546,#2569,.T.);
#2569 = SURFACE_CURVE('',#2570,(#2575,#2582),.PCURVE_S1.);
#2570 = CIRCLE('',#2571,14.);
#2571 = AXIS2_PLACEMENT_3D('',#2572,#2573,#2574);
#2572 = CARTESIAN_POINT('',(-75.,30.,840.));
#2573 = DIRECTION('',(1.,0.,0.));
#2574 = DIRECTION('',(-0.,0.,1.));
#2575 = PCURVE('',#2529,#2576);
#2576 = DEFINITIONAL_REPRESENTATION('',(#2577),#2581);
#2577 = LINE('',#2578,#2579);
#2578 = CARTESIAN_POINT('',(0.,0.));
#2579 = VECTOR('',#2580,1.);
#2580 = DIRECTION('',(1.,0.));
#2581 = ( GEOMETRIC_REPRESENTATION_CONTEXT(2) 
PARAMETRIC_REPRESENTATION_CONTEXT() REPRESENTATION_CONTEXT('2D SPACE',''
  ) );
#2582 = PCURVE('',#2583,#2588);
#2583 = PLANE('',#2584);
#2584 = AXIS2_PLACEMENT_3D('',#2585,#2586,#2587);
#2585 = CARTESIAN_POINT('',(-75.,30.,840.));
#2586 = DIRECTION('',(1.,0.,0.));
#2587 = DIRECTION('',(-0.,0.,1.));
#2588 = DEFINITIONAL_REPRESENTATION('',(#2589),#2593);
#2589 = CIRCLE('',#2590,14.);
#2590 = AXIS2_PLACEMENT_2D('',#2591,#2592);
#2591 = CARTESIAN_POINT('',(0.,0.));
#2592 = DIRECTION('',(1.,0.));
#2593 = ( GEOMETRIC_REPRESENTATION_CONTEXT(2) 
PARAMETRIC_REPRESENTATION_CONTEXT() REPRESENTATION_CONTEXT('2D SPACE',''
  ) );
#2594 = ORIENTED_EDGE('',*,*,#2545,.T.);
#2595 = ADVANCED_FACE('',(#2596),#2583,.F.);
#2596 = FACE_BOUND('',#2597,.T.);
#2597 = EDGE_LOOP('',(#2598));
#2598 = ORIENTED_EDGE('',*,*,#2568,.F.);
#2599 = ADVANCED_FACE('',(#2600),#1671,.T.);
#2600 = FACE_BOUND('',#2601,.T.);
#2601 = EDGE_LOOP('',(#2602,#2603,#2604,#2625));
#2602 = ORIENTED_EDGE('',*,*,#1779,.F.);
#2603 = ORIENTED_EDGE('',*,*,#2272,.T.);
#2604 = ORIENTED_EDGE('',*,*,#2605,.T.);
#2605 = EDGE_CURVE('',#2273,#1656,#2606,.T.);
#2606 = SURFACE_CURVE('',#2607,(#2611,#2618),.PCURVE_S1.);
#2607 = LINE('',#2608,#2609);
#2608 = CARTESIAN_POINT('',(-40.,125.,910.));
#2609 = VECTOR('',#2610,1.);
#2610 = DIRECTION('',(1.,0.,-0.));
#2611 = PCURVE('',#1671,#2612);
#2612 = DEFINITIONAL_REPRESENTATION('',(#2613),#2617);
#2613 = LINE('',#2614,#2615);
#2614 = CARTESIAN_POINT('',(898.,0.));
#2615 = VECTOR('',#2616,1.);
#2616 = DIRECTION('',(0.,1.));
#2617 = ( GEOMETRIC_REPRESENTATION_CONTEXT(2) 
PARAMETRIC_REPRESENTATION_CONTEXT() REPRESENTATION_CONTEXT('2D SPACE',''
  ) );
#2618 = PCURVE('',#1505,#2619);
#2619 = DEFINITIONAL_REPRESENTATION('',(#2620),#2624);
#2620 = LINE('',#2621,#2622);
#2621 = CARTESIAN_POINT('',(0.,60.));
#2622 = VECTOR('',#2623,1.);
#2623 = DIRECTION('',(1.,0.));
#2624 = ( GEOMETRIC_REPRESENTATION_CONTEXT(2) 
PARAMETRIC_REPRESENTATION_CONTEXT() REPRESENTATION_CONTEXT('2D SPACE',''
  ) );
#2625 = ORIENTED_EDGE('',*,*,#1655,.F.);
#2626 = ADVANCED_FACE('',(#2627),#1615,.F.);
#2627 = FACE_BOUND('',#2628,.F.);
#2628 = EDGE_LOOP('',(#2629,#2630,#2631,#2632));
#2629 = ORIENTED_EDGE('',*,*,#1597,.F.);
#2630 = ORIENTED_EDGE('',*,*,#1757,.F.);
#2631 = ORIENTED_EDGE('',*,*,#2248,.T.);
#2632 = ORIENTED_EDGE('',*,*,#2633,.T.);
#2633 = EDGE_CURVE('',#2249,#1600,#2634,.T.);
#2634 = SURFACE_CURVE('',#2635,(#2639,#2645),.PCURVE_S1.);
#2635 = LINE('',#2636,#2637);
#2636 = CARTESIAN_POINT('',(-47.5,65.,770.));
#2637 = VECTOR('',#2638,1.);
#2638 = DIRECTION('',(1.,0.,-0.));
#2639 = PCURVE('',#1615,#2640);
#2640 = DEFINITIONAL_REPRESENTATION('',(#2641),#2644);
#2641 = B_SPLINE_CURVE_WITH_KNOTS('',1,(#2642,#2643),.UNSPECIFIED.,.F.,
  .F.,(2,2),(7.5,87.5),.PIECEWISE_BEZIER_KNOTS.);
#2642 = CARTESIAN_POINT('',(758.,0.));
#2643 = CARTESIAN_POINT('',(758.,80.));
#2644 = ( GEOMETRIC_REPRESENTATION_CONTEXT(2) 
PARAMETRIC_REPRESENTATION_CONTEXT() REPRESENTATION_CONTEXT('2D SPACE',''
  ) );
#2645 = PCURVE('',#1451,#2646);
#2646 = DEFINITIONAL_REPRESENTATION('',(#2647),#2650);
#2647 = B_SPLINE_CURVE_WITH_KNOTS('',1,(#2648,#2649),.UNSPECIFIED.,.F.,
  .F.,(2,2),(7.5,87.5),.PIECEWISE_BEZIER_KNOTS.);
#2648 = CARTESIAN_POINT('',(15.,110.));
#2649 = CARTESIAN_POINT('',(95.,110.));
#2650 = ( GEOMETRIC_REPRESENTATION_CONTEXT(2) 
PARAMETRIC_REPRESENTATION_CONTEXT() REPRESENTATION_CONTEXT('2D SPACE',''
  ) );
#2651 = ADVANCED_FACE('',(#2652,#2682),#1451,.F.);
#2652 = FACE_BOUND('',#2653,.F.);
#2653 = EDGE_LOOP('',(#2654,#2655,#2656,#2677,#2678,#2679,#2680,#2681));
#2654 = ORIENTED_EDGE('',*,*,#2366,.F.);
#2655 = ORIENTED_EDGE('',*,*,#2467,.F.);
#2656 = ORIENTED_EDGE('',*,*,#2657,.T.);
#2657 = EDGE_CURVE('',#2443,#1406,#2658,.T.);
#2658 = SURFACE_CURVE('',#2659,(#2663,#2670),.PCURVE_S1.);
#2659 = LINE('',#2660,#2661);
#2660 = CARTESIAN_POINT('',(-55.,-45.,770.));
#2661 = VECTOR('',#2662,1.);
#2662 = DIRECTION('',(1.,0.,-0.));
#2663 = PCURVE('',#1451,#2664);
#2664 = DEFINITIONAL_REPRESENTATION('',(#2665),#2669);
#2665 = LINE('',#2666,#2667);
#2666 = CARTESIAN_POINT('',(0.,0.));
#2667 = VECTOR('',#2668,1.);
#2668 = DIRECTION('',(1.,0.));
#2669 = ( GEOMETRIC_REPRESENTATION_CONTEXT(2) 
PARAMETRIC_REPRESENTATION_CONTEXT() REPRESENTATION_CONTEXT('2D SPACE',''
  ) );
#2670 = PCURVE('',#1423,#2671);
#2671 = DEFINITIONAL_REPRESENTATION('',(#2672),#2676);
#2672 = LINE('',#2673,#2674);
#2673 = CARTESIAN_POINT('',(0.,0.));
#2674 = VECTOR('',#2675,1.);
#2675 = DIRECTION('',(0.,1.));
#2676 = ( GEOMETRIC_REPRESENTATION_CONTEXT(2) 
PARAMETRIC_REPRESENTATION_CONTEXT() REPRESENTATION_CONTEXT('2D SPACE',''
  ) );
#2677 = ORIENTED_EDGE('',*,*,#1435,.T.);
#2678 = ORIENTED_EDGE('',*,*,#1523,.F.);
#2679 = ORIENTED_EDGE('',*,*,#1705,.T.);
#2680 = ORIENTED_EDGE('',*,*,#2633,.F.);
#2681 = ORIENTED_EDGE('',*,*,#2344,.F.);
#2682 = FACE_BOUND('',#2683,.F.);
#2683 = EDGE_LOOP('',(#2684,#2712,#2738,#2764));
#2684 = ORIENTED_EDGE('',*,*,#2685,.T.);
#2685 = EDGE_CURVE('',#2686,#2688,#2690,.T.);
#2686 = VERTEX_POINT('',#2687);
#2687 = CARTESIAN_POINT('',(15.,-15.,770.));
#2688 = VERTEX_POINT('',#2689);
#2689 = CARTESIAN_POINT('',(-15.,-15.,770.));
#2690 = SURFACE_CURVE('',#2691,(#2695,#2701),.PCURVE_S1.);
#2691 = LINE('',#2692,#2693);
#2692 = CARTESIAN_POINT('',(-35.,-15.,770.));
#2693 = VECTOR('',#2694,1.);
#2694 = DIRECTION('',(-1.,-0.,0.));
#2695 = PCURVE('',#1451,#2696);
#2696 = DEFINITIONAL_REPRESENTATION('',(#2697),#2700);
#2697 = B_SPLINE_CURVE_WITH_KNOTS('',1,(#2698,#2699),.UNSPECIFIED.,.F.,
  .F.,(2,2),(-50.,-20.),.PIECEWISE_BEZIER_KNOTS.);
#2698 = CARTESIAN_POINT('',(70.,30.));
#2699 = CARTESIAN_POINT('',(40.,30.));
#2700 = ( GEOMETRIC_REPRESENTATION_CONTEXT(2) 
PARAMETRIC_REPRESENTATION_CONTEXT() REPRESENTATION_CONTEXT('2D SPACE',''
  ) );
#2701 = PCURVE('',#2702,#2707);
#2702 = PLANE('',#2703);
#2703 = AXIS2_PLACEMENT_3D('',#2704,#2705,#2706);
#2704 = CARTESIAN_POINT('',(-15.,-15.,769.));
#2705 = DIRECTION('',(-0.,1.,0.));
#2706 = DIRECTION('',(0.,0.,1.));
#2707 = DEFINITIONAL_REPRESENTATION('',(#2708),#2711);
#2708 = B_SPLINE_CURVE_WITH_KNOTS('',1,(#2709,#2710),.UNSPECIFIED.,.F.,
  .F.,(2,2),(-50.,-20.),.PIECEWISE_BEZIER_KNOTS.);
#2709 = CARTESIAN_POINT('',(1.,30.));
#2710 = CARTESIAN_POINT('',(1.,0.));
#2711 = ( GEOMETRIC_REPRESENTATION_CONTEXT(2) 
PARAMETRIC_REPRESENTATION_CONTEXT() REPRESENTATION_CONTEXT('2D SPACE',''
  ) );
#2712 = ORIENTED_EDGE('',*,*,#2713,.T.);
#2713 = EDGE_CURVE('',#2688,#2714,#2716,.T.);
#2714 = VERTEX_POINT('',#2715);
#2715 = CARTESIAN_POINT('',(-15.,15.,770.));
#2716 = SURFACE_CURVE('',#2717,(#2721,#2727),.PCURVE_S1.);
#2717 = LINE('',#2718,#2719);
#2718 = CARTESIAN_POINT('',(-15.,-30.,770.));
#2719 = VECTOR('',#2720,1.);
#2720 = DIRECTION('',(-0.,1.,0.));
#2721 = PCURVE('',#1451,#2722);
#2722 = DEFINITIONAL_REPRESENTATION('',(#2723),#2726);
#2723 = B_SPLINE_CURVE_WITH_KNOTS('',1,(#2724,#2725),.UNSPECIFIED.,.F.,
  .F.,(2,2),(15.,45.),.PIECEWISE_BEZIER_KNOTS.);
#2724 = CARTESIAN_POINT('',(40.,30.));
#2725 = CARTESIAN_POINT('',(40.,60.));
#2726 = ( GEOMETRIC_REPRESENTATION_CONTEXT(2) 
PARAMETRIC_REPRESENTATION_CONTEXT() REPRESENTATION_CONTEXT('2D SPACE',''
  ) );
#2727 = PCURVE('',#2728,#2733);
#2728 = PLANE('',#2729);
#2729 = AXIS2_PLACEMENT_3D('',#2730,#2731,#2732);
#2730 = CARTESIAN_POINT('',(-15.,-15.,769.));
#2731 = DIRECTION('',(1.,0.,-0.));
#2732 = DIRECTION('',(0.,0.,1.));
#2733 = DEFINITIONAL_REPRESENTATION('',(#2734),#2737);
#2734 = B_SPLINE_CURVE_WITH_KNOTS('',1,(#2735,#2736),.UNSPECIFIED.,.F.,
  .F.,(2,2),(15.,45.),.PIECEWISE_BEZIER_KNOTS.);
#2735 = CARTESIAN_POINT('',(1.,0.));
#2736 = CARTESIAN_POINT('',(1.,-30.));
#2737 = ( GEOMETRIC_REPRESENTATION_CONTEXT(2) 
PARAMETRIC_REPRESENTATION_CONTEXT() REPRESENTATION_CONTEXT('2D SPACE',''
  ) );
#2738 = ORIENTED_EDGE('',*,*,#2739,.F.);
#2739 = EDGE_CURVE('',#2740,#2714,#2742,.T.);
#2740 = VERTEX_POINT('',#2741);
#2741 = CARTESIAN_POINT('',(15.,15.,770.));
#2742 = SURFACE_CURVE('',#2743,(#2747,#2753),.PCURVE_S1.);
#2743 = LINE('',#2744,#2745);
#2744 = CARTESIAN_POINT('',(-35.,15.,770.));
#2745 = VECTOR('',#2746,1.);
#2746 = DIRECTION('',(-1.,-0.,0.));
#2747 = PCURVE('',#1451,#2748);
#2748 = DEFINITIONAL_REPRESENTATION('',(#2749),#2752);
#2749 = B_SPLINE_CURVE_WITH_KNOTS('',1,(#2750,#2751),.UNSPECIFIED.,.F.,
  .F.,(2,2),(-50.,-20.),.PIECEWISE_BEZIER_KNOTS.);
#2750 = CARTESIAN_POINT('',(70.,60.));
#2751 = CARTESIAN_POINT('',(40.,60.));
#2752 = ( GEOMETRIC_REPRESENTATION_CONTEXT(2) 
PARAMETRIC_REPRESENTATION_CONTEXT() REPRESENTATION_CONTEXT('2D SPACE',''
  ) );
#2753 = PCURVE('',#2754,#2759);
#2754 = PLANE('',#2755);
#2755 = AXIS2_PLACEMENT_3D('',#2756,#2757,#2758);
#2756 = CARTESIAN_POINT('',(-15.,15.,769.));
#2757 = DIRECTION('',(-0.,1.,0.));
#2758 = DIRECTION('',(0.,0.,1.));
#2759 = DEFINITIONAL_REPRESENTATION('',(#2760),#2763);
#2760 = B_SPLINE_CURVE_WITH_KNOTS('',1,(#2761,#2762),.UNSPECIFIED.,.F.,
  .F.,(2,2),(-50.,-20.),.PIECEWISE_BEZIER_KNOTS.);
#2761 = CARTESIAN_POINT('',(1.,30.));
#2762 = CARTESIAN_POINT('',(1.,0.));
#2763 = ( GEOMETRIC_REPRESENTATION_CONTEXT(2) 
PARAMETRIC_REPRESENTATION_CONTEXT() REPRESENTATION_CONTEXT('2D SPACE',''
  ) );
#2764 = ORIENTED_EDGE('',*,*,#2765,.F.);
#2765 = EDGE_CURVE('',#2686,#2740,#2766,.T.);
#2766 = SURFACE_CURVE('',#2767,(#2771,#2777),.PCURVE_S1.);
#2767 = LINE('',#2768,#2769);
#2768 = CARTESIAN_POINT('',(15.,-30.,770.));
#2769 = VECTOR('',#2770,1.);
#2770 = DIRECTION('',(-0.,1.,0.));
#2771 = PCURVE('',#1451,#2772);
#2772 = DEFINITIONAL_REPRESENTATION('',(#2773),#2776);
#2773 = B_SPLINE_CURVE_WITH_KNOTS('',1,(#2774,#2775),.UNSPECIFIED.,.F.,
  .F.,(2,2),(15.,45.),.PIECEWISE_BEZIER_KNOTS.);
#2774 = CARTESIAN_POINT('',(70.,30.));
#2775 = CARTESIAN_POINT('',(70.,60.));
#2776 = ( GEOMETRIC_REPRESENTATION_CONTEXT(2) 
PARAMETRIC_REPRESENTATION_CONTEXT() REPRESENTATION_CONTEXT('2D SPACE',''
  ) );
#2777 = PCURVE('',#2778,#2783);
#2778 = PLANE('',#2779);
#2779 = AXIS2_PLACEMENT_3D('',#2780,#2781,#2782);
#2780 = CARTESIAN_POINT('',(15.,-15.,769.));
#2781 = DIRECTION('',(1.,0.,-0.));
#2782 = DIRECTION('',(0.,0.,1.));
#2783 = DEFINITIONAL_REPRESENTATION('',(#2784),#2787);
#2784 = B_SPLINE_CURVE_WITH_KNOTS('',1,(#2785,#2786),.UNSPECIFIED.,.F.,
  .F.,(2,2),(15.,45.),.PIECEWISE_BEZIER_KNOTS.);
#2785 = CARTESIAN_POINT('',(1.,0.));
#2786 = CARTESIAN_POINT('',(1.,-30.));
#2787 = ( GEOMETRIC_REPRESENTATION_CONTEXT(2) 
PARAMETRIC_REPRESENTATION_CONTEXT() REPRESENTATION_CONTEXT('2D SPACE',''
  ) );
#2788 = ADVANCED_FACE('',(#2789),#2754,.F.);
#2789 = FACE_BOUND('',#2790,.F.);
#2790 = EDGE_LOOP('',(#2791,#2814,#2815,#2838));
#2791 = ORIENTED_EDGE('',*,*,#2792,.F.);
#2792 = EDGE_CURVE('',#2740,#2793,#2795,.T.);
#2793 = VERTEX_POINT('',#2794);
#2794 = CARTESIAN_POINT('',(15.,15.,910.));
#2795 = SURFACE_CURVE('',#2796,(#2800,#2807),.PCURVE_S1.);
#2796 = LINE('',#2797,#2798);
#2797 = CARTESIAN_POINT('',(15.,15.,769.));
#2798 = VECTOR('',#2799,1.);
#2799 = DIRECTION('',(0.,0.,1.));
#2800 = PCURVE('',#2754,#2801);
#2801 = DEFINITIONAL_REPRESENTATION('',(#2802),#2806);
#2802 = LINE('',#2803,#2804);
#2803 = CARTESIAN_POINT('',(0.,30.));
#2804 = VECTOR('',#2805,1.);
#2805 = DIRECTION('',(1.,0.));
#2806 = ( GEOMETRIC_REPRESENTATION_CONTEXT(2) 
PARAMETRIC_REPRESENTATION_CONTEXT() REPRESENTATION_CONTEXT('2D SPACE',''
  ) );
#2807 = PCURVE('',#2778,#2808);
#2808 = DEFINITIONAL_REPRESENTATION('',(#2809),#2813);
#2809 = LINE('',#2810,#2811);
#2810 = CARTESIAN_POINT('',(0.,-30.));
#2811 = VECTOR('',#2812,1.);
#2812 = DIRECTION('',(1.,0.));
#2813 = ( GEOMETRIC_REPRESENTATION_CONTEXT(2) 
PARAMETRIC_REPRESENTATION_CONTEXT() REPRESENTATION_CONTEXT('2D SPACE',''
  ) );
#2814 = ORIENTED_EDGE('',*,*,#2739,.T.);
#2815 = ORIENTED_EDGE('',*,*,#2816,.T.);
#2816 = EDGE_CURVE('',#2714,#2817,#2819,.T.);
#2817 = VERTEX_POINT('',#2818);
#2818 = CARTESIAN_POINT('',(-15.,15.,910.));
#2819 = SURFACE_CURVE('',#2820,(#2824,#2831),.PCURVE_S1.);
#2820 = LINE('',#2821,#2822);
#2821 = CARTESIAN_POINT('',(-15.,15.,769.));
#2822 = VECTOR('',#2823,1.);
#2823 = DIRECTION('',(0.,0.,1.));
#2824 = PCURVE('',#2754,#2825);
#2825 = DEFINITIONAL_REPRESENTATION('',(#2826),#2830);
#2826 = LINE('',#2827,#2828);
#2827 = CARTESIAN_POINT('',(0.,0.));
#2828 = VECTOR('',#2829,1.);
#2829 = DIRECTION('',(1.,0.));
#2830 = ( GEOMETRIC_REPRESENTATION_CONTEXT(2) 
PARAMETRIC_REPRESENTATION_CONTEXT() REPRESENTATION_CONTEXT('2D SPACE',''
  ) );
#2831 = PCURVE('',#2728,#2832);
#2832 = DEFINITIONAL_REPRESENTATION('',(#2833),#2837);
#2833 = LINE('',#2834,#2835);
#2834 = CARTESIAN_POINT('',(0.,-30.));
#2835 = VECTOR('',#2836,1.);
#2836 = DIRECTION('',(1.,0.));
#2837 = ( GEOMETRIC_REPRESENTATION_CONTEXT(2) 
PARAMETRIC_REPRESENTATION_CONTEXT() REPRESENTATION_CONTEXT('2D SPACE',''
  ) );
#2838 = ORIENTED_EDGE('',*,*,#2839,.F.);
#2839 = EDGE_CURVE('',#2793,#2817,#2840,.T.);
#2840 = SURFACE_CURVE('',#2841,(#2845,#2851),.PCURVE_S1.);
#2841 = LINE('',#2842,#2843);
#2842 = CARTESIAN_POINT('',(-35.,15.,910.));
#2843 = VECTOR('',#2844,1.);
#2844 = DIRECTION('',(-1.,-0.,0.));
#2845 = PCURVE('',#2754,#2846);
#2846 = DEFINITIONAL_REPRESENTATION('',(#2847),#2850);
#2847 = B_SPLINE_CURVE_WITH_KNOTS('',1,(#2848,#2849),.UNSPECIFIED.,.F.,
  .F.,(2,2),(-50.,-20.),.PIECEWISE_BEZIER_KNOTS.);
#2848 = CARTESIAN_POINT('',(141.,30.));
#2849 = CARTESIAN_POINT('',(141.,0.));
#2850 = ( GEOMETRIC_REPRESENTATION_CONTEXT(2) 
PARAMETRIC_REPRESENTATION_CONTEXT() REPRESENTATION_CONTEXT('2D SPACE',''
  ) );
#2851 = PCURVE('',#1505,#2852);
#2852 = DEFINITIONAL_REPRESENTATION('',(#2853),#2857);
#2853 = LINE('',#2854,#2855);
#2854 = CARTESIAN_POINT('',(5.,-50.));
#2855 = VECTOR('',#2856,1.);
#2856 = DIRECTION('',(-1.,0.));
#2857 = ( GEOMETRIC_REPRESENTATION_CONTEXT(2) 
PARAMETRIC_REPRESENTATION_CONTEXT() REPRESENTATION_CONTEXT('2D SPACE',''
  ) );
#2858 = ADVANCED_FACE('',(#2859),#2728,.T.);
#2859 = FACE_BOUND('',#2860,.T.);
#2860 = EDGE_LOOP('',(#2861,#2884,#2885,#2886));
#2861 = ORIENTED_EDGE('',*,*,#2862,.F.);
#2862 = EDGE_CURVE('',#2688,#2863,#2865,.T.);
#2863 = VERTEX_POINT('',#2864);
#2864 = CARTESIAN_POINT('',(-15.,-15.,910.));
#2865 = SURFACE_CURVE('',#2866,(#2870,#2877),.PCURVE_S1.);
#2866 = LINE('',#2867,#2868);
#2867 = CARTESIAN_POINT('',(-15.,-15.,769.));
#2868 = VECTOR('',#2869,1.);
#2869 = DIRECTION('',(0.,0.,1.));
#2870 = PCURVE('',#2728,#2871);
#2871 = DEFINITIONAL_REPRESENTATION('',(#2872),#2876);
#2872 = LINE('',#2873,#2874);
#2873 = CARTESIAN_POINT('',(0.,0.));
#2874 = VECTOR('',#2875,1.);
#2875 = DIRECTION('',(1.,0.));
#2876 = ( GEOMETRIC_REPRESENTATION_CONTEXT(2) 
PARAMETRIC_REPRESENTATION_CONTEXT() REPRESENTATION_CONTEXT('2D SPACE',''
  ) );
#2877 = PCURVE('',#2702,#2878);
#2878 = DEFINITIONAL_REPRESENTATION('',(#2879),#2883);
#2879 = LINE('',#2880,#2881);
#2880 = CARTESIAN_POINT('',(0.,0.));
#2881 = VECTOR('',#2882,1.);
#2882 = DIRECTION('',(1.,0.));
#2883 = ( GEOMETRIC_REPRESENTATION_CONTEXT(2) 
PARAMETRIC_REPRESENTATION_CONTEXT() REPRESENTATION_CONTEXT('2D SPACE',''
  ) );
#2884 = ORIENTED_EDGE('',*,*,#2713,.T.);
#2885 = ORIENTED_EDGE('',*,*,#2816,.T.);
#2886 = ORIENTED_EDGE('',*,*,#2887,.F.);
#2887 = EDGE_CURVE('',#2863,#2817,#2888,.T.);
#2888 = SURFACE_CURVE('',#2889,(#2893,#2899),.PCURVE_S1.);
#2889 = LINE('',#2890,#2891);
#2890 = CARTESIAN_POINT('',(-15.,-30.,910.));
#2891 = VECTOR('',#2892,1.);
#2892 = DIRECTION('',(-0.,1.,0.));
#2893 = PCURVE('',#2728,#2894);
#2894 = DEFINITIONAL_REPRESENTATION('',(#2895),#2898);
#2895 = B_SPLINE_CURVE_WITH_KNOTS('',1,(#2896,#2897),.UNSPECIFIED.,.F.,
  .F.,(2,2),(15.,45.),.PIECEWISE_BEZIER_KNOTS.);
#2896 = CARTESIAN_POINT('',(141.,0.));
#2897 = CARTESIAN_POINT('',(141.,-30.));
#2898 = ( GEOMETRIC_REPRESENTATION_CONTEXT(2) 
PARAMETRIC_REPRESENTATION_CONTEXT() REPRESENTATION_CONTEXT('2D SPACE',''
  ) );
#2899 = PCURVE('',#1505,#2900);
#2900 = DEFINITIONAL_REPRESENTATION('',(#2901),#2905);
#2901 = LINE('',#2902,#2903);
#2902 = CARTESIAN_POINT('',(25.,-95.));
#2903 = VECTOR('',#2904,1.);
#2904 = DIRECTION('',(0.,1.));
#2905 = ( GEOMETRIC_REPRESENTATION_CONTEXT(2) 
PARAMETRIC_REPRESENTATION_CONTEXT() REPRESENTATION_CONTEXT('2D SPACE',''
  ) );
#2906 = ADVANCED_FACE('',(#2907),#2778,.F.);
#2907 = FACE_BOUND('',#2908,.F.);
#2908 = EDGE_LOOP('',(#2909,#2932,#2933,#2934));
#2909 = ORIENTED_EDGE('',*,*,#2910,.F.);
#2910 = EDGE_CURVE('',#2686,#2911,#2913,.T.);
#2911 = VERTEX_POINT('',#2912);
#2912 = CARTESIAN_POINT('',(15.,-15.,910.));
#2913 = SURFACE_CURVE('',#2914,(#2918,#2925),.PCURVE_S1.);
#2914 = LINE('',#2915,#2916);
#2915 = CARTESIAN_POINT('',(15.,-15.,769.));
#2916 = VECTOR('',#2917,1.);
#2917 = DIRECTION('',(0.,0.,1.));
#2918 = PCURVE('',#2778,#2919);
#2919 = DEFINITIONAL_REPRESENTATION('',(#2920),#2924);
#2920 = LINE('',#2921,#2922);
#2921 = CARTESIAN_POINT('',(0.,0.));
#2922 = VECTOR('',#2923,1.);
#2923 = DIRECTION('',(1.,0.));
#2924 = ( GEOMETRIC_REPRESENTATION_CONTEXT(2) 
PARAMETRIC_REPRESENTATION_CONTEXT() REPRESENTATION_CONTEXT('2D SPACE',''
  ) );
#2925 = PCURVE('',#2702,#2926);
#2926 = DEFINITIONAL_REPRESENTATION('',(#2927),#2931);
#2927 = LINE('',#2928,#2929);
#2928 = CARTESIAN_POINT('',(0.,30.));
#2929 = VECTOR('',#2930,1.);
#2930 = DIRECTION('',(1.,0.));
#2931 = ( GEOMETRIC_REPRESENTATION_CONTEXT(2) 
PARAMETRIC_REPRESENTATION_CONTEXT() REPRESENTATION_CONTEXT('2D SPACE',''
  ) );
#2932 = ORIENTED_EDGE('',*,*,#2765,.T.);
#2933 = ORIENTED_EDGE('',*,*,#2792,.T.);
#2934 = ORIENTED_EDGE('',*,*,#2935,.F.);
#2935 = EDGE_CURVE('',#2911,#2793,#2936,.T.);
#2936 = SURFACE_CURVE('',#2937,(#2941,#2947),.PCURVE_S1.);
#2937 = LINE('',#2938,#2939);
#2938 = CARTESIAN_POINT('',(15.,-30.,910.));
#2939 = VECTOR('',#2940,1.);
#2940 = DIRECTION('',(-0.,1.,0.));
#2941 = PCURVE('',#2778,#2942);
#2942 = DEFINITIONAL_REPRESENTATION('',(#2943),#2946);
#2943 = B_SPLINE_CURVE_WITH_KNOTS('',1,(#2944,#2945),.UNSPECIFIED.,.F.,
  .F.,(2,2),(15.,45.),.PIECEWISE_BEZIER_KNOTS.);
#2944 = CARTESIAN_POINT('',(141.,0.));
#2945 = CARTESIAN_POINT('',(141.,-30.));
#2946 = ( GEOMETRIC_REPRESENTATION_CONTEXT(2) 
PARAMETRIC_REPRESENTATION_CONTEXT() REPRESENTATION_CONTEXT('2D SPACE',''
  ) );
#2947 = PCURVE('',#1505,#2948);
#2948 = DEFINITIONAL_REPRESENTATION('',(#2949),#2953);
#2949 = LINE('',#2950,#2951);
#2950 = CARTESIAN_POINT('',(55.,-95.));
#2951 = VECTOR('',#2952,1.);
#2952 = DIRECTION('',(0.,1.));
#2953 = ( GEOMETRIC_REPRESENTATION_CONTEXT(2) 
PARAMETRIC_REPRESENTATION_CONTEXT() REPRESENTATION_CONTEXT('2D SPACE',''
  ) );
#2954 = ADVANCED_FACE('',(#2955),#2702,.T.);
#2955 = FACE_BOUND('',#2956,.T.);
#2956 = EDGE_LOOP('',(#2957,#2958,#2959,#2960));
#2957 = ORIENTED_EDGE('',*,*,#2910,.F.);
#2958 = ORIENTED_EDGE('',*,*,#2685,.T.);
#2959 = ORIENTED_EDGE('',*,*,#2862,.T.);
#2960 = ORIENTED_EDGE('',*,*,#2961,.F.);
#2961 = EDGE_CURVE('',#2911,#2863,#2962,.T.);
#2962 = SURFACE_CURVE('',#2963,(#2967,#2973),.PCURVE_S1.);
#2963 = LINE('',#2964,#2965);
#2964 = CARTESIAN_POINT('',(-35.,-15.,910.));
#2965 = VECTOR('',#2966,1.);
#2966 = DIRECTION('',(-1.,-0.,0.));
#2967 = PCURVE('',#2702,#2968);
#2968 = DEFINITIONAL_REPRESENTATION('',(#2969),#2972);
#2969 = B_SPLINE_CURVE_WITH_KNOTS('',1,(#2970,#2971),.UNSPECIFIED.,.F.,
  .F.,(2,2),(-50.,-20.),.PIECEWISE_BEZIER_KNOTS.);
#2970 = CARTESIAN_POINT('',(141.,30.));
#2971 = CARTESIAN_POINT('',(141.,0.));
#2972 = ( GEOMETRIC_REPRESENTATION_CONTEXT(2) 
PARAMETRIC_REPRESENTATION_CONTEXT() REPRESENTATION_CONTEXT('2D SPACE',''
  ) );
#2973 = PCURVE('',#1505,#2974);
#2974 = DEFINITIONAL_REPRESENTATION('',(#2975),#2979);
#2975 = LINE('',#2976,#2977);
#2976 = CARTESIAN_POINT('',(5.,-80.));
#2977 = VECTOR('',#2978,1.);
#2978 = DIRECTION('',(-1.,0.));
#2979 = ( GEOMETRIC_REPRESENTATION_CONTEXT(2) 
PARAMETRIC_REPRESENTATION_CONTEXT() REPRESENTATION_CONTEXT('2D SPACE',''
  ) );
#2980 = ADVANCED_FACE('',(#2981,#3011,#3017),#1505,.T.);
#2981 = FACE_BOUND('',#2982,.T.);
#2982 = EDGE_LOOP('',(#2983,#2984,#2985,#2986,#3007,#3008,#3009,#3010));
#2983 = ORIENTED_EDGE('',*,*,#2295,.F.);
#2984 = ORIENTED_EDGE('',*,*,#2417,.F.);
#2985 = ORIENTED_EDGE('',*,*,#2489,.F.);
#2986 = ORIENTED_EDGE('',*,*,#2987,.T.);
#2987 = EDGE_CURVE('',#2445,#1408,#2988,.T.);
#2988 = SURFACE_CURVE('',#2989,(#2993,#3000),.PCURVE_S1.);
#2989 = LINE('',#2990,#2991);
#2990 = CARTESIAN_POINT('',(-55.,-45.,910.));
#2991 = VECTOR('',#2992,1.);
#2992 = DIRECTION('',(1.,0.,-0.));
#2993 = PCURVE('',#1505,#2994);
#2994 = DEFINITIONAL_REPRESENTATION('',(#2995),#2999);
#2995 = LINE('',#2996,#2997);
#2996 = CARTESIAN_POINT('',(-15.,-110.));
#2997 = VECTOR('',#2998,1.);
#2998 = DIRECTION('',(1.,0.));
#2999 = ( GEOMETRIC_REPRESENTATION_CONTEXT(2) 
PARAMETRIC_REPRESENTATION_CONTEXT() REPRESENTATION_CONTEXT('2D SPACE',''
  ) );
#3000 = PCURVE('',#1423,#3001);
#3001 = DEFINITIONAL_REPRESENTATION('',(#3002),#3006);
#3002 = LINE('',#3003,#3004);
#3003 = CARTESIAN_POINT('',(140.,0.));
#3004 = VECTOR('',#3005,1.);
#3005 = DIRECTION('',(0.,1.));
#3006 = ( GEOMETRIC_REPRESENTATION_CONTEXT(2) 
PARAMETRIC_REPRESENTATION_CONTEXT() REPRESENTATION_CONTEXT('2D SPACE',''
  ) );
#3007 = ORIENTED_EDGE('',*,*,#1491,.T.);
#3008 = ORIENTED_EDGE('',*,*,#1572,.F.);
#3009 = ORIENTED_EDGE('',*,*,#1683,.T.);
#3010 = ORIENTED_EDGE('',*,*,#2605,.F.);
#3011 = FACE_BOUND('',#3012,.T.);
#3012 = EDGE_LOOP('',(#3013,#3014,#3015,#3016));
#3013 = ORIENTED_EDGE('',*,*,#2216,.F.);
#3014 = ORIENTED_EDGE('',*,*,#2055,.F.);
#3015 = ORIENTED_EDGE('',*,*,#1956,.T.);
#3016 = ORIENTED_EDGE('',*,*,#2170,.F.);
#3017 = FACE_BOUND('',#3018,.T.);
#3018 = EDGE_LOOP('',(#3019,#3020,#3021,#3022));
#3019 = ORIENTED_EDGE('',*,*,#2839,.F.);
#3020 = ORIENTED_EDGE('',*,*,#2935,.F.);
#3021 = ORIENTED_EDGE('',*,*,#2961,.T.);
#3022 = ORIENTED_EDGE('',*,*,#2887,.T.);
#3023 = ADVANCED_FACE('',(#3024),#1423,.F.);
#3024 = FACE_BOUND('',#3025,.F.);
#3025 = EDGE_LOOP('',(#3026,#3027,#3028,#3029));
#3026 = ORIENTED_EDGE('',*,*,#2657,.F.);
#3027 = ORIENTED_EDGE('',*,*,#2442,.T.);
#3028 = ORIENTED_EDGE('',*,*,#2987,.T.);
#3029 = ORIENTED_EDGE('',*,*,#1405,.F.);
#3030 = ADVANCED_FACE('',(#3031),#456,.F.);
#3031 = FACE_BOUND('',#3032,.F.);
#3032 = EDGE_LOOP('',(#3033,#3034,#3035,#3036,#3037));
#3033 = ORIENTED_EDGE('',*,*,#432,.T.);
#3034 = ORIENTED_EDGE('',*,*,#1155,.F.);
#3035 = ORIENTED_EDGE('',*,*,#1379,.F.);
#3036 = ORIENTED_EDGE('',*,*,#1356,.F.);
#3037 = ORIENTED_EDGE('',*,*,#1273,.T.);
#3038 = ( GEOMETRIC_REPRESENTATION_CONTEXT(3) 
GLOBAL_UNCERTAINTY_ASSIGNED_CONTEXT((#3042)) 
GLOBAL_UNIT_ASSIGNED_CONTEXT((#3039,#3040,#3041)) REPRESENTATION_CONTEXT
('Context #1','3D Context with UNIT and UNCERTAINTY') );
#3039 = ( LENGTH_UNIT() NAMED_UNIT(*) SI_UNIT(.MILLI.,.METRE.) );
#3040 = ( NAMED_UNIT(*) PLANE_ANGLE_UNIT() SI_UNIT($,.RADIAN.) );
#3041 = ( NAMED_UNIT(*) SI_UNIT($,.STERADIAN.) SOLID_ANGLE_UNIT() );
#3042 = UNCERTAINTY_MEASURE_WITH_UNIT(LENGTH_MEASURE(2.E-07),#3039,
  'distance_accuracy_value','confusion accuracy');
#3043 = CONTEXT_DEPENDENT_SHAPE_REPRESENTATION(#3044,#3046);
#3044 = ( REPRESENTATION_RELATIONSHIP('','',#425,#10) 
REPRESENTATION_RELATIONSHIP_WITH_TRANSFORMATION(#3045) 
SHAPE_REPRESENTATION_RELATIONSHIP() );
#3045 = ITEM_DEFINED_TRANSFORMATION('','',#11,#19);
#3046 = PRODUCT_DEFINITION_SHAPE('Placement','Placement of an item',
  #3047);
#3047 = NEXT_ASSEMBLY_USAGE_OCCURRENCE('2','=>[0:1:1:3]','',#5,#420,$);
#3048 = PRODUCT_RELATED_PRODUCT_CATEGORY('part',$,(#422));
#3049 = SHAPE_DEFINITION_REPRESENTATION(#3050,#3056);
#3050 = PRODUCT_DEFINITION_SHAPE('','',#3051);
#3051 = PRODUCT_DEFINITION('design','',#3052,#3055);
#3052 = PRODUCT_DEFINITION_FORMATION('','',#3053);
#3053 = PRODUCT('COMPOUND','COMPOUND','',(#3054));
#3054 = PRODUCT_CONTEXT('',#2,'mechanical');
#3055 = PRODUCT_DEFINITION_CONTEXT('part definition',#2,'design');
#3056 = ADVANCED_BREP_SHAPE_REPRESENTATION('',(#11,#3057),#3387);
#3057 = MANIFOLD_SOLID_BREP('',#3058);
#3058 = CLOSED_SHELL('',(#3059,#3179,#3279,#3326,#3373,#3380));
#3059 = ADVANCED_FACE('',(#3060),#3074,.F.);
#3060 = FACE_BOUND('',#3061,.F.);
#3061 = EDGE_LOOP('',(#3062,#3097,#3125,#3153));
#3062 = ORIENTED_EDGE('',*,*,#3063,.F.);
#3063 = EDGE_CURVE('',#3064,#3066,#3068,.T.);
#3064 = VERTEX_POINT('',#3065);
#3065 = CARTESIAN_POINT('',(-14.,-14.,-127.5));
#3066 = VERTEX_POINT('',#3067);
#3067 = CARTESIAN_POINT('',(-14.,-14.,127.5));
#3068 = SURFACE_CURVE('',#3069,(#3073,#3085),.PCURVE_S1.);
#3069 = LINE('',#3070,#3071);
#3070 = CARTESIAN_POINT('',(-14.,-14.,-127.5));
#3071 = VECTOR('',#3072,1.);
#3072 = DIRECTION('',(0.,0.,1.));
#3073 = PCURVE('',#3074,#3079);
#3074 = PLANE('',#3075);
#3075 = AXIS2_PLACEMENT_3D('',#3076,#3077,#3078);
#3076 = CARTESIAN_POINT('',(-14.,-14.,-127.5));
#3077 = DIRECTION('',(1.,0.,-0.));
#3078 = DIRECTION('',(0.,0.,1.));
#3079 = DEFINITIONAL_REPRESENTATION('',(#3080),#3084);
#3080 = LINE('',#3081,#3082);
#3081 = CARTESIAN_POINT('',(0.,0.));
#3082 = VECTOR('',#3083,1.);
#3083 = DIRECTION('',(1.,0.));
#3084 = ( GEOMETRIC_REPRESENTATION_CONTEXT(2) 
PARAMETRIC_REPRESENTATION_CONTEXT() REPRESENTATION_CONTEXT('2D SPACE',''
  ) );
#3085 = PCURVE('',#3086,#3091);
#3086 = PLANE('',#3087);
#3087 = AXIS2_PLACEMENT_3D('',#3088,#3089,#3090);
#3088 = CARTESIAN_POINT('',(-14.,-14.,-127.5));
#3089 = DIRECTION('',(-0.,1.,0.));
#3090 = DIRECTION('',(0.,0.,1.));
#3091 = DEFINITIONAL_REPRESENTATION('',(#3092),#3096);
#3092 = LINE('',#3093,#3094);
#3093 = CARTESIAN_POINT('',(0.,0.));
#3094 = VECTOR('',#3095,1.);
#3095 = DIRECTION('',(1.,0.));
#3096 = ( GEOMETRIC_REPRESENTATION_CONTEXT(2) 
PARAMETRIC_REPRESENTATION_CONTEXT() REPRESENTATION_CONTEXT('2D SPACE',''
  ) );
#3097 = ORIENTED_EDGE('',*,*,#3098,.T.);
#3098 = EDGE_CURVE('',#3064,#3099,#3101,.T.);
#3099 = VERTEX_POINT('',#3100);
#3100 = CARTESIAN_POINT('',(-14.,14.,-127.5));
#3101 = SURFACE_CURVE('',#3102,(#3106,#3113),.PCURVE_S1.);
#3102 = LINE('',#3103,#3104);
#3103 = CARTESIAN_POINT('',(-14.,-14.,-127.5));
#3104 = VECTOR('',#3105,1.);
#3105 = DIRECTION('',(-0.,1.,0.));
#3106 = PCURVE('',#3074,#3107);
#3107 = DEFINITIONAL_REPRESENTATION('',(#3108),#3112);
#3108 = LINE('',#3109,#3110);
#3109 = CARTESIAN_POINT('',(0.,0.));
#3110 = VECTOR('',#3111,1.);
#3111 = DIRECTION('',(0.,-1.));
#3112 = ( GEOMETRIC_REPRESENTATION_CONTEXT(2) 
PARAMETRIC_REPRESENTATION_CONTEXT() REPRESENTATION_CONTEXT('2D SPACE',''
  ) );
#3113 = PCURVE('',#3114,#3119);
#3114 = PLANE('',#3115);
#3115 = AXIS2_PLACEMENT_3D('',#3116,#3117,#3118);
#3116 = CARTESIAN_POINT('',(-14.,-14.,-127.5));
#3117 = DIRECTION('',(0.,0.,1.));
#3118 = DIRECTION('',(1.,0.,-0.));
#3119 = DEFINITIONAL_REPRESENTATION('',(#3120),#3124);
#3120 = LINE('',#3121,#3122);
#3121 = CARTESIAN_POINT('',(0.,0.));
#3122 = VECTOR('',#3123,1.);
#3123 = DIRECTION('',(0.,1.));
#3124 = ( GEOMETRIC_REPRESENTATION_CONTEXT(2) 
PARAMETRIC_REPRESENTATION_CONTEXT() REPRESENTATION_CONTEXT('2D SPACE',''
  ) );
#3125 = ORIENTED_EDGE('',*,*,#3126,.T.);
#3126 = EDGE_CURVE('',#3099,#3127,#3129,.T.);
#3127 = VERTEX_POINT('',#3128);
#3128 = CARTESIAN_POINT('',(-14.,14.,127.5));
#3129 = SURFACE_CURVE('',#3130,(#3134,#3141),.PCURVE_S1.);
#3130 = LINE('',#3131,#3132);
#3131 = CARTESIAN_POINT('',(-14.,14.,-127.5));
#3132 = VECTOR('',#3133,1.);
#3133 = DIRECTION('',(0.,0.,1.));
#3134 = PCURVE('',#3074,#3135);
#3135 = DEFINITIONAL_REPRESENTATION('',(#3136),#3140);
#3136 = LINE('',#3137,#3138);
#3137 = CARTESIAN_POINT('',(0.,-28.));
#3138 = VECTOR('',#3139,1.);
#3139 = DIRECTION('',(1.,0.));
#3140 = ( GEOMETRIC_REPRESENTATION_CONTEXT(2) 
PARAMETRIC_REPRESENTATION_CONTEXT() REPRESENTATION_CONTEXT('2D SPACE',''
  ) );
#3141 = PCURVE('',#3142,#3147);
#3142 = PLANE('',#3143);
#3143 = AXIS2_PLACEMENT_3D('',#3144,#3145,#3146);
#3144 = CARTESIAN_POINT('',(-14.,14.,-127.5));
#3145 = DIRECTION('',(-0.,1.,0.));
#3146 = DIRECTION('',(0.,0.,1.));
#3147 = DEFINITIONAL_REPRESENTATION('',(#3148),#3152);
#3148 = LINE('',#3149,#3150);
#3149 = CARTESIAN_POINT('',(0.,0.));
#3150 = VECTOR('',#3151,1.);
#3151 = DIRECTION('',(1.,0.));
#3152 = ( GEOMETRIC_REPRESENTATION_CONTEXT(2) 
PARAMETRIC_REPRESENTATION_CONTEXT() REPRESENTATION_CONTEXT('2D SPACE',''
  ) );
#3153 = ORIENTED_EDGE('',*,*,#3154,.F.);
#3154 = EDGE_CURVE('',#3066,#3127,#3155,.T.);
#3155 = SURFACE_CURVE('',#3156,(#3160,#3167),.PCURVE_S1.);
#3156 = LINE('',#3157,#3158);
#3157 = CARTESIAN_POINT('',(-14.,-14.,127.5));
#3158 = VECTOR('',#3159,1.);
#3159 = DIRECTION('',(-0.,1.,0.));
#3160 = PCURVE('',#3074,#3161);
#3161 = DEFINITIONAL_REPRESENTATION('',(#3162),#3166);
#3162 = LINE('',#3163,#3164);
#3163 = CARTESIAN_POINT('',(255.,0.));
#3164 = VECTOR('',#3165,1.);
#3165 = DIRECTION('',(0.,-1.));
#3166 = ( GEOMETRIC_REPRESENTATION_CONTEXT(2) 
PARAMETRIC_REPRESENTATION_CONTEXT() REPRESENTATION_CONTEXT('2D SPACE',''
  ) );
#3167 = PCURVE('',#3168,#3173);
#3168 = PLANE('',#3169);
#3169 = AXIS2_PLACEMENT_3D('',#3170,#3171,#3172);
#3170 = CARTESIAN_POINT('',(-14.,-14.,127.5));
#3171 = DIRECTION('',(0.,0.,1.));
#3172 = DIRECTION('',(1.,0.,-0.));
#3173 = DEFINITIONAL_REPRESENTATION('',(#3174),#3178);
#3174 = LINE('',#3175,#3176);
#3175 = CARTESIAN_POINT('',(0.,0.));
#3176 = VECTOR('',#3177,1.);
#3177 = DIRECTION('',(0.,1.));
#3178 = ( GEOMETRIC_REPRESENTATION_CONTEXT(2) 
PARAMETRIC_REPRESENTATION_CONTEXT() REPRESENTATION_CONTEXT('2D SPACE',''
  ) );
#3179 = ADVANCED_FACE('',(#3180),#3194,.T.);
#3180 = FACE_BOUND('',#3181,.T.);
#3181 = EDGE_LOOP('',(#3182,#3212,#3235,#3258));
#3182 = ORIENTED_EDGE('',*,*,#3183,.F.);
#3183 = EDGE_CURVE('',#3184,#3186,#3188,.T.);
#3184 = VERTEX_POINT('',#3185);
#3185 = CARTESIAN_POINT('',(14.,-14.,-127.5));
#3186 = VERTEX_POINT('',#3187);
#3187 = CARTESIAN_POINT('',(14.,-14.,127.5));
#3188 = SURFACE_CURVE('',#3189,(#3193,#3205),.PCURVE_S1.);
#3189 = LINE('',#3190,#3191);
#3190 = CARTESIAN_POINT('',(14.,-14.,-127.5));
#3191 = VECTOR('',#3192,1.);
#3192 = DIRECTION('',(0.,0.,1.));
#3193 = PCURVE('',#3194,#3199);
#3194 = PLANE('',#3195);
#3195 = AXIS2_PLACEMENT_3D('',#3196,#3197,#3198);
#3196 = CARTESIAN_POINT('',(14.,-14.,-127.5));
#3197 = DIRECTION('',(1.,0.,-0.));
#3198 = DIRECTION('',(0.,0.,1.));
#3199 = DEFINITIONAL_REPRESENTATION('',(#3200),#3204);
#3200 = LINE('',#3201,#3202);
#3201 = CARTESIAN_POINT('',(0.,0.));
#3202 = VECTOR('',#3203,1.);
#3203 = DIRECTION('',(1.,0.));
#3204 = ( GEOMETRIC_REPRESENTATION_CONTEXT(2) 
PARAMETRIC_REPRESENTATION_CONTEXT() REPRESENTATION_CONTEXT('2D SPACE',''
  ) );
#3205 = PCURVE('',#3086,#3206);
#3206 = DEFINITIONAL_REPRESENTATION('',(#3207),#3211);
#3207 = LINE('',#3208,#3209);
#3208 = CARTESIAN_POINT('',(0.,28.));
#3209 = VECTOR('',#3210,1.);
#3210 = DIRECTION('',(1.,0.));
#3211 = ( GEOMETRIC_REPRESENTATION_CONTEXT(2) 
PARAMETRIC_REPRESENTATION_CONTEXT() REPRESENTATION_CONTEXT('2D SPACE',''
  ) );
#3212 = ORIENTED_EDGE('',*,*,#3213,.T.);
#3213 = EDGE_CURVE('',#3184,#3214,#3216,.T.);
#3214 = VERTEX_POINT('',#3215);
#3215 = CARTESIAN_POINT('',(14.,14.,-127.5));
#3216 = SURFACE_CURVE('',#3217,(#3221,#3228),.PCURVE_S1.);
#3217 = LINE('',#3218,#3219);
#3218 = CARTESIAN_POINT('',(14.,-14.,-127.5));
#3219 = VECTOR('',#3220,1.);
#3220 = DIRECTION('',(-0.,1.,0.));
#3221 = PCURVE('',#3194,#3222);
#3222 = DEFINITIONAL_REPRESENTATION('',(#3223),#3227);
#3223 = LINE('',#3224,#3225);
#3224 = CARTESIAN_POINT('',(0.,0.));
#3225 = VECTOR('',#3226,1.);
#3226 = DIRECTION('',(0.,-1.));
#3227 = ( GEOMETRIC_REPRESENTATION_CONTEXT(2) 
PARAMETRIC_REPRESENTATION_CONTEXT() REPRESENTATION_CONTEXT('2D SPACE',''
  ) );
#3228 = PCURVE('',#3114,#3229);
#3229 = DEFINITIONAL_REPRESENTATION('',(#3230),#3234);
#3230 = LINE('',#3231,#3232);
#3231 = CARTESIAN_POINT('',(28.,0.));
#3232 = VECTOR('',#3233,1.);
#3233 = DIRECTION('',(0.,1.));
#3234 = ( GEOMETRIC_REPRESENTATION_CONTEXT(2) 
PARAMETRIC_REPRESENTATION_CONTEXT() REPRESENTATION_CONTEXT('2D SPACE',''
  ) );
#3235 = ORIENTED_EDGE('',*,*,#3236,.T.);
#3236 = EDGE_CURVE('',#3214,#3237,#3239,.T.);
#3237 = VERTEX_POINT('',#3238);
#3238 = CARTESIAN_POINT('',(14.,14.,127.5));
#3239 = SURFACE_CURVE('',#3240,(#3244,#3251),.PCURVE_S1.);
#3240 = LINE('',#3241,#3242);
#3241 = CARTESIAN_POINT('',(14.,14.,-127.5));
#3242 = VECTOR('',#3243,1.);
#3243 = DIRECTION('',(0.,0.,1.));
#3244 = PCURVE('',#3194,#3245);
#3245 = DEFINITIONAL_REPRESENTATION('',(#3246),#3250);
#3246 = LINE('',#3247,#3248);
#3247 = CARTESIAN_POINT('',(0.,-28.));
#3248 = VECTOR('',#3249,1.);
#3249 = DIRECTION('',(1.,0.));
#3250 = ( GEOMETRIC_REPRESENTATION_CONTEXT(2) 
PARAMETRIC_REPRESENTATION_CONTEXT() REPRESENTATION_CONTEXT('2D SPACE',''
  ) );
#3251 = PCURVE('',#3142,#3252);
#3252 = DEFINITIONAL_REPRESENTATION('',(#3253),#3257);
#3253 = LINE('',#3254,#3255);
#3254 = CARTESIAN_POINT('',(0.,28.));
#3255 = VECTOR('',#3256,1.);
#3256 = DIRECTION('',(1.,0.));
#3257 = ( GEOMETRIC_REPRESENTATION_CONTEXT(2) 
PARAMETRIC_REPRESENTATION_CONTEXT() REPRESENTATION_CONTEXT('2D SPACE',''
  ) );
#3258 = ORIENTED_EDGE('',*,*,#3259,.F.);
#3259 = EDGE_CURVE('',#3186,#3237,#3260,.T.);
#3260 = SURFACE_CURVE('',#3261,(#3265,#3272),.PCURVE_S1.);
#3261 = LINE('',#3262,#3263);
#3262 = CARTESIAN_POINT('',(14.,-14.,127.5));
#3263 = VECTOR('',#3264,1.);
#3264 = DIRECTION('',(-0.,1.,0.));
#3265 = PCURVE('',#3194,#3266);
#3266 = DEFINITIONAL_REPRESENTATION('',(#3267),#3271);
#3267 = LINE('',#3268,#3269);
#3268 = CARTESIAN_POINT('',(255.,0.));
#3269 = VECTOR('',#3270,1.);
#3270 = DIRECTION('',(0.,-1.));
#3271 = ( GEOMETRIC_REPRESENTATION_CONTEXT(2) 
PARAMETRIC_REPRESENTATION_CONTEXT() REPRESENTATION_CONTEXT('2D SPACE',''
  ) );
#3272 = PCURVE('',#3168,#3273);
#3273 = DEFINITIONAL_REPRESENTATION('',(#3274),#3278);
#3274 = LINE('',#3275,#3276);
#3275 = CARTESIAN_POINT('',(28.,0.));
#3276 = VECTOR('',#3277,1.);
#3277 = DIRECTION('',(0.,1.));
#3278 = ( GEOMETRIC_REPRESENTATION_CONTEXT(2) 
PARAMETRIC_REPRESENTATION_CONTEXT() REPRESENTATION_CONTEXT('2D SPACE',''
  ) );
#3279 = ADVANCED_FACE('',(#3280),#3086,.F.);
#3280 = FACE_BOUND('',#3281,.F.);
#3281 = EDGE_LOOP('',(#3282,#3303,#3304,#3325));
#3282 = ORIENTED_EDGE('',*,*,#3283,.F.);
#3283 = EDGE_CURVE('',#3064,#3184,#3284,.T.);
#3284 = SURFACE_CURVE('',#3285,(#3289,#3296),.PCURVE_S1.);
#3285 = LINE('',#3286,#3287);
#3286 = CARTESIAN_POINT('',(-14.,-14.,-127.5));
#3287 = VECTOR('',#3288,1.);
#3288 = DIRECTION('',(1.,0.,-0.));
#3289 = PCURVE('',#3086,#3290);
#3290 = DEFINITIONAL_REPRESENTATION('',(#3291),#3295);
#3291 = LINE('',#3292,#3293);
#3292 = CARTESIAN_POINT('',(0.,0.));
#3293 = VECTOR('',#3294,1.);
#3294 = DIRECTION('',(0.,1.));
#3295 = ( GEOMETRIC_REPRESENTATION_CONTEXT(2) 
PARAMETRIC_REPRESENTATION_CONTEXT() REPRESENTATION_CONTEXT('2D SPACE',''
  ) );
#3296 = PCURVE('',#3114,#3297);
#3297 = DEFINITIONAL_REPRESENTATION('',(#3298),#3302);
#3298 = LINE('',#3299,#3300);
#3299 = CARTESIAN_POINT('',(0.,0.));
#3300 = VECTOR('',#3301,1.);
#3301 = DIRECTION('',(1.,0.));
#3302 = ( GEOMETRIC_REPRESENTATION_CONTEXT(2) 
PARAMETRIC_REPRESENTATION_CONTEXT() REPRESENTATION_CONTEXT('2D SPACE',''
  ) );
#3303 = ORIENTED_EDGE('',*,*,#3063,.T.);
#3304 = ORIENTED_EDGE('',*,*,#3305,.T.);
#3305 = EDGE_CURVE('',#3066,#3186,#3306,.T.);
#3306 = SURFACE_CURVE('',#3307,(#3311,#3318),.PCURVE_S1.);
#3307 = LINE('',#3308,#3309);
#3308 = CARTESIAN_POINT('',(-14.,-14.,127.5));
#3309 = VECTOR('',#3310,1.);
#3310 = DIRECTION('',(1.,0.,-0.));
#3311 = PCURVE('',#3086,#3312);
#3312 = DEFINITIONAL_REPRESENTATION('',(#3313),#3317);
#3313 = LINE('',#3314,#3315);
#3314 = CARTESIAN_POINT('',(255.,0.));
#3315 = VECTOR('',#3316,1.);
#3316 = DIRECTION('',(0.,1.));
#3317 = ( GEOMETRIC_REPRESENTATION_CONTEXT(2) 
PARAMETRIC_REPRESENTATION_CONTEXT() REPRESENTATION_CONTEXT('2D SPACE',''
  ) );
#3318 = PCURVE('',#3168,#3319);
#3319 = DEFINITIONAL_REPRESENTATION('',(#3320),#3324);
#3320 = LINE('',#3321,#3322);
#3321 = CARTESIAN_POINT('',(0.,0.));
#3322 = VECTOR('',#3323,1.);
#3323 = DIRECTION('',(1.,0.));
#3324 = ( GEOMETRIC_REPRESENTATION_CONTEXT(2) 
PARAMETRIC_REPRESENTATION_CONTEXT() REPRESENTATION_CONTEXT('2D SPACE',''
  ) );
#3325 = ORIENTED_EDGE('',*,*,#3183,.F.);
#3326 = ADVANCED_FACE('',(#3327),#3142,.T.);
#3327 = FACE_BOUND('',#3328,.T.);
#3328 = EDGE_LOOP('',(#3329,#3350,#3351,#3372));
#3329 = ORIENTED_EDGE('',*,*,#3330,.F.);
#3330 = EDGE_CURVE('',#3099,#3214,#3331,.T.);
#3331 = SURFACE_CURVE('',#3332,(#3336,#3343),.PCURVE_S1.);
#3332 = LINE('',#3333,#3334);
#3333 = CARTESIAN_POINT('',(-14.,14.,-127.5));
#3334 = VECTOR('',#3335,1.);
#3335 = DIRECTION('',(1.,0.,-0.));
#3336 = PCURVE('',#3142,#3337);
#3337 = DEFINITIONAL_REPRESENTATION('',(#3338),#3342);
#3338 = LINE('',#3339,#3340);
#3339 = CARTESIAN_POINT('',(0.,0.));
#3340 = VECTOR('',#3341,1.);
#3341 = DIRECTION('',(0.,1.));
#3342 = ( GEOMETRIC_REPRESENTATION_CONTEXT(2) 
PARAMETRIC_REPRESENTATION_CONTEXT() REPRESENTATION_CONTEXT('2D SPACE',''
  ) );
#3343 = PCURVE('',#3114,#3344);
#3344 = DEFINITIONAL_REPRESENTATION('',(#3345),#3349);
#3345 = LINE('',#3346,#3347);
#3346 = CARTESIAN_POINT('',(0.,28.));
#3347 = VECTOR('',#3348,1.);
#3348 = DIRECTION('',(1.,0.));
#3349 = ( GEOMETRIC_REPRESENTATION_CONTEXT(2) 
PARAMETRIC_REPRESENTATION_CONTEXT() REPRESENTATION_CONTEXT('2D SPACE',''
  ) );
#3350 = ORIENTED_EDGE('',*,*,#3126,.T.);
#3351 = ORIENTED_EDGE('',*,*,#3352,.T.);
#3352 = EDGE_CURVE('',#3127,#3237,#3353,.T.);
#3353 = SURFACE_CURVE('',#3354,(#3358,#3365),.PCURVE_S1.);
#3354 = LINE('',#3355,#3356);
#3355 = CARTESIAN_POINT('',(-14.,14.,127.5));
#3356 = VECTOR('',#3357,1.);
#3357 = DIRECTION('',(1.,0.,-0.));
#3358 = PCURVE('',#3142,#3359);
#3359 = DEFINITIONAL_REPRESENTATION('',(#3360),#3364);
#3360 = LINE('',#3361,#3362);
#3361 = CARTESIAN_POINT('',(255.,0.));
#3362 = VECTOR('',#3363,1.);
#3363 = DIRECTION('',(0.,1.));
#3364 = ( GEOMETRIC_REPRESENTATION_CONTEXT(2) 
PARAMETRIC_REPRESENTATION_CONTEXT() REPRESENTATION_CONTEXT('2D SPACE',''
  ) );
#3365 = PCURVE('',#3168,#3366);
#3366 = DEFINITIONAL_REPRESENTATION('',(#3367),#3371);
#3367 = LINE('',#3368,#3369);
#3368 = CARTESIAN_POINT('',(0.,28.));
#3369 = VECTOR('',#3370,1.);
#3370 = DIRECTION('',(1.,0.));
#3371 = ( GEOMETRIC_REPRESENTATION_CONTEXT(2) 
PARAMETRIC_REPRESENTATION_CONTEXT() REPRESENTATION_CONTEXT('2D SPACE',''
  ) );
#3372 = ORIENTED_EDGE('',*,*,#3236,.F.);
#3373 = ADVANCED_FACE('',(#3374),#3114,.F.);
#3374 = FACE_BOUND('',#3375,.F.);
#3375 = EDGE_LOOP('',(#3376,#3377,#3378,#3379));
#3376 = ORIENTED_EDGE('',*,*,#3098,.F.);
#3377 = ORIENTED_EDGE('',*,*,#3283,.T.);
#3378 = ORIENTED_EDGE('',*,*,#3213,.T.);
#3379 = ORIENTED_EDGE('',*,*,#3330,.F.);
#3380 = ADVANCED_FACE('',(#3381),#3168,.T.);
#3381 = FACE_BOUND('',#3382,.T.);
#3382 = EDGE_LOOP('',(#3383,#3384,#3385,#3386));
#3383 = ORIENTED_EDGE('',*,*,#3154,.F.);
#3384 = ORIENTED_EDGE('',*,*,#3305,.T.);
#3385 = ORIENTED_EDGE('',*,*,#3259,.T.);
#3386 = ORIENTED_EDGE('',*,*,#3352,.F.);
#3387 = ( GEOMETRIC_REPRESENTATION_CONTEXT(3) 
GLOBAL_UNCERTAINTY_ASSIGNED_CONTEXT((#3391)) 
GLOBAL_UNIT_ASSIGNED_CONTEXT((#3388,#3389,#3390)) REPRESENTATION_CONTEXT
('Context #1','3D Context with UNIT and UNCERTAINTY') );
#3388 = ( LENGTH_UNIT() NAMED_UNIT(*) SI_UNIT(.MILLI.,.METRE.) );
#3389 = ( NAMED_UNIT(*) PLANE_ANGLE_UNIT() SI_UNIT($,.RADIAN.) );
#3390 = ( NAMED_UNIT(*) SI_UNIT($,.STERADIAN.) SOLID_ANGLE_UNIT() );
#3391 = UNCERTAINTY_MEASURE_WITH_UNIT(LENGTH_MEASURE(1.E-07),#3388,
  'distance_accuracy_value','confusion accuracy');
#3392 = CONTEXT_DEPENDENT_SHAPE_REPRESENTATION(#3393,#3395);
#3393 = ( REPRESENTATION_RELATIONSHIP('','',#3056,#10) 
REPRESENTATION_RELATIONSHIP_WITH_TRANSFORMATION(#3394) 
SHAPE_REPRESENTATION_RELATIONSHIP() );
#3394 = ITEM_DEFINED_TRANSFORMATION('','',#11,#23);
#3395 = PRODUCT_DEFINITION_SHAPE('Placement','Placement of an item',
  #3396);
#3396 = NEXT_ASSEMBLY_USAGE_OCCURRENCE('3','=>[0:1:1:4]','',#5,#3051,$);
#3397 = PRODUCT_RELATED_PRODUCT_CATEGORY('part',$,(#3053));
#3398 = SHAPE_DEFINITION_REPRESENTATION(#3399,#3405);
#3399 = PRODUCT_DEFINITION_SHAPE('','',#3400);
#3400 = PRODUCT_DEFINITION('design','',#3401,#3404);
#3401 = PRODUCT_DEFINITION_FORMATION('','',#3402);
#3402 = PRODUCT('COMPOUND','COMPOUND','',(#3403));
#3403 = PRODUCT_CONTEXT('',#2,'mechanical');
#3404 = PRODUCT_DEFINITION_CONTEXT('part definition',#2,'design');
#3405 = ADVANCED_BREP_SHAPE_REPRESENTATION('',(#11,#3406),#3594);
#3406 = MANIFOLD_SOLID_BREP('',#3407);
#3407 = CLOSED_SHELL('',(#3408,#3496,#3500,#3535,#3590));
#3408 = ADVANCED_FACE('',(#3409),#3422,.T.);
#3409 = FACE_BOUND('',#3410,.T.);
#3410 = EDGE_LOOP('',(#3411,#3445,#3468,#3495));
#3411 = ORIENTED_EDGE('',*,*,#3412,.F.);
#3412 = EDGE_CURVE('',#3413,#3413,#3415,.T.);
#3413 = VERTEX_POINT('',#3414);
#3414 = CARTESIAN_POINT('',(28.,-6.858022075225E-15,760.));
#3415 = SURFACE_CURVE('',#3416,(#3421,#3433),.PCURVE_S1.);
#3416 = CIRCLE('',#3417,28.);
#3417 = AXIS2_PLACEMENT_3D('',#3418,#3419,#3420);
#3418 = CARTESIAN_POINT('',(0.,0.,760.));
#3419 = DIRECTION('',(0.,0.,1.));
#3420 = DIRECTION('',(1.,0.,-0.));
#3421 = PCURVE('',#3422,#3427);
#3422 = CYLINDRICAL_SURFACE('',#3423,28.);
#3423 = AXIS2_PLACEMENT_3D('',#3424,#3425,#3426);
#3424 = CARTESIAN_POINT('',(0.,0.,730.));
#3425 = DIRECTION('',(0.,0.,1.));
#3426 = DIRECTION('',(1.,0.,-0.));
#3427 = DEFINITIONAL_REPRESENTATION('',(#3428),#3432);
#3428 = LINE('',#3429,#3430);
#3429 = CARTESIAN_POINT('',(0.,30.));
#3430 = VECTOR('',#3431,1.);
#3431 = DIRECTION('',(1.,0.));
#3432 = ( GEOMETRIC_REPRESENTATION_CONTEXT(2) 
PARAMETRIC_REPRESENTATION_CONTEXT() REPRESENTATION_CONTEXT('2D SPACE',''
  ) );
#3433 = PCURVE('',#3434,#3439);
#3434 = PLANE('',#3435);
#3435 = AXIS2_PLACEMENT_3D('',#3436,#3437,#3438);
#3436 = CARTESIAN_POINT('',(0.,0.,760.));
#3437 = DIRECTION('',(0.,0.,1.));
#3438 = DIRECTION('',(1.,0.,-0.));
#3439 = DEFINITIONAL_REPRESENTATION('',(#3440),#3444);
#3440 = CIRCLE('',#3441,28.);
#3441 = AXIS2_PLACEMENT_2D('',#3442,#3443);
#3442 = CARTESIAN_POINT('',(0.,0.));
#3443 = DIRECTION('',(1.,0.));
#3444 = ( GEOMETRIC_REPRESENTATION_CONTEXT(2) 
PARAMETRIC_REPRESENTATION_CONTEXT() REPRESENTATION_CONTEXT('2D SPACE',''
  ) );
#3445 = ORIENTED_EDGE('',*,*,#3446,.F.);
#3446 = EDGE_CURVE('',#3447,#3413,#3449,.T.);
#3447 = VERTEX_POINT('',#3448);
#3448 = CARTESIAN_POINT('',(28.,-6.858022075225E-15,730.));
#3449 = SEAM_CURVE('',#3450,(#3454,#3461),.PCURVE_S1.);
#3450 = LINE('',#3451,#3452);
#3451 = CARTESIAN_POINT('',(28.,-6.858022075225E-15,730.));
#3452 = VECTOR('',#3453,1.);
#3453 = DIRECTION('',(0.,0.,1.));
#3454 = PCURVE('',#3422,#3455);
#3455 = DEFINITIONAL_REPRESENTATION('',(#3456),#3460);
#3456 = LINE('',#3457,#3458);
#3457 = CARTESIAN_POINT('',(6.28318530718,-0.));
#3458 = VECTOR('',#3459,1.);
#3459 = DIRECTION('',(0.,1.));
#3460 = ( GEOMETRIC_REPRESENTATION_CONTEXT(2) 
PARAMETRIC_REPRESENTATION_CONTEXT() REPRESENTATION_CONTEXT('2D SPACE',''
  ) );
#3461 = PCURVE('',#3422,#3462);
#3462 = DEFINITIONAL_REPRESENTATION('',(#3463),#3467);
#3463 = LINE('',#3464,#3465);
#3464 = CARTESIAN_POINT('',(0.,-0.));
#3465 = VECTOR('',#3466,1.);
#3466 = DIRECTION('',(0.,1.));
#3467 = ( GEOMETRIC_REPRESENTATION_CONTEXT(2) 
PARAMETRIC_REPRESENTATION_CONTEXT() REPRESENTATION_CONTEXT('2D SPACE',''
  ) );
#3468 = ORIENTED_EDGE('',*,*,#3469,.T.);
#3469 = EDGE_CURVE('',#3447,#3447,#3470,.T.);
#3470 = SURFACE_CURVE('',#3471,(#3476,#3483),.PCURVE_S1.);
#3471 = CIRCLE('',#3472,28.);
#3472 = AXIS2_PLACEMENT_3D('',#3473,#3474,#3475);
#3473 = CARTESIAN_POINT('',(0.,0.,730.));
#3474 = DIRECTION('',(0.,0.,1.));
#3475 = DIRECTION('',(1.,0.,-0.));
#3476 = PCURVE('',#3422,#3477);
#3477 = DEFINITIONAL_REPRESENTATION('',(#3478),#3482);
#3478 = LINE('',#3479,#3480);
#3479 = CARTESIAN_POINT('',(0.,0.));
#3480 = VECTOR('',#3481,1.);
#3481 = DIRECTION('',(1.,0.));
#3482 = ( GEOMETRIC_REPRESENTATION_CONTEXT(2) 
PARAMETRIC_REPRESENTATION_CONTEXT() REPRESENTATION_CONTEXT('2D SPACE',''
  ) );
#3483 = PCURVE('',#3484,#3489);
#3484 = PLANE('',#3485);
#3485 = AXIS2_PLACEMENT_3D('',#3486,#3487,#3488);
#3486 = CARTESIAN_POINT('',(0.,0.,730.));
#3487 = DIRECTION('',(0.,0.,1.));
#3488 = DIRECTION('',(1.,0.,-0.));
#3489 = DEFINITIONAL_REPRESENTATION('',(#3490),#3494);
#3490 = CIRCLE('',#3491,28.);
#3491 = AXIS2_PLACEMENT_2D('',#3492,#3493);
#3492 = CARTESIAN_POINT('',(0.,0.));
#3493 = DIRECTION('',(1.,0.));
#3494 = ( GEOMETRIC_REPRESENTATION_CONTEXT(2) 
PARAMETRIC_REPRESENTATION_CONTEXT() REPRESENTATION_CONTEXT('2D SPACE',''
  ) );
#3495 = ORIENTED_EDGE('',*,*,#3446,.T.);
#3496 = ADVANCED_FACE('',(#3497),#3434,.T.);
#3497 = FACE_BOUND('',#3498,.T.);
#3498 = EDGE_LOOP('',(#3499));
#3499 = ORIENTED_EDGE('',*,*,#3412,.T.);
#3500 = ADVANCED_FACE('',(#3501,#3504),#3484,.F.);
#3501 = FACE_BOUND('',#3502,.F.);
#3502 = EDGE_LOOP('',(#3503));
#3503 = ORIENTED_EDGE('',*,*,#3469,.T.);
#3504 = FACE_BOUND('',#3505,.F.);
#3505 = EDGE_LOOP('',(#3506));
#3506 = ORIENTED_EDGE('',*,*,#3507,.F.);
#3507 = EDGE_CURVE('',#3508,#3508,#3510,.T.);
#3508 = VERTEX_POINT('',#3509);
#3509 = CARTESIAN_POINT('',(15.,-3.673940397442E-15,730.));
#3510 = SURFACE_CURVE('',#3511,(#3516,#3523),.PCURVE_S1.);
#3511 = CIRCLE('',#3512,15.);
#3512 = AXIS2_PLACEMENT_3D('',#3513,#3514,#3515);
#3513 = CARTESIAN_POINT('',(0.,0.,730.));
#3514 = DIRECTION('',(0.,0.,1.));
#3515 = DIRECTION('',(1.,0.,-0.));
#3516 = PCURVE('',#3484,#3517);
#3517 = DEFINITIONAL_REPRESENTATION('',(#3518),#3522);
#3518 = CIRCLE('',#3519,15.);
#3519 = AXIS2_PLACEMENT_2D('',#3520,#3521);
#3520 = CARTESIAN_POINT('',(0.,0.));
#3521 = DIRECTION('',(1.,0.));
#3522 = ( GEOMETRIC_REPRESENTATION_CONTEXT(2) 
PARAMETRIC_REPRESENTATION_CONTEXT() REPRESENTATION_CONTEXT('2D SPACE',''
  ) );
#3523 = PCURVE('',#3524,#3529);
#3524 = CYLINDRICAL_SURFACE('',#3525,15.);
#3525 = AXIS2_PLACEMENT_3D('',#3526,#3527,#3528);
#3526 = CARTESIAN_POINT('',(0.,0.,720.));
#3527 = DIRECTION('',(0.,0.,1.));
#3528 = DIRECTION('',(1.,0.,-0.));
#3529 = DEFINITIONAL_REPRESENTATION('',(#3530),#3534);
#3530 = LINE('',#3531,#3532);
#3531 = CARTESIAN_POINT('',(0.,10.));
#3532 = VECTOR('',#3533,1.);
#3533 = DIRECTION('',(1.,0.));
#3534 = ( GEOMETRIC_REPRESENTATION_CONTEXT(2) 
PARAMETRIC_REPRESENTATION_CONTEXT() REPRESENTATION_CONTEXT('2D SPACE',''
  ) );
#3535 = ADVANCED_FACE('',(#3536),#3524,.T.);
#3536 = FACE_BOUND('',#3537,.T.);
#3537 = EDGE_LOOP('',(#3538,#3539,#3562,#3589));
#3538 = ORIENTED_EDGE('',*,*,#3507,.F.);
#3539 = ORIENTED_EDGE('',*,*,#3540,.F.);
#3540 = EDGE_CURVE('',#3541,#3508,#3543,.T.);
#3541 = VERTEX_POINT('',#3542);
#3542 = CARTESIAN_POINT('',(15.,-3.673940397442E-15,720.));
#3543 = SEAM_CURVE('',#3544,(#3548,#3555),.PCURVE_S1.);
#3544 = LINE('',#3545,#3546);
#3545 = CARTESIAN_POINT('',(15.,-3.673940397442E-15,720.));
#3546 = VECTOR('',#3547,1.);
#3547 = DIRECTION('',(0.,0.,1.));
#3548 = PCURVE('',#3524,#3549);
#3549 = DEFINITIONAL_REPRESENTATION('',(#3550),#3554);
#3550 = LINE('',#3551,#3552);
#3551 = CARTESIAN_POINT('',(6.28318530718,-0.));
#3552 = VECTOR('',#3553,1.);
#3553 = DIRECTION('',(0.,1.));
#3554 = ( GEOMETRIC_REPRESENTATION_CONTEXT(2) 
PARAMETRIC_REPRESENTATION_CONTEXT() REPRESENTATION_CONTEXT('2D SPACE',''
  ) );
#3555 = PCURVE('',#3524,#3556);
#3556 = DEFINITIONAL_REPRESENTATION('',(#3557),#3561);
#3557 = LINE('',#3558,#3559);
#3558 = CARTESIAN_POINT('',(0.,-0.));
#3559 = VECTOR('',#3560,1.);
#3560 = DIRECTION('',(0.,1.));
#3561 = ( GEOMETRIC_REPRESENTATION_CONTEXT(2) 
PARAMETRIC_REPRESENTATION_CONTEXT() REPRESENTATION_CONTEXT('2D SPACE',''
  ) );
#3562 = ORIENTED_EDGE('',*,*,#3563,.T.);
#3563 = EDGE_CURVE('',#3541,#3541,#3564,.T.);
#3564 = SURFACE_CURVE('',#3565,(#3570,#3577),.PCURVE_S1.);
#3565 = CIRCLE('',#3566,15.);
#3566 = AXIS2_PLACEMENT_3D('',#3567,#3568,#3569);
#3567 = CARTESIAN_POINT('',(0.,0.,720.));
#3568 = DIRECTION('',(0.,0.,1.));
#3569 = DIRECTION('',(1.,0.,-0.));
#3570 = PCURVE('',#3524,#3571);
#3571 = DEFINITIONAL_REPRESENTATION('',(#3572),#3576);
#3572 = LINE('',#3573,#3574);
#3573 = CARTESIAN_POINT('',(0.,0.));
#3574 = VECTOR('',#3575,1.);
#3575 = DIRECTION('',(1.,0.));
#3576 = ( GEOMETRIC_REPRESENTATION_CONTEXT(2) 
PARAMETRIC_REPRESENTATION_CONTEXT() REPRESENTATION_CONTEXT('2D SPACE',''
  ) );
#3577 = PCURVE('',#3578,#3583);
#3578 = PLANE('',#3579);
#3579 = AXIS2_PLACEMENT_3D('',#3580,#3581,#3582);
#3580 = CARTESIAN_POINT('',(0.,0.,720.));
#3581 = DIRECTION('',(0.,0.,1.));
#3582 = DIRECTION('',(1.,0.,-0.));
#3583 = DEFINITIONAL_REPRESENTATION('',(#3584),#3588);
#3584 = CIRCLE('',#3585,15.);
#3585 = AXIS2_PLACEMENT_2D('',#3586,#3587);
#3586 = CARTESIAN_POINT('',(0.,0.));
#3587 = DIRECTION('',(1.,0.));
#3588 = ( GEOMETRIC_REPRESENTATION_CONTEXT(2) 
PARAMETRIC_REPRESENTATION_CONTEXT() REPRESENTATION_CONTEXT('2D SPACE',''
  ) );
#3589 = ORIENTED_EDGE('',*,*,#3540,.T.);
#3590 = ADVANCED_FACE('',(#3591),#3578,.F.);
#3591 = FACE_BOUND('',#3592,.T.);
#3592 = EDGE_LOOP('',(#3593));
#3593 = ORIENTED_EDGE('',*,*,#3563,.F.);
#3594 = ( GEOMETRIC_REPRESENTATION_CONTEXT(3) 
GLOBAL_UNCERTAINTY_ASSIGNED_CONTEXT((#3598)) 
GLOBAL_UNIT_ASSIGNED_CONTEXT((#3595,#3596,#3597)) REPRESENTATION_CONTEXT
('Context #1','3D Context with UNIT and UNCERTAINTY') );
#3595 = ( LENGTH_UNIT() NAMED_UNIT(*) SI_UNIT(.MILLI.,.METRE.) );
#3596 = ( NAMED_UNIT(*) PLANE_ANGLE_UNIT() SI_UNIT($,.RADIAN.) );
#3597 = ( NAMED_UNIT(*) SI_UNIT($,.STERADIAN.) SOLID_ANGLE_UNIT() );
#3598 = UNCERTAINTY_MEASURE_WITH_UNIT(LENGTH_MEASURE(1.E-07),#3595,
  'distance_accuracy_value','confusion accuracy');
#3599 = CONTEXT_DEPENDENT_SHAPE_REPRESENTATION(#3600,#3602);
#3600 = ( REPRESENTATION_RELATIONSHIP('','',#3405,#10) 
REPRESENTATION_RELATIONSHIP_WITH_TRANSFORMATION(#3601) 
SHAPE_REPRESENTATION_RELATIONSHIP() );
#3601 = ITEM_DEFINED_TRANSFORMATION('','',#11,#27);
#3602 = PRODUCT_DEFINITION_SHAPE('Placement','Placement of an item',
  #3603);
#3603 = NEXT_ASSEMBLY_USAGE_OCCURRENCE('4','=>[0:1:1:5]','',#5,#3400,$);
#3604 = PRODUCT_RELATED_PRODUCT_CATEGORY('part',$,(#3402));
#3605 = SHAPE_DEFINITION_REPRESENTATION(#3606,#3612);
#3606 = PRODUCT_DEFINITION_SHAPE('','',#3607);
#3607 = PRODUCT_DEFINITION('design','',#3608,#3611);
#3608 = PRODUCT_DEFINITION_FORMATION('','',#3609);
#3609 = PRODUCT('COMPOUND','COMPOUND','',(#3610));
#3610 = PRODUCT_CONTEXT('',#2,'mechanical');
#3611 = PRODUCT_DEFINITION_CONTEXT('part definition',#2,'design');
#3612 = ADVANCED_BREP_SHAPE_REPRESENTATION('',(#11,#3613),#3711);
#3613 = MANIFOLD_SOLID_BREP('',#3614);
#3614 = CLOSED_SHELL('',(#3615,#3703,#3707));
#3615 = ADVANCED_FACE('',(#3616),#3629,.T.);
#3616 = FACE_BOUND('',#3617,.T.);
#3617 = EDGE_LOOP('',(#3618,#3652,#3675,#3702));
#3618 = ORIENTED_EDGE('',*,*,#3619,.F.);
#3619 = EDGE_CURVE('',#3620,#3620,#3622,.T.);
#3620 = VERTEX_POINT('',#3621);
#3621 = CARTESIAN_POINT('',(11.,-2.694222958124E-15,100.));
#3622 = SURFACE_CURVE('',#3623,(#3628,#3640),.PCURVE_S1.);
#3623 = CIRCLE('',#3624,11.);
#3624 = AXIS2_PLACEMENT_3D('',#3625,#3626,#3627);
#3625 = CARTESIAN_POINT('',(0.,0.,100.));
#3626 = DIRECTION('',(0.,0.,1.));
#3627 = DIRECTION('',(1.,0.,-0.));
#3628 = PCURVE('',#3629,#3634);
#3629 = CYLINDRICAL_SURFACE('',#3630,11.);
#3630 = AXIS2_PLACEMENT_3D('',#3631,#3632,#3633);
#3631 = CARTESIAN_POINT('',(0.,0.,-100.));
#3632 = DIRECTION('',(0.,0.,1.));
#3633 = DIRECTION('',(1.,0.,-0.));
#3634 = DEFINITIONAL_REPRESENTATION('',(#3635),#3639);
#3635 = LINE('',#3636,#3637);
#3636 = CARTESIAN_POINT('',(0.,200.));
#3637 = VECTOR('',#3638,1.);
#3638 = DIRECTION('',(1.,0.));
#3639 = ( GEOMETRIC_REPRESENTATION_CONTEXT(2) 
PARAMETRIC_REPRESENTATION_CONTEXT() REPRESENTATION_CONTEXT('2D SPACE',''
  ) );
#3640 = PCURVE('',#3641,#3646);
#3641 = PLANE('',#3642);
#3642 = AXIS2_PLACEMENT_3D('',#3643,#3644,#3645);
#3643 = CARTESIAN_POINT('',(0.,0.,100.));
#3644 = DIRECTION('',(0.,0.,1.));
#3645 = DIRECTION('',(1.,0.,-0.));
#3646 = DEFINITIONAL_REPRESENTATION('',(#3647),#3651);
#3647 = CIRCLE('',#3648,11.);
#3648 = AXIS2_PLACEMENT_2D('',#3649,#3650);
#3649 = CARTESIAN_POINT('',(0.,0.));
#3650 = DIRECTION('',(1.,0.));
#3651 = ( GEOMETRIC_REPRESENTATION_CONTEXT(2) 
PARAMETRIC_REPRESENTATION_CONTEXT() REPRESENTATION_CONTEXT('2D SPACE',''
  ) );
#3652 = ORIENTED_EDGE('',*,*,#3653,.F.);
#3653 = EDGE_CURVE('',#3654,#3620,#3656,.T.);
#3654 = VERTEX_POINT('',#3655);
#3655 = CARTESIAN_POINT('',(11.,-2.694222958124E-15,-100.));
#3656 = SEAM_CURVE('',#3657,(#3661,#3668),.PCURVE_S1.);
#3657 = LINE('',#3658,#3659);
#3658 = CARTESIAN_POINT('',(11.,-2.694222958124E-15,-100.));
#3659 = VECTOR('',#3660,1.);
#3660 = DIRECTION('',(0.,0.,1.));
#3661 = PCURVE('',#3629,#3662);
#3662 = DEFINITIONAL_REPRESENTATION('',(#3663),#3667);
#3663 = LINE('',#3664,#3665);
#3664 = CARTESIAN_POINT('',(6.28318530718,-0.));
#3665 = VECTOR('',#3666,1.);
#3666 = DIRECTION('',(0.,1.));
#3667 = ( GEOMETRIC_REPRESENTATION_CONTEXT(2) 
PARAMETRIC_REPRESENTATION_CONTEXT() REPRESENTATION_CONTEXT('2D SPACE',''
  ) );
#3668 = PCURVE('',#3629,#3669);
#3669 = DEFINITIONAL_REPRESENTATION('',(#3670),#3674);
#3670 = LINE('',#3671,#3672);
#3671 = CARTESIAN_POINT('',(0.,-0.));
#3672 = VECTOR('',#3673,1.);
#3673 = DIRECTION('',(0.,1.));
#3674 = ( GEOMETRIC_REPRESENTATION_CONTEXT(2) 
PARAMETRIC_REPRESENTATION_CONTEXT() REPRESENTATION_CONTEXT('2D SPACE',''
  ) );
#3675 = ORIENTED_EDGE('',*,*,#3676,.T.);
#3676 = EDGE_CURVE('',#3654,#3654,#3677,.T.);
#3677 = SURFACE_CURVE('',#3678,(#3683,#3690),.PCURVE_S1.);
#3678 = CIRCLE('',#3679,11.);
#3679 = AXIS2_PLACEMENT_3D('',#3680,#3681,#3682);
#3680 = CARTESIAN_POINT('',(0.,0.,-100.));
#3681 = DIRECTION('',(0.,0.,1.));
#3682 = DIRECTION('',(1.,0.,-0.));
#3683 = PCURVE('',#3629,#3684);
#3684 = DEFINITIONAL_REPRESENTATION('',(#3685),#3689);
#3685 = LINE('',#3686,#3687);
#3686 = CARTESIAN_POINT('',(0.,0.));
#3687 = VECTOR('',#3688,1.);
#3688 = DIRECTION('',(1.,0.));
#3689 = ( GEOMETRIC_REPRESENTATION_CONTEXT(2) 
PARAMETRIC_REPRESENTATION_CONTEXT() REPRESENTATION_CONTEXT('2D SPACE',''
  ) );
#3690 = PCURVE('',#3691,#3696);
#3691 = PLANE('',#3692);
#3692 = AXIS2_PLACEMENT_3D('',#3693,#3694,#3695);
#3693 = CARTESIAN_POINT('',(0.,0.,-100.));
#3694 = DIRECTION('',(0.,0.,1.));
#3695 = DIRECTION('',(1.,0.,-0.));
#3696 = DEFINITIONAL_REPRESENTATION('',(#3697),#3701);
#3697 = CIRCLE('',#3698,11.);
#3698 = AXIS2_PLACEMENT_2D('',#3699,#3700);
#3699 = CARTESIAN_POINT('',(0.,0.));
#3700 = DIRECTION('',(1.,0.));
#3701 = ( GEOMETRIC_REPRESENTATION_CONTEXT(2) 
PARAMETRIC_REPRESENTATION_CONTEXT() REPRESENTATION_CONTEXT('2D SPACE',''
  ) );
#3702 = ORIENTED_EDGE('',*,*,#3653,.T.);
#3703 = ADVANCED_FACE('',(#3704),#3641,.T.);
#3704 = FACE_BOUND('',#3705,.T.);
#3705 = EDGE_LOOP('',(#3706));
#3706 = ORIENTED_EDGE('',*,*,#3619,.T.);
#3707 = ADVANCED_FACE('',(#3708),#3691,.F.);
#3708 = FACE_BOUND('',#3709,.T.);
#3709 = EDGE_LOOP('',(#3710));
#3710 = ORIENTED_EDGE('',*,*,#3676,.F.);
#3711 = ( GEOMETRIC_REPRESENTATION_CONTEXT(3) 
GLOBAL_UNCERTAINTY_ASSIGNED_CONTEXT((#3715)) 
GLOBAL_UNIT_ASSIGNED_CONTEXT((#3712,#3713,#3714)) REPRESENTATION_CONTEXT
('Context #1','3D Context with UNIT and UNCERTAINTY') );
#3712 = ( LENGTH_UNIT() NAMED_UNIT(*) SI_UNIT(.MILLI.,.METRE.) );
#3713 = ( NAMED_UNIT(*) PLANE_ANGLE_UNIT() SI_UNIT($,.RADIAN.) );
#3714 = ( NAMED_UNIT(*) SI_UNIT($,.STERADIAN.) SOLID_ANGLE_UNIT() );
#3715 = UNCERTAINTY_MEASURE_WITH_UNIT(LENGTH_MEASURE(1.E-07),#3712,
  'distance_accuracy_value','confusion accuracy');
#3716 = CONTEXT_DEPENDENT_SHAPE_REPRESENTATION(#3717,#3719);
#3717 = ( REPRESENTATION_RELATIONSHIP('','',#3612,#10) 
REPRESENTATION_RELATIONSHIP_WITH_TRANSFORMATION(#3718) 
SHAPE_REPRESENTATION_RELATIONSHIP() );
#3718 = ITEM_DEFINED_TRANSFORMATION('','',#11,#31);
#3719 = PRODUCT_DEFINITION_SHAPE('Placement','Placement of an item',
  #3720);
#3720 = NEXT_ASSEMBLY_USAGE_OCCURRENCE('5','=>[0:1:1:6]','',#5,#3607,$);
#3721 = PRODUCT_RELATED_PRODUCT_CATEGORY('part',$,(#3609));
#3722 = SHAPE_DEFINITION_REPRESENTATION(#3723,#3729);
#3723 = PRODUCT_DEFINITION_SHAPE('','',#3724);
#3724 = PRODUCT_DEFINITION('design','',#3725,#3728);
#3725 = PRODUCT_DEFINITION_FORMATION('','',#3726);
#3726 = PRODUCT('COMPOUND','COMPOUND','',(#3727));
#3727 = PRODUCT_CONTEXT('',#2,'mechanical');
#3728 = PRODUCT_DEFINITION_CONTEXT('part definition',#2,'design');
#3729 = ADVANCED_BREP_SHAPE_REPRESENTATION('',(#11,#3730),#4144);
#3730 = MANIFOLD_SOLID_BREP('',#3731);
#3731 = CLOSED_SHELL('',(#3732,#3852,#3928,#4008,#4057,#4110,#4117));
#3732 = ADVANCED_FACE('',(#3733),#3747,.F.);
#3733 = FACE_BOUND('',#3734,.F.);
#3734 = EDGE_LOOP('',(#3735,#3770,#3798,#3826));
#3735 = ORIENTED_EDGE('',*,*,#3736,.F.);
#3736 = EDGE_CURVE('',#3737,#3739,#3741,.T.);
#3737 = VERTEX_POINT('',#3738);
#3738 = CARTESIAN_POINT('',(-55.,-82.,470.));
#3739 = VERTEX_POINT('',#3740);
#3740 = CARTESIAN_POINT('',(-55.,-82.,490.));
#3741 = SURFACE_CURVE('',#3742,(#3746,#3758),.PCURVE_S1.);
#3742 = LINE('',#3743,#3744);
#3743 = CARTESIAN_POINT('',(-55.,-82.,470.));
#3744 = VECTOR('',#3745,1.);
#3745 = DIRECTION('',(0.,0.,1.));
#3746 = PCURVE('',#3747,#3752);
#3747 = PLANE('',#3748);
#3748 = AXIS2_PLACEMENT_3D('',#3749,#3750,#3751);
#3749 = CARTESIAN_POINT('',(-55.,-82.,470.));
#3750 = DIRECTION('',(1.,0.,-0.));
#3751 = DIRECTION('',(0.,0.,1.));
#3752 = DEFINITIONAL_REPRESENTATION('',(#3753),#3757);
#3753 = LINE('',#3754,#3755);
#3754 = CARTESIAN_POINT('',(0.,0.));
#3755 = VECTOR('',#3756,1.);
#3756 = DIRECTION('',(1.,0.));
#3757 = ( GEOMETRIC_REPRESENTATION_CONTEXT(2) 
PARAMETRIC_REPRESENTATION_CONTEXT() REPRESENTATION_CONTEXT('2D SPACE',''
  ) );
#3758 = PCURVE('',#3759,#3764);
#3759 = PLANE('',#3760);
#3760 = AXIS2_PLACEMENT_3D('',#3761,#3762,#3763);
#3761 = CARTESIAN_POINT('',(-55.,-82.,470.));
#3762 = DIRECTION('',(-0.,1.,0.));
#3763 = DIRECTION('',(0.,0.,1.));
#3764 = DEFINITIONAL_REPRESENTATION('',(#3765),#3769);
#3765 = LINE('',#3766,#3767);
#3766 = CARTESIAN_POINT('',(0.,0.));
#3767 = VECTOR('',#3768,1.);
#3768 = DIRECTION('',(1.,0.));
#3769 = ( GEOMETRIC_REPRESENTATION_CONTEXT(2) 
PARAMETRIC_REPRESENTATION_CONTEXT() REPRESENTATION_CONTEXT('2D SPACE',''
  ) );
#3770 = ORIENTED_EDGE('',*,*,#3771,.T.);
#3771 = EDGE_CURVE('',#3737,#3772,#3774,.T.);
#3772 = VERTEX_POINT('',#3773);
#3773 = CARTESIAN_POINT('',(-55.,68.,470.));
#3774 = SURFACE_CURVE('',#3775,(#3779,#3786),.PCURVE_S1.);
#3775 = LINE('',#3776,#3777);
#3776 = CARTESIAN_POINT('',(-55.,-82.,470.));
#3777 = VECTOR('',#3778,1.);
#3778 = DIRECTION('',(-0.,1.,0.));
#3779 = PCURVE('',#3747,#3780);
#3780 = DEFINITIONAL_REPRESENTATION('',(#3781),#3785);
#3781 = LINE('',#3782,#3783);
#3782 = CARTESIAN_POINT('',(0.,0.));
#3783 = VECTOR('',#3784,1.);
#3784 = DIRECTION('',(0.,-1.));
#3785 = ( GEOMETRIC_REPRESENTATION_CONTEXT(2) 
PARAMETRIC_REPRESENTATION_CONTEXT() REPRESENTATION_CONTEXT('2D SPACE',''
  ) );
#3786 = PCURVE('',#3787,#3792);
#3787 = PLANE('',#3788);
#3788 = AXIS2_PLACEMENT_3D('',#3789,#3790,#3791);
#3789 = CARTESIAN_POINT('',(-55.,-82.,470.));
#3790 = DIRECTION('',(0.,0.,1.));
#3791 = DIRECTION('',(1.,0.,-0.));
#3792 = DEFINITIONAL_REPRESENTATION('',(#3793),#3797);
#3793 = LINE('',#3794,#3795);
#3794 = CARTESIAN_POINT('',(0.,0.));
#3795 = VECTOR('',#3796,1.);
#3796 = DIRECTION('',(0.,1.));
#3797 = ( GEOMETRIC_REPRESENTATION_CONTEXT(2) 
PARAMETRIC_REPRESENTATION_CONTEXT() REPRESENTATION_CONTEXT('2D SPACE',''
  ) );
#3798 = ORIENTED_EDGE('',*,*,#3799,.T.);
#3799 = EDGE_CURVE('',#3772,#3800,#3802,.T.);
#3800 = VERTEX_POINT('',#3801);
#3801 = CARTESIAN_POINT('',(-55.,68.,490.));
#3802 = SURFACE_CURVE('',#3803,(#3807,#3814),.PCURVE_S1.);
#3803 = LINE('',#3804,#3805);
#3804 = CARTESIAN_POINT('',(-55.,68.,470.));
#3805 = VECTOR('',#3806,1.);
#3806 = DIRECTION('',(0.,0.,1.));
#3807 = PCURVE('',#3747,#3808);
#3808 = DEFINITIONAL_REPRESENTATION('',(#3809),#3813);
#3809 = LINE('',#3810,#3811);
#3810 = CARTESIAN_POINT('',(0.,-150.));
#3811 = VECTOR('',#3812,1.);
#3812 = DIRECTION('',(1.,0.));
#3813 = ( GEOMETRIC_REPRESENTATION_CONTEXT(2) 
PARAMETRIC_REPRESENTATION_CONTEXT() REPRESENTATION_CONTEXT('2D SPACE',''
  ) );
#3814 = PCURVE('',#3815,#3820);
#3815 = PLANE('',#3816);
#3816 = AXIS2_PLACEMENT_3D('',#3817,#3818,#3819);
#3817 = CARTESIAN_POINT('',(-55.,68.,470.));
#3818 = DIRECTION('',(-0.,1.,0.));
#3819 = DIRECTION('',(0.,0.,1.));
#3820 = DEFINITIONAL_REPRESENTATION('',(#3821),#3825);
#3821 = LINE('',#3822,#3823);
#3822 = CARTESIAN_POINT('',(0.,0.));
#3823 = VECTOR('',#3824,1.);
#3824 = DIRECTION('',(1.,0.));
#3825 = ( GEOMETRIC_REPRESENTATION_CONTEXT(2) 
PARAMETRIC_REPRESENTATION_CONTEXT() REPRESENTATION_CONTEXT('2D SPACE',''
  ) );
#3826 = ORIENTED_EDGE('',*,*,#3827,.F.);
#3827 = EDGE_CURVE('',#3739,#3800,#3828,.T.);
#3828 = SURFACE_CURVE('',#3829,(#3833,#3840),.PCURVE_S1.);
#3829 = LINE('',#3830,#3831);
#3830 = CARTESIAN_POINT('',(-55.,-82.,490.));
#3831 = VECTOR('',#3832,1.);
#3832 = DIRECTION('',(-0.,1.,0.));
#3833 = PCURVE('',#3747,#3834);
#3834 = DEFINITIONAL_REPRESENTATION('',(#3835),#3839);
#3835 = LINE('',#3836,#3837);
#3836 = CARTESIAN_POINT('',(20.,0.));
#3837 = VECTOR('',#3838,1.);
#3838 = DIRECTION('',(0.,-1.));
#3839 = ( GEOMETRIC_REPRESENTATION_CONTEXT(2) 
PARAMETRIC_REPRESENTATION_CONTEXT() REPRESENTATION_CONTEXT('2D SPACE',''
  ) );
#3840 = PCURVE('',#3841,#3846);
#3841 = PLANE('',#3842);
#3842 = AXIS2_PLACEMENT_3D('',#3843,#3844,#3845);
#3843 = CARTESIAN_POINT('',(-55.,-82.,490.));
#3844 = DIRECTION('',(0.,0.,1.));
#3845 = DIRECTION('',(1.,0.,-0.));
#3846 = DEFINITIONAL_REPRESENTATION('',(#3847),#3851);
#3847 = LINE('',#3848,#3849);
#3848 = CARTESIAN_POINT('',(0.,0.));
#3849 = VECTOR('',#3850,1.);
#3850 = DIRECTION('',(0.,1.));
#3851 = ( GEOMETRIC_REPRESENTATION_CONTEXT(2) 
PARAMETRIC_REPRESENTATION_CONTEXT() REPRESENTATION_CONTEXT('2D SPACE',''
  ) );
#3852 = ADVANCED_FACE('',(#3853),#3759,.F.);
#3853 = FACE_BOUND('',#3854,.F.);
#3854 = EDGE_LOOP('',(#3855,#3878,#3879,#3902));
#3855 = ORIENTED_EDGE('',*,*,#3856,.F.);
#3856 = EDGE_CURVE('',#3737,#3857,#3859,.T.);
#3857 = VERTEX_POINT('',#3858);
#3858 = CARTESIAN_POINT('',(55.,-82.,470.));
#3859 = SURFACE_CURVE('',#3860,(#3864,#3871),.PCURVE_S1.);
#3860 = LINE('',#3861,#3862);
#3861 = CARTESIAN_POINT('',(-55.,-82.,470.));
#3862 = VECTOR('',#3863,1.);
#3863 = DIRECTION('',(1.,0.,-0.));
#3864 = PCURVE('',#3759,#3865);
#3865 = DEFINITIONAL_REPRESENTATION('',(#3866),#3870);
#3866 = LINE('',#3867,#3868);
#3867 = CARTESIAN_POINT('',(0.,0.));
#3868 = VECTOR('',#3869,1.);
#3869 = DIRECTION('',(0.,1.));
#3870 = ( GEOMETRIC_REPRESENTATION_CONTEXT(2) 
PARAMETRIC_REPRESENTATION_CONTEXT() REPRESENTATION_CONTEXT('2D SPACE',''
  ) );
#3871 = PCURVE('',#3787,#3872);
#3872 = DEFINITIONAL_REPRESENTATION('',(#3873),#3877);
#3873 = LINE('',#3874,#3875);
#3874 = CARTESIAN_POINT('',(0.,0.));
#3875 = VECTOR('',#3876,1.);
#3876 = DIRECTION('',(1.,0.));
#3877 = ( GEOMETRIC_REPRESENTATION_CONTEXT(2) 
PARAMETRIC_REPRESENTATION_CONTEXT() REPRESENTATION_CONTEXT('2D SPACE',''
  ) );
#3878 = ORIENTED_EDGE('',*,*,#3736,.T.);
#3879 = ORIENTED_EDGE('',*,*,#3880,.T.);
#3880 = EDGE_CURVE('',#3739,#3881,#3883,.T.);
#3881 = VERTEX_POINT('',#3882);
#3882 = CARTESIAN_POINT('',(55.,-82.,490.));
#3883 = SURFACE_CURVE('',#3884,(#3888,#3895),.PCURVE_S1.);
#3884 = LINE('',#3885,#3886);
#3885 = CARTESIAN_POINT('',(-55.,-82.,490.));
#3886 = VECTOR('',#3887,1.);
#3887 = DIRECTION('',(1.,0.,-0.));
#3888 = PCURVE('',#3759,#3889);
#3889 = DEFINITIONAL_REPRESENTATION('',(#3890),#3894);
#3890 = LINE('',#3891,#3892);
#3891 = CARTESIAN_POINT('',(20.,0.));
#3892 = VECTOR('',#3893,1.);
#3893 = DIRECTION('',(0.,1.));
#3894 = ( GEOMETRIC_REPRESENTATION_CONTEXT(2) 
PARAMETRIC_REPRESENTATION_CONTEXT() REPRESENTATION_CONTEXT('2D SPACE',''
  ) );
#3895 = PCURVE('',#3841,#3896);
#3896 = DEFINITIONAL_REPRESENTATION('',(#3897),#3901);
#3897 = LINE('',#3898,#3899);
#3898 = CARTESIAN_POINT('',(0.,0.));
#3899 = VECTOR('',#3900,1.);
#3900 = DIRECTION('',(1.,0.));
#3901 = ( GEOMETRIC_REPRESENTATION_CONTEXT(2) 
PARAMETRIC_REPRESENTATION_CONTEXT() REPRESENTATION_CONTEXT('2D SPACE',''
  ) );
#3902 = ORIENTED_EDGE('',*,*,#3903,.F.);
#3903 = EDGE_CURVE('',#3857,#3881,#3904,.T.);
#3904 = SURFACE_CURVE('',#3905,(#3909,#3916),.PCURVE_S1.);
#3905 = LINE('',#3906,#3907);
#3906 = CARTESIAN_POINT('',(55.,-82.,470.));
#3907 = VECTOR('',#3908,1.);
#3908 = DIRECTION('',(0.,0.,1.));
#3909 = PCURVE('',#3759,#3910);
#3910 = DEFINITIONAL_REPRESENTATION('',(#3911),#3915);
#3911 = LINE('',#3912,#3913);
#3912 = CARTESIAN_POINT('',(0.,110.));
#3913 = VECTOR('',#3914,1.);
#3914 = DIRECTION('',(1.,0.));
#3915 = ( GEOMETRIC_REPRESENTATION_CONTEXT(2) 
PARAMETRIC_REPRESENTATION_CONTEXT() REPRESENTATION_CONTEXT('2D SPACE',''
  ) );
#3916 = PCURVE('',#3917,#3922);
#3917 = PLANE('',#3918);
#3918 = AXIS2_PLACEMENT_3D('',#3919,#3920,#3921);
#3919 = CARTESIAN_POINT('',(55.,-82.,470.));
#3920 = DIRECTION('',(1.,0.,-0.));
#3921 = DIRECTION('',(0.,0.,1.));
#3922 = DEFINITIONAL_REPRESENTATION('',(#3923),#3927);
#3923 = LINE('',#3924,#3925);
#3924 = CARTESIAN_POINT('',(0.,0.));
#3925 = VECTOR('',#3926,1.);
#3926 = DIRECTION('',(1.,0.));
#3927 = ( GEOMETRIC_REPRESENTATION_CONTEXT(2) 
PARAMETRIC_REPRESENTATION_CONTEXT() REPRESENTATION_CONTEXT('2D SPACE',''
  ) );
#3928 = ADVANCED_FACE('',(#3929,#3977),#3841,.T.);
#3929 = FACE_BOUND('',#3930,.T.);
#3930 = EDGE_LOOP('',(#3931,#3932,#3933,#3956));
#3931 = ORIENTED_EDGE('',*,*,#3827,.F.);
#3932 = ORIENTED_EDGE('',*,*,#3880,.T.);
#3933 = ORIENTED_EDGE('',*,*,#3934,.T.);
#3934 = EDGE_CURVE('',#3881,#3935,#3937,.T.);
#3935 = VERTEX_POINT('',#3936);
#3936 = CARTESIAN_POINT('',(55.,68.,490.));
#3937 = SURFACE_CURVE('',#3938,(#3942,#3949),.PCURVE_S1.);
#3938 = LINE('',#3939,#3940);
#3939 = CARTESIAN_POINT('',(55.,-82.,490.));
#3940 = VECTOR('',#3941,1.);
#3941 = DIRECTION('',(-0.,1.,0.));
#3942 = PCURVE('',#3841,#3943);
#3943 = DEFINITIONAL_REPRESENTATION('',(#3944),#3948);
#3944 = LINE('',#3945,#3946);
#3945 = CARTESIAN_POINT('',(110.,0.));
#3946 = VECTOR('',#3947,1.);
#3947 = DIRECTION('',(0.,1.));
#3948 = ( GEOMETRIC_REPRESENTATION_CONTEXT(2) 
PARAMETRIC_REPRESENTATION_CONTEXT() REPRESENTATION_CONTEXT('2D SPACE',''
  ) );
#3949 = PCURVE('',#3917,#3950);
#3950 = DEFINITIONAL_REPRESENTATION('',(#3951),#3955);
#3951 = LINE('',#3952,#3953);
#3952 = CARTESIAN_POINT('',(20.,0.));
#3953 = VECTOR('',#3954,1.);
#3954 = DIRECTION('',(0.,-1.));
#3955 = ( GEOMETRIC_REPRESENTATION_CONTEXT(2) 
PARAMETRIC_REPRESENTATION_CONTEXT() REPRESENTATION_CONTEXT('2D SPACE',''
  ) );
#3956 = ORIENTED_EDGE('',*,*,#3957,.F.);
#3957 = EDGE_CURVE('',#3800,#3935,#3958,.T.);
#3958 = SURFACE_CURVE('',#3959,(#3963,#3970),.PCURVE_S1.);
#3959 = LINE('',#3960,#3961);
#3960 = CARTESIAN_POINT('',(-55.,68.,490.));
#3961 = VECTOR('',#3962,1.);
#3962 = DIRECTION('',(1.,0.,-0.));
#3963 = PCURVE('',#3841,#3964);
#3964 = DEFINITIONAL_REPRESENTATION('',(#3965),#3969);
#3965 = LINE('',#3966,#3967);
#3966 = CARTESIAN_POINT('',(0.,150.));
#3967 = VECTOR('',#3968,1.);
#3968 = DIRECTION('',(1.,0.));
#3969 = ( GEOMETRIC_REPRESENTATION_CONTEXT(2) 
PARAMETRIC_REPRESENTATION_CONTEXT() REPRESENTATION_CONTEXT('2D SPACE',''
  ) );
#3970 = PCURVE('',#3815,#3971);
#3971 = DEFINITIONAL_REPRESENTATION('',(#3972),#3976);
#3972 = LINE('',#3973,#3974);
#3973 = CARTESIAN_POINT('',(20.,0.));
#3974 = VECTOR('',#3975,1.);
#3975 = DIRECTION('',(0.,1.));
#3976 = ( GEOMETRIC_REPRESENTATION_CONTEXT(2) 
PARAMETRIC_REPRESENTATION_CONTEXT() REPRESENTATION_CONTEXT('2D SPACE',''
  ) );
#3977 = FACE_BOUND('',#3978,.T.);
#3978 = EDGE_LOOP('',(#3979));
#3979 = ORIENTED_EDGE('',*,*,#3980,.F.);
#3980 = EDGE_CURVE('',#3981,#3981,#3983,.T.);
#3981 = VERTEX_POINT('',#3982);
#3982 = CARTESIAN_POINT('',(23.,-5.633375276078E-15,490.));
#3983 = SURFACE_CURVE('',#3984,(#3989,#3996),.PCURVE_S1.);
#3984 = CIRCLE('',#3985,23.);
#3985 = AXIS2_PLACEMENT_3D('',#3986,#3987,#3988);
#3986 = CARTESIAN_POINT('',(0.,0.,490.));
#3987 = DIRECTION('',(0.,0.,1.));
#3988 = DIRECTION('',(1.,0.,-0.));
#3989 = PCURVE('',#3841,#3990);
#3990 = DEFINITIONAL_REPRESENTATION('',(#3991),#3995);
#3991 = CIRCLE('',#3992,23.);
#3992 = AXIS2_PLACEMENT_2D('',#3993,#3994);
#3993 = CARTESIAN_POINT('',(55.,82.));
#3994 = DIRECTION('',(1.,0.));
#3995 = ( GEOMETRIC_REPRESENTATION_CONTEXT(2) 
PARAMETRIC_REPRESENTATION_CONTEXT() REPRESENTATION_CONTEXT('2D SPACE',''
  ) );
#3996 = PCURVE('',#3997,#4002);
#3997 = CYLINDRICAL_SURFACE('',#3998,23.);
#3998 = AXIS2_PLACEMENT_3D('',#3999,#4000,#4001);
#3999 = CARTESIAN_POINT('',(0.,0.,469.));
#4000 = DIRECTION('',(0.,0.,1.));
#4001 = DIRECTION('',(1.,0.,-0.));
#4002 = DEFINITIONAL_REPRESENTATION('',(#4003),#4007);
#4003 = LINE('',#4004,#4005);
#4004 = CARTESIAN_POINT('',(0.,21.));
#4005 = VECTOR('',#4006,1.);
#4006 = DIRECTION('',(1.,0.));
#4007 = ( GEOMETRIC_REPRESENTATION_CONTEXT(2) 
PARAMETRIC_REPRESENTATION_CONTEXT() REPRESENTATION_CONTEXT('2D SPACE',''
  ) );
#4008 = ADVANCED_FACE('',(#4009),#3815,.T.);
#4009 = FACE_BOUND('',#4010,.T.);
#4010 = EDGE_LOOP('',(#4011,#4034,#4035,#4036));
#4011 = ORIENTED_EDGE('',*,*,#4012,.F.);
#4012 = EDGE_CURVE('',#3772,#4013,#4015,.T.);
#4013 = VERTEX_POINT('',#4014);
#4014 = CARTESIAN_POINT('',(55.,68.,470.));
#4015 = SURFACE_CURVE('',#4016,(#4020,#4027),.PCURVE_S1.);
#4016 = LINE('',#4017,#4018);
#4017 = CARTESIAN_POINT('',(-55.,68.,470.));
#4018 = VECTOR('',#4019,1.);
#4019 = DIRECTION('',(1.,0.,-0.));
#4020 = PCURVE('',#3815,#4021);
#4021 = DEFINITIONAL_REPRESENTATION('',(#4022),#4026);
#4022 = LINE('',#4023,#4024);
#4023 = CARTESIAN_POINT('',(0.,0.));
#4024 = VECTOR('',#4025,1.);
#4025 = DIRECTION('',(0.,1.));
#4026 = ( GEOMETRIC_REPRESENTATION_CONTEXT(2) 
PARAMETRIC_REPRESENTATION_CONTEXT() REPRESENTATION_CONTEXT('2D SPACE',''
  ) );
#4027 = PCURVE('',#3787,#4028);
#4028 = DEFINITIONAL_REPRESENTATION('',(#4029),#4033);
#4029 = LINE('',#4030,#4031);
#4030 = CARTESIAN_POINT('',(0.,150.));
#4031 = VECTOR('',#4032,1.);
#4032 = DIRECTION('',(1.,0.));
#4033 = ( GEOMETRIC_REPRESENTATION_CONTEXT(2) 
PARAMETRIC_REPRESENTATION_CONTEXT() REPRESENTATION_CONTEXT('2D SPACE',''
  ) );
#4034 = ORIENTED_EDGE('',*,*,#3799,.T.);
#4035 = ORIENTED_EDGE('',*,*,#3957,.T.);
#4036 = ORIENTED_EDGE('',*,*,#4037,.F.);
#4037 = EDGE_CURVE('',#4013,#3935,#4038,.T.);
#4038 = SURFACE_CURVE('',#4039,(#4043,#4050),.PCURVE_S1.);
#4039 = LINE('',#4040,#4041);
#4040 = CARTESIAN_POINT('',(55.,68.,470.));
#4041 = VECTOR('',#4042,1.);
#4042 = DIRECTION('',(0.,0.,1.));
#4043 = PCURVE('',#3815,#4044);
#4044 = DEFINITIONAL_REPRESENTATION('',(#4045),#4049);
#4045 = LINE('',#4046,#4047);
#4046 = CARTESIAN_POINT('',(0.,110.));
#4047 = VECTOR('',#4048,1.);
#4048 = DIRECTION('',(1.,0.));
#4049 = ( GEOMETRIC_REPRESENTATION_CONTEXT(2) 
PARAMETRIC_REPRESENTATION_CONTEXT() REPRESENTATION_CONTEXT('2D SPACE',''
  ) );
#4050 = PCURVE('',#3917,#4051);
#4051 = DEFINITIONAL_REPRESENTATION('',(#4052),#4056);
#4052 = LINE('',#4053,#4054);
#4053 = CARTESIAN_POINT('',(0.,-150.));
#4054 = VECTOR('',#4055,1.);
#4055 = DIRECTION('',(1.,0.));
#4056 = ( GEOMETRIC_REPRESENTATION_CONTEXT(2) 
PARAMETRIC_REPRESENTATION_CONTEXT() REPRESENTATION_CONTEXT('2D SPACE',''
  ) );
#4057 = ADVANCED_FACE('',(#4058,#4084),#3787,.F.);
#4058 = FACE_BOUND('',#4059,.F.);
#4059 = EDGE_LOOP('',(#4060,#4061,#4062,#4083));
#4060 = ORIENTED_EDGE('',*,*,#3771,.F.);
#4061 = ORIENTED_EDGE('',*,*,#3856,.T.);
#4062 = ORIENTED_EDGE('',*,*,#4063,.T.);
#4063 = EDGE_CURVE('',#3857,#4013,#4064,.T.);
#4064 = SURFACE_CURVE('',#4065,(#4069,#4076),.PCURVE_S1.);
#4065 = LINE('',#4066,#4067);
#4066 = CARTESIAN_POINT('',(55.,-82.,470.));
#4067 = VECTOR('',#4068,1.);
#4068 = DIRECTION('',(-0.,1.,0.));
#4069 = PCURVE('',#3787,#4070);
#4070 = DEFINITIONAL_REPRESENTATION('',(#4071),#4075);
#4071 = LINE('',#4072,#4073);
#4072 = CARTESIAN_POINT('',(110.,0.));
#4073 = VECTOR('',#4074,1.);
#4074 = DIRECTION('',(0.,1.));
#4075 = ( GEOMETRIC_REPRESENTATION_CONTEXT(2) 
PARAMETRIC_REPRESENTATION_CONTEXT() REPRESENTATION_CONTEXT('2D SPACE',''
  ) );
#4076 = PCURVE('',#3917,#4077);
#4077 = DEFINITIONAL_REPRESENTATION('',(#4078),#4082);
#4078 = LINE('',#4079,#4080);
#4079 = CARTESIAN_POINT('',(0.,0.));
#4080 = VECTOR('',#4081,1.);
#4081 = DIRECTION('',(0.,-1.));
#4082 = ( GEOMETRIC_REPRESENTATION_CONTEXT(2) 
PARAMETRIC_REPRESENTATION_CONTEXT() REPRESENTATION_CONTEXT('2D SPACE',''
  ) );
#4083 = ORIENTED_EDGE('',*,*,#4012,.F.);
#4084 = FACE_BOUND('',#4085,.F.);
#4085 = EDGE_LOOP('',(#4086));
#4086 = ORIENTED_EDGE('',*,*,#4087,.F.);
#4087 = EDGE_CURVE('',#4088,#4088,#4090,.T.);
#4088 = VERTEX_POINT('',#4089);
#4089 = CARTESIAN_POINT('',(23.,-5.633375276078E-15,470.));
#4090 = SURFACE_CURVE('',#4091,(#4096,#4103),.PCURVE_S1.);
#4091 = CIRCLE('',#4092,23.);
#4092 = AXIS2_PLACEMENT_3D('',#4093,#4094,#4095);
#4093 = CARTESIAN_POINT('',(0.,0.,470.));
#4094 = DIRECTION('',(0.,0.,1.));
#4095 = DIRECTION('',(1.,0.,-0.));
#4096 = PCURVE('',#3787,#4097);
#4097 = DEFINITIONAL_REPRESENTATION('',(#4098),#4102);
#4098 = CIRCLE('',#4099,23.);
#4099 = AXIS2_PLACEMENT_2D('',#4100,#4101);
#4100 = CARTESIAN_POINT('',(55.,82.));
#4101 = DIRECTION('',(1.,0.));
#4102 = ( GEOMETRIC_REPRESENTATION_CONTEXT(2) 
PARAMETRIC_REPRESENTATION_CONTEXT() REPRESENTATION_CONTEXT('2D SPACE',''
  ) );
#4103 = PCURVE('',#3997,#4104);
#4104 = DEFINITIONAL_REPRESENTATION('',(#4105),#4109);
#4105 = LINE('',#4106,#4107);
#4106 = CARTESIAN_POINT('',(0.,1.));
#4107 = VECTOR('',#4108,1.);
#4108 = DIRECTION('',(1.,0.));
#4109 = ( GEOMETRIC_REPRESENTATION_CONTEXT(2) 
PARAMETRIC_REPRESENTATION_CONTEXT() REPRESENTATION_CONTEXT('2D SPACE',''
  ) );
#4110 = ADVANCED_FACE('',(#4111),#3917,.T.);
#4111 = FACE_BOUND('',#4112,.T.);
#4112 = EDGE_LOOP('',(#4113,#4114,#4115,#4116));
#4113 = ORIENTED_EDGE('',*,*,#3903,.F.);
#4114 = ORIENTED_EDGE('',*,*,#4063,.T.);
#4115 = ORIENTED_EDGE('',*,*,#4037,.T.);
#4116 = ORIENTED_EDGE('',*,*,#3934,.F.);
#4117 = ADVANCED_FACE('',(#4118),#3997,.F.);
#4118 = FACE_BOUND('',#4119,.F.);
#4119 = EDGE_LOOP('',(#4120,#4121,#4142,#4143));
#4120 = ORIENTED_EDGE('',*,*,#3980,.F.);
#4121 = ORIENTED_EDGE('',*,*,#4122,.F.);
#4122 = EDGE_CURVE('',#4088,#3981,#4123,.T.);
#4123 = SEAM_CURVE('',#4124,(#4128,#4135),.PCURVE_S1.);
#4124 = LINE('',#4125,#4126);
#4125 = CARTESIAN_POINT('',(23.,-5.633375276078E-15,469.));
#4126 = VECTOR('',#4127,1.);
#4127 = DIRECTION('',(0.,0.,1.));
#4128 = PCURVE('',#3997,#4129);
#4129 = DEFINITIONAL_REPRESENTATION('',(#4130),#4134);
#4130 = LINE('',#4131,#4132);
#4131 = CARTESIAN_POINT('',(6.28318530718,-0.));
#4132 = VECTOR('',#4133,1.);
#4133 = DIRECTION('',(0.,1.));
#4134 = ( GEOMETRIC_REPRESENTATION_CONTEXT(2) 
PARAMETRIC_REPRESENTATION_CONTEXT() REPRESENTATION_CONTEXT('2D SPACE',''
  ) );
#4135 = PCURVE('',#3997,#4136);
#4136 = DEFINITIONAL_REPRESENTATION('',(#4137),#4141);
#4137 = LINE('',#4138,#4139);
#4138 = CARTESIAN_POINT('',(0.,-0.));
#4139 = VECTOR('',#4140,1.);
#4140 = DIRECTION('',(0.,1.));
#4141 = ( GEOMETRIC_REPRESENTATION_CONTEXT(2) 
PARAMETRIC_REPRESENTATION_CONTEXT() REPRESENTATION_CONTEXT('2D SPACE',''
  ) );
#4142 = ORIENTED_EDGE('',*,*,#4087,.T.);
#4143 = ORIENTED_EDGE('',*,*,#4122,.T.);
#4144 = ( GEOMETRIC_REPRESENTATION_CONTEXT(3) 
GLOBAL_UNCERTAINTY_ASSIGNED_CONTEXT((#4148)) 
GLOBAL_UNIT_ASSIGNED_CONTEXT((#4145,#4146,#4147)) REPRESENTATION_CONTEXT
('Context #1','3D Context with UNIT and UNCERTAINTY') );
#4145 = ( LENGTH_UNIT() NAMED_UNIT(*) SI_UNIT(.MILLI.,.METRE.) );
#4146 = ( NAMED_UNIT(*) PLANE_ANGLE_UNIT() SI_UNIT($,.RADIAN.) );
#4147 = ( NAMED_UNIT(*) SI_UNIT($,.STERADIAN.) SOLID_ANGLE_UNIT() );
#4148 = UNCERTAINTY_MEASURE_WITH_UNIT(LENGTH_MEASURE(1.E-07),#4145,
  'distance_accuracy_value','confusion accuracy');
#4149 = CONTEXT_DEPENDENT_SHAPE_REPRESENTATION(#4150,#4152);
#4150 = ( REPRESENTATION_RELATIONSHIP('','',#3729,#10) 
REPRESENTATION_RELATIONSHIP_WITH_TRANSFORMATION(#4151) 
SHAPE_REPRESENTATION_RELATIONSHIP() );
#4151 = ITEM_DEFINED_TRANSFORMATION('','',#11,#35);
#4152 = PRODUCT_DEFINITION_SHAPE('Placement','Placement of an item',
  #4153);
#4153 = NEXT_ASSEMBLY_USAGE_OCCURRENCE('6','=>[0:1:1:7]','',#5,#3724,$);
#4154 = PRODUCT_RELATED_PRODUCT_CATEGORY('part',$,(#3726));
#4155 = SHAPE_DEFINITION_REPRESENTATION(#4156,#4162);
#4156 = PRODUCT_DEFINITION_SHAPE('','',#4157);
#4157 = PRODUCT_DEFINITION('design','',#4158,#4161);
#4158 = PRODUCT_DEFINITION_FORMATION('','',#4159);
#4159 = PRODUCT('COMPOUND','COMPOUND','',(#4160));
#4160 = PRODUCT_CONTEXT('',#2,'mechanical');
#4161 = PRODUCT_DEFINITION_CONTEXT('part definition',#2,'design');
#4162 = ADVANCED_BREP_SHAPE_REPRESENTATION('',(#11,#4163),#5529);
#4163 = MANIFOLD_SOLID_BREP('',#4164);
#4164 = CLOSED_SHELL('',(#4165,#4285,#4361,#4410,#4459,#4600,#4607,#4683
    ,#4767,#4816,#4843,#4850,#5363,#5388,#5515,#5521,#5525));
#4165 = ADVANCED_FACE('',(#4166),#4180,.F.);
#4166 = FACE_BOUND('',#4167,.F.);
#4167 = EDGE_LOOP('',(#4168,#4203,#4231,#4259));
#4168 = ORIENTED_EDGE('',*,*,#4169,.F.);
#4169 = EDGE_CURVE('',#4170,#4172,#4174,.T.);
#4170 = VERTEX_POINT('',#4171);
#4171 = CARTESIAN_POINT('',(-85.,-65.,88.));
#4172 = VERTEX_POINT('',#4173);
#4173 = CARTESIAN_POINT('',(-85.,-65.,100.));
#4174 = SURFACE_CURVE('',#4175,(#4179,#4191),.PCURVE_S1.);
#4175 = LINE('',#4176,#4177);
#4176 = CARTESIAN_POINT('',(-85.,-65.,88.));
#4177 = VECTOR('',#4178,1.);
#4178 = DIRECTION('',(0.,0.,1.));
#4179 = PCURVE('',#4180,#4185);
#4180 = PLANE('',#4181);
#4181 = AXIS2_PLACEMENT_3D('',#4182,#4183,#4184);
#4182 = CARTESIAN_POINT('',(-85.,-65.,88.));
#4183 = DIRECTION('',(1.,0.,-0.));
#4184 = DIRECTION('',(0.,0.,1.));
#4185 = DEFINITIONAL_REPRESENTATION('',(#4186),#4190);
#4186 = LINE('',#4187,#4188);
#4187 = CARTESIAN_POINT('',(0.,0.));
#4188 = VECTOR('',#4189,1.);
#4189 = DIRECTION('',(1.,0.));
#4190 = ( GEOMETRIC_REPRESENTATION_CONTEXT(2) 
PARAMETRIC_REPRESENTATION_CONTEXT() REPRESENTATION_CONTEXT('2D SPACE',''
  ) );
#4191 = PCURVE('',#4192,#4197);
#4192 = PLANE('',#4193);
#4193 = AXIS2_PLACEMENT_3D('',#4194,#4195,#4196);
#4194 = CARTESIAN_POINT('',(-85.,-65.,88.));
#4195 = DIRECTION('',(-0.,1.,0.));
#4196 = DIRECTION('',(0.,0.,1.));
#4197 = DEFINITIONAL_REPRESENTATION('',(#4198),#4202);
#4198 = LINE('',#4199,#4200);
#4199 = CARTESIAN_POINT('',(0.,0.));
#4200 = VECTOR('',#4201,1.);
#4201 = DIRECTION('',(1.,0.));
#4202 = ( GEOMETRIC_REPRESENTATION_CONTEXT(2) 
PARAMETRIC_REPRESENTATION_CONTEXT() REPRESENTATION_CONTEXT('2D SPACE',''
  ) );
#4203 = ORIENTED_EDGE('',*,*,#4204,.T.);
#4204 = EDGE_CURVE('',#4170,#4205,#4207,.T.);
#4205 = VERTEX_POINT('',#4206);
#4206 = CARTESIAN_POINT('',(-85.,65.,88.));
#4207 = SURFACE_CURVE('',#4208,(#4212,#4219),.PCURVE_S1.);
#4208 = LINE('',#4209,#4210);
#4209 = CARTESIAN_POINT('',(-85.,-65.,88.));
#4210 = VECTOR('',#4211,1.);
#4211 = DIRECTION('',(-0.,1.,0.));
#4212 = PCURVE('',#4180,#4213);
#4213 = DEFINITIONAL_REPRESENTATION('',(#4214),#4218);
#4214 = LINE('',#4215,#4216);
#4215 = CARTESIAN_POINT('',(0.,0.));
#4216 = VECTOR('',#4217,1.);
#4217 = DIRECTION('',(0.,-1.));
#4218 = ( GEOMETRIC_REPRESENTATION_CONTEXT(2) 
PARAMETRIC_REPRESENTATION_CONTEXT() REPRESENTATION_CONTEXT('2D SPACE',''
  ) );
#4219 = PCURVE('',#4220,#4225);
#4220 = PLANE('',#4221);
#4221 = AXIS2_PLACEMENT_3D('',#4222,#4223,#4224);
#4222 = CARTESIAN_POINT('',(-85.,-65.,88.));
#4223 = DIRECTION('',(0.,0.,1.));
#4224 = DIRECTION('',(1.,0.,-0.));
#4225 = DEFINITIONAL_REPRESENTATION('',(#4226),#4230);
#4226 = LINE('',#4227,#4228);
#4227 = CARTESIAN_POINT('',(0.,0.));
#4228 = VECTOR('',#4229,1.);
#4229 = DIRECTION('',(0.,1.));
#4230 = ( GEOMETRIC_REPRESENTATION_CONTEXT(2) 
PARAMETRIC_REPRESENTATION_CONTEXT() REPRESENTATION_CONTEXT('2D SPACE',''
  ) );
#4231 = ORIENTED_EDGE('',*,*,#4232,.T.);
#4232 = EDGE_CURVE('',#4205,#4233,#4235,.T.);
#4233 = VERTEX_POINT('',#4234);
#4234 = CARTESIAN_POINT('',(-85.,65.,100.));
#4235 = SURFACE_CURVE('',#4236,(#4240,#4247),.PCURVE_S1.);
#4236 = LINE('',#4237,#4238);
#4237 = CARTESIAN_POINT('',(-85.,65.,88.));
#4238 = VECTOR('',#4239,1.);
#4239 = DIRECTION('',(0.,0.,1.));
#4240 = PCURVE('',#4180,#4241);
#4241 = DEFINITIONAL_REPRESENTATION('',(#4242),#4246);
#4242 = LINE('',#4243,#4244);
#4243 = CARTESIAN_POINT('',(0.,-130.));
#4244 = VECTOR('',#4245,1.);
#4245 = DIRECTION('',(1.,0.));
#4246 = ( GEOMETRIC_REPRESENTATION_CONTEXT(2) 
PARAMETRIC_REPRESENTATION_CONTEXT() REPRESENTATION_CONTEXT('2D SPACE',''
  ) );
#4247 = PCURVE('',#4248,#4253);
#4248 = PLANE('',#4249);
#4249 = AXIS2_PLACEMENT_3D('',#4250,#4251,#4252);
#4250 = CARTESIAN_POINT('',(-85.,65.,88.));
#4251 = DIRECTION('',(-0.,1.,0.));
#4252 = DIRECTION('',(0.,0.,1.));
#4253 = DEFINITIONAL_REPRESENTATION('',(#4254),#4258);
#4254 = LINE('',#4255,#4256);
#4255 = CARTESIAN_POINT('',(0.,0.));
#4256 = VECTOR('',#4257,1.);
#4257 = DIRECTION('',(1.,0.));
#4258 = ( GEOMETRIC_REPRESENTATION_CONTEXT(2) 
PARAMETRIC_REPRESENTATION_CONTEXT() REPRESENTATION_CONTEXT('2D SPACE',''
  ) );
#4259 = ORIENTED_EDGE('',*,*,#4260,.F.);
#4260 = EDGE_CURVE('',#4172,#4233,#4261,.T.);
#4261 = SURFACE_CURVE('',#4262,(#4266,#4273),.PCURVE_S1.);
#4262 = LINE('',#4263,#4264);
#4263 = CARTESIAN_POINT('',(-85.,-65.,100.));
#4264 = VECTOR('',#4265,1.);
#4265 = DIRECTION('',(-0.,1.,0.));
#4266 = PCURVE('',#4180,#4267);
#4267 = DEFINITIONAL_REPRESENTATION('',(#4268),#4272);
#4268 = LINE('',#4269,#4270);
#4269 = CARTESIAN_POINT('',(12.,0.));
#4270 = VECTOR('',#4271,1.);
#4271 = DIRECTION('',(0.,-1.));
#4272 = ( GEOMETRIC_REPRESENTATION_CONTEXT(2) 
PARAMETRIC_REPRESENTATION_CONTEXT() REPRESENTATION_CONTEXT('2D SPACE',''
  ) );
#4273 = PCURVE('',#4274,#4279);
#4274 = PLANE('',#4275);
#4275 = AXIS2_PLACEMENT_3D('',#4276,#4277,#4278);
#4276 = CARTESIAN_POINT('',(-85.,-65.,100.));
#4277 = DIRECTION('',(0.,0.,1.));
#4278 = DIRECTION('',(1.,0.,-0.));
#4279 = DEFINITIONAL_REPRESENTATION('',(#4280),#4284);
#4280 = LINE('',#4281,#4282);
#4281 = CARTESIAN_POINT('',(0.,0.));
#4282 = VECTOR('',#4283,1.);
#4283 = DIRECTION('',(0.,1.));
#4284 = ( GEOMETRIC_REPRESENTATION_CONTEXT(2) 
PARAMETRIC_REPRESENTATION_CONTEXT() REPRESENTATION_CONTEXT('2D SPACE',''
  ) );
#4285 = ADVANCED_FACE('',(#4286),#4192,.F.);
#4286 = FACE_BOUND('',#4287,.F.);
#4287 = EDGE_LOOP('',(#4288,#4311,#4312,#4335));
#4288 = ORIENTED_EDGE('',*,*,#4289,.F.);
#4289 = EDGE_CURVE('',#4170,#4290,#4292,.T.);
#4290 = VERTEX_POINT('',#4291);
#4291 = CARTESIAN_POINT('',(85.,-65.,88.));
#4292 = SURFACE_CURVE('',#4293,(#4297,#4304),.PCURVE_S1.);
#4293 = LINE('',#4294,#4295);
#4294 = CARTESIAN_POINT('',(-85.,-65.,88.));
#4295 = VECTOR('',#4296,1.);
#4296 = DIRECTION('',(1.,0.,-0.));
#4297 = PCURVE('',#4192,#4298);
#4298 = DEFINITIONAL_REPRESENTATION('',(#4299),#4303);
#4299 = LINE('',#4300,#4301);
#4300 = CARTESIAN_POINT('',(0.,0.));
#4301 = VECTOR('',#4302,1.);
#4302 = DIRECTION('',(0.,1.));
#4303 = ( GEOMETRIC_REPRESENTATION_CONTEXT(2) 
PARAMETRIC_REPRESENTATION_CONTEXT() REPRESENTATION_CONTEXT('2D SPACE',''
  ) );
#4304 = PCURVE('',#4220,#4305);
#4305 = DEFINITIONAL_REPRESENTATION('',(#4306),#4310);
#4306 = LINE('',#4307,#4308);
#4307 = CARTESIAN_POINT('',(0.,0.));
#4308 = VECTOR('',#4309,1.);
#4309 = DIRECTION('',(1.,0.));
#4310 = ( GEOMETRIC_REPRESENTATION_CONTEXT(2) 
PARAMETRIC_REPRESENTATION_CONTEXT() REPRESENTATION_CONTEXT('2D SPACE',''
  ) );
#4311 = ORIENTED_EDGE('',*,*,#4169,.T.);
#4312 = ORIENTED_EDGE('',*,*,#4313,.T.);
#4313 = EDGE_CURVE('',#4172,#4314,#4316,.T.);
#4314 = VERTEX_POINT('',#4315);
#4315 = CARTESIAN_POINT('',(85.,-65.,100.));
#4316 = SURFACE_CURVE('',#4317,(#4321,#4328),.PCURVE_S1.);
#4317 = LINE('',#4318,#4319);
#4318 = CARTESIAN_POINT('',(-85.,-65.,100.));
#4319 = VECTOR('',#4320,1.);
#4320 = DIRECTION('',(1.,0.,-0.));
#4321 = PCURVE('',#4192,#4322);
#4322 = DEFINITIONAL_REPRESENTATION('',(#4323),#4327);
#4323 = LINE('',#4324,#4325);
#4324 = CARTESIAN_POINT('',(12.,0.));
#4325 = VECTOR('',#4326,1.);
#4326 = DIRECTION('',(0.,1.));
#4327 = ( GEOMETRIC_REPRESENTATION_CONTEXT(2) 
PARAMETRIC_REPRESENTATION_CONTEXT() REPRESENTATION_CONTEXT('2D SPACE',''
  ) );
#4328 = PCURVE('',#4274,#4329);
#4329 = DEFINITIONAL_REPRESENTATION('',(#4330),#4334);
#4330 = LINE('',#4331,#4332);
#4331 = CARTESIAN_POINT('',(0.,0.));
#4332 = VECTOR('',#4333,1.);
#4333 = DIRECTION('',(1.,0.));
#4334 = ( GEOMETRIC_REPRESENTATION_CONTEXT(2) 
PARAMETRIC_REPRESENTATION_CONTEXT() REPRESENTATION_CONTEXT('2D SPACE',''
  ) );
#4335 = ORIENTED_EDGE('',*,*,#4336,.F.);
#4336 = EDGE_CURVE('',#4290,#4314,#4337,.T.);
#4337 = SURFACE_CURVE('',#4338,(#4342,#4349),.PCURVE_S1.);
#4338 = LINE('',#4339,#4340);
#4339 = CARTESIAN_POINT('',(85.,-65.,88.));
#4340 = VECTOR('',#4341,1.);
#4341 = DIRECTION('',(0.,0.,1.));
#4342 = PCURVE('',#4192,#4343);
#4343 = DEFINITIONAL_REPRESENTATION('',(#4344),#4348);
#4344 = LINE('',#4345,#4346);
#4345 = CARTESIAN_POINT('',(0.,170.));
#4346 = VECTOR('',#4347,1.);
#4347 = DIRECTION('',(1.,0.));
#4348 = ( GEOMETRIC_REPRESENTATION_CONTEXT(2) 
PARAMETRIC_REPRESENTATION_CONTEXT() REPRESENTATION_CONTEXT('2D SPACE',''
  ) );
#4349 = PCURVE('',#4350,#4355);
#4350 = PLANE('',#4351);
#4351 = AXIS2_PLACEMENT_3D('',#4352,#4353,#4354);
#4352 = CARTESIAN_POINT('',(85.,-65.,88.));
#4353 = DIRECTION('',(1.,0.,-0.));
#4354 = DIRECTION('',(0.,0.,1.));
#4355 = DEFINITIONAL_REPRESENTATION('',(#4356),#4360);
#4356 = LINE('',#4357,#4358);
#4357 = CARTESIAN_POINT('',(0.,0.));
#4358 = VECTOR('',#4359,1.);
#4359 = DIRECTION('',(1.,0.));
#4360 = ( GEOMETRIC_REPRESENTATION_CONTEXT(2) 
PARAMETRIC_REPRESENTATION_CONTEXT() REPRESENTATION_CONTEXT('2D SPACE',''
  ) );
#4361 = ADVANCED_FACE('',(#4362),#4274,.T.);
#4362 = FACE_BOUND('',#4363,.T.);
#4363 = EDGE_LOOP('',(#4364,#4365,#4366,#4389));
#4364 = ORIENTED_EDGE('',*,*,#4260,.F.);
#4365 = ORIENTED_EDGE('',*,*,#4313,.T.);
#4366 = ORIENTED_EDGE('',*,*,#4367,.T.);
#4367 = EDGE_CURVE('',#4314,#4368,#4370,.T.);
#4368 = VERTEX_POINT('',#4369);
#4369 = CARTESIAN_POINT('',(85.,65.,100.));
#4370 = SURFACE_CURVE('',#4371,(#4375,#4382),.PCURVE_S1.);
#4371 = LINE('',#4372,#4373);
#4372 = CARTESIAN_POINT('',(85.,-65.,100.));
#4373 = VECTOR('',#4374,1.);
#4374 = DIRECTION('',(-0.,1.,0.));
#4375 = PCURVE('',#4274,#4376);
#4376 = DEFINITIONAL_REPRESENTATION('',(#4377),#4381);
#4377 = LINE('',#4378,#4379);
#4378 = CARTESIAN_POINT('',(170.,0.));
#4379 = VECTOR('',#4380,1.);
#4380 = DIRECTION('',(0.,1.));
#4381 = ( GEOMETRIC_REPRESENTATION_CONTEXT(2) 
PARAMETRIC_REPRESENTATION_CONTEXT() REPRESENTATION_CONTEXT('2D SPACE',''
  ) );
#4382 = PCURVE('',#4350,#4383);
#4383 = DEFINITIONAL_REPRESENTATION('',(#4384),#4388);
#4384 = LINE('',#4385,#4386);
#4385 = CARTESIAN_POINT('',(12.,0.));
#4386 = VECTOR('',#4387,1.);
#4387 = DIRECTION('',(0.,-1.));
#4388 = ( GEOMETRIC_REPRESENTATION_CONTEXT(2) 
PARAMETRIC_REPRESENTATION_CONTEXT() REPRESENTATION_CONTEXT('2D SPACE',''
  ) );
#4389 = ORIENTED_EDGE('',*,*,#4390,.F.);
#4390 = EDGE_CURVE('',#4233,#4368,#4391,.T.);
#4391 = SURFACE_CURVE('',#4392,(#4396,#4403),.PCURVE_S1.);
#4392 = LINE('',#4393,#4394);
#4393 = CARTESIAN_POINT('',(-85.,65.,100.));
#4394 = VECTOR('',#4395,1.);
#4395 = DIRECTION('',(1.,0.,-0.));
#4396 = PCURVE('',#4274,#4397);
#4397 = DEFINITIONAL_REPRESENTATION('',(#4398),#4402);
#4398 = LINE('',#4399,#4400);
#4399 = CARTESIAN_POINT('',(0.,130.));
#4400 = VECTOR('',#4401,1.);
#4401 = DIRECTION('',(1.,0.));
#4402 = ( GEOMETRIC_REPRESENTATION_CONTEXT(2) 
PARAMETRIC_REPRESENTATION_CONTEXT() REPRESENTATION_CONTEXT('2D SPACE',''
  ) );
#4403 = PCURVE('',#4248,#4404);
#4404 = DEFINITIONAL_REPRESENTATION('',(#4405),#4409);
#4405 = LINE('',#4406,#4407);
#4406 = CARTESIAN_POINT('',(12.,0.));
#4407 = VECTOR('',#4408,1.);
#4408 = DIRECTION('',(0.,1.));
#4409 = ( GEOMETRIC_REPRESENTATION_CONTEXT(2) 
PARAMETRIC_REPRESENTATION_CONTEXT() REPRESENTATION_CONTEXT('2D SPACE',''
  ) );
#4410 = ADVANCED_FACE('',(#4411),#4248,.T.);
#4411 = FACE_BOUND('',#4412,.T.);
#4412 = EDGE_LOOP('',(#4413,#4436,#4437,#4438));
#4413 = ORIENTED_EDGE('',*,*,#4414,.F.);
#4414 = EDGE_CURVE('',#4205,#4415,#4417,.T.);
#4415 = VERTEX_POINT('',#4416);
#4416 = CARTESIAN_POINT('',(85.,65.,88.));
#4417 = SURFACE_CURVE('',#4418,(#4422,#4429),.PCURVE_S1.);
#4418 = LINE('',#4419,#4420);
#4419 = CARTESIAN_POINT('',(-85.,65.,88.));
#4420 = VECTOR('',#4421,1.);
#4421 = DIRECTION('',(1.,0.,-0.));
#4422 = PCURVE('',#4248,#4423);
#4423 = DEFINITIONAL_REPRESENTATION('',(#4424),#4428);
#4424 = LINE('',#4425,#4426);
#4425 = CARTESIAN_POINT('',(0.,0.));
#4426 = VECTOR('',#4427,1.);
#4427 = DIRECTION('',(0.,1.));
#4428 = ( GEOMETRIC_REPRESENTATION_CONTEXT(2) 
PARAMETRIC_REPRESENTATION_CONTEXT() REPRESENTATION_CONTEXT('2D SPACE',''
  ) );
#4429 = PCURVE('',#4220,#4430);
#4430 = DEFINITIONAL_REPRESENTATION('',(#4431),#4435);
#4431 = LINE('',#4432,#4433);
#4432 = CARTESIAN_POINT('',(0.,130.));
#4433 = VECTOR('',#4434,1.);
#4434 = DIRECTION('',(1.,0.));
#4435 = ( GEOMETRIC_REPRESENTATION_CONTEXT(2) 
PARAMETRIC_REPRESENTATION_CONTEXT() REPRESENTATION_CONTEXT('2D SPACE',''
  ) );
#4436 = ORIENTED_EDGE('',*,*,#4232,.T.);
#4437 = ORIENTED_EDGE('',*,*,#4390,.T.);
#4438 = ORIENTED_EDGE('',*,*,#4439,.F.);
#4439 = EDGE_CURVE('',#4415,#4368,#4440,.T.);
#4440 = SURFACE_CURVE('',#4441,(#4445,#4452),.PCURVE_S1.);
#4441 = LINE('',#4442,#4443);
#4442 = CARTESIAN_POINT('',(85.,65.,88.));
#4443 = VECTOR('',#4444,1.);
#4444 = DIRECTION('',(0.,0.,1.));
#4445 = PCURVE('',#4248,#4446);
#4446 = DEFINITIONAL_REPRESENTATION('',(#4447),#4451);
#4447 = LINE('',#4448,#4449);
#4448 = CARTESIAN_POINT('',(0.,170.));
#4449 = VECTOR('',#4450,1.);
#4450 = DIRECTION('',(1.,0.));
#4451 = ( GEOMETRIC_REPRESENTATION_CONTEXT(2) 
PARAMETRIC_REPRESENTATION_CONTEXT() REPRESENTATION_CONTEXT('2D SPACE',''
  ) );
#4452 = PCURVE('',#4350,#4453);
#4453 = DEFINITIONAL_REPRESENTATION('',(#4454),#4458);
#4454 = LINE('',#4455,#4456);
#4455 = CARTESIAN_POINT('',(0.,-130.));
#4456 = VECTOR('',#4457,1.);
#4457 = DIRECTION('',(1.,0.));
#4458 = ( GEOMETRIC_REPRESENTATION_CONTEXT(2) 
PARAMETRIC_REPRESENTATION_CONTEXT() REPRESENTATION_CONTEXT('2D SPACE',''
  ) );
#4459 = ADVANCED_FACE('',(#4460,#4486),#4220,.F.);
#4460 = FACE_BOUND('',#4461,.F.);
#4461 = EDGE_LOOP('',(#4462,#4463,#4464,#4485));
#4462 = ORIENTED_EDGE('',*,*,#4204,.F.);
#4463 = ORIENTED_EDGE('',*,*,#4289,.T.);
#4464 = ORIENTED_EDGE('',*,*,#4465,.T.);
#4465 = EDGE_CURVE('',#4290,#4415,#4466,.T.);
#4466 = SURFACE_CURVE('',#4467,(#4471,#4478),.PCURVE_S1.);
#4467 = LINE('',#4468,#4469);
#4468 = CARTESIAN_POINT('',(85.,-65.,88.));
#4469 = VECTOR('',#4470,1.);
#4470 = DIRECTION('',(-0.,1.,0.));
#4471 = PCURVE('',#4220,#4472);
#4472 = DEFINITIONAL_REPRESENTATION('',(#4473),#4477);
#4473 = LINE('',#4474,#4475);
#4474 = CARTESIAN_POINT('',(170.,0.));
#4475 = VECTOR('',#4476,1.);
#4476 = DIRECTION('',(0.,1.));
#4477 = ( GEOMETRIC_REPRESENTATION_CONTEXT(2) 
PARAMETRIC_REPRESENTATION_CONTEXT() REPRESENTATION_CONTEXT('2D SPACE',''
  ) );
#4478 = PCURVE('',#4350,#4479);
#4479 = DEFINITIONAL_REPRESENTATION('',(#4480),#4484);
#4480 = LINE('',#4481,#4482);
#4481 = CARTESIAN_POINT('',(0.,0.));
#4482 = VECTOR('',#4483,1.);
#4483 = DIRECTION('',(0.,-1.));
#4484 = ( GEOMETRIC_REPRESENTATION_CONTEXT(2) 
PARAMETRIC_REPRESENTATION_CONTEXT() REPRESENTATION_CONTEXT('2D SPACE',''
  ) );
#4485 = ORIENTED_EDGE('',*,*,#4414,.F.);
#4486 = FACE_BOUND('',#4487,.F.);
#4487 = EDGE_LOOP('',(#4488,#4518,#4546,#4574));
#4488 = ORIENTED_EDGE('',*,*,#4489,.T.);
#4489 = EDGE_CURVE('',#4490,#4492,#4494,.T.);
#4490 = VERTEX_POINT('',#4491);
#4491 = CARTESIAN_POINT('',(-35.,-35.,88.));
#4492 = VERTEX_POINT('',#4493);
#4493 = CARTESIAN_POINT('',(-35.,35.,88.));
#4494 = SURFACE_CURVE('',#4495,(#4499,#4506),.PCURVE_S1.);
#4495 = LINE('',#4496,#4497);
#4496 = CARTESIAN_POINT('',(-35.,-35.,88.));
#4497 = VECTOR('',#4498,1.);
#4498 = DIRECTION('',(-0.,1.,0.));
#4499 = PCURVE('',#4220,#4500);
#4500 = DEFINITIONAL_REPRESENTATION('',(#4501),#4505);
#4501 = LINE('',#4502,#4503);
#4502 = CARTESIAN_POINT('',(50.,30.));
#4503 = VECTOR('',#4504,1.);
#4504 = DIRECTION('',(0.,1.));
#4505 = ( GEOMETRIC_REPRESENTATION_CONTEXT(2) 
PARAMETRIC_REPRESENTATION_CONTEXT() REPRESENTATION_CONTEXT('2D SPACE',''
  ) );
#4506 = PCURVE('',#4507,#4512);
#4507 = PLANE('',#4508);
#4508 = AXIS2_PLACEMENT_3D('',#4509,#4510,#4511);
#4509 = CARTESIAN_POINT('',(-35.,-35.,12.));
#4510 = DIRECTION('',(1.,0.,-0.));
#4511 = DIRECTION('',(0.,0.,1.));
#4512 = DEFINITIONAL_REPRESENTATION('',(#4513),#4517);
#4513 = LINE('',#4514,#4515);
#4514 = CARTESIAN_POINT('',(76.,0.));
#4515 = VECTOR('',#4516,1.);
#4516 = DIRECTION('',(0.,-1.));
#4517 = ( GEOMETRIC_REPRESENTATION_CONTEXT(2) 
PARAMETRIC_REPRESENTATION_CONTEXT() REPRESENTATION_CONTEXT('2D SPACE',''
  ) );
#4518 = ORIENTED_EDGE('',*,*,#4519,.T.);
#4519 = EDGE_CURVE('',#4492,#4520,#4522,.T.);
#4520 = VERTEX_POINT('',#4521);
#4521 = CARTESIAN_POINT('',(35.,35.,88.));
#4522 = SURFACE_CURVE('',#4523,(#4527,#4534),.PCURVE_S1.);
#4523 = LINE('',#4524,#4525);
#4524 = CARTESIAN_POINT('',(-35.,35.,88.));
#4525 = VECTOR('',#4526,1.);
#4526 = DIRECTION('',(1.,0.,-0.));
#4527 = PCURVE('',#4220,#4528);
#4528 = DEFINITIONAL_REPRESENTATION('',(#4529),#4533);
#4529 = LINE('',#4530,#4531);
#4530 = CARTESIAN_POINT('',(50.,100.));
#4531 = VECTOR('',#4532,1.);
#4532 = DIRECTION('',(1.,0.));
#4533 = ( GEOMETRIC_REPRESENTATION_CONTEXT(2) 
PARAMETRIC_REPRESENTATION_CONTEXT() REPRESENTATION_CONTEXT('2D SPACE',''
  ) );
#4534 = PCURVE('',#4535,#4540);
#4535 = PLANE('',#4536);
#4536 = AXIS2_PLACEMENT_3D('',#4537,#4538,#4539);
#4537 = CARTESIAN_POINT('',(-35.,35.,12.));
#4538 = DIRECTION('',(-0.,1.,0.));
#4539 = DIRECTION('',(0.,0.,1.));
#4540 = DEFINITIONAL_REPRESENTATION('',(#4541),#4545);
#4541 = LINE('',#4542,#4543);
#4542 = CARTESIAN_POINT('',(76.,0.));
#4543 = VECTOR('',#4544,1.);
#4544 = DIRECTION('',(0.,1.));
#4545 = ( GEOMETRIC_REPRESENTATION_CONTEXT(2) 
PARAMETRIC_REPRESENTATION_CONTEXT() REPRESENTATION_CONTEXT('2D SPACE',''
  ) );
#4546 = ORIENTED_EDGE('',*,*,#4547,.F.);
#4547 = EDGE_CURVE('',#4548,#4520,#4550,.T.);
#4548 = VERTEX_POINT('',#4549);
#4549 = CARTESIAN_POINT('',(35.,-35.,88.));
#4550 = SURFACE_CURVE('',#4551,(#4555,#4562),.PCURVE_S1.);
#4551 = LINE('',#4552,#4553);
#4552 = CARTESIAN_POINT('',(35.,-35.,88.));
#4553 = VECTOR('',#4554,1.);
#4554 = DIRECTION('',(-0.,1.,0.));
#4555 = PCURVE('',#4220,#4556);
#4556 = DEFINITIONAL_REPRESENTATION('',(#4557),#4561);
#4557 = LINE('',#4558,#4559);
#4558 = CARTESIAN_POINT('',(120.,30.));
#4559 = VECTOR('',#4560,1.);
#4560 = DIRECTION('',(0.,1.));
#4561 = ( GEOMETRIC_REPRESENTATION_CONTEXT(2) 
PARAMETRIC_REPRESENTATION_CONTEXT() REPRESENTATION_CONTEXT('2D SPACE',''
  ) );
#4562 = PCURVE('',#4563,#4568);
#4563 = PLANE('',#4564);
#4564 = AXIS2_PLACEMENT_3D('',#4565,#4566,#4567);
#4565 = CARTESIAN_POINT('',(35.,-35.,12.));
#4566 = DIRECTION('',(1.,0.,-0.));
#4567 = DIRECTION('',(0.,0.,1.));
#4568 = DEFINITIONAL_REPRESENTATION('',(#4569),#4573);
#4569 = LINE('',#4570,#4571);
#4570 = CARTESIAN_POINT('',(76.,0.));
#4571 = VECTOR('',#4572,1.);
#4572 = DIRECTION('',(0.,-1.));
#4573 = ( GEOMETRIC_REPRESENTATION_CONTEXT(2) 
PARAMETRIC_REPRESENTATION_CONTEXT() REPRESENTATION_CONTEXT('2D SPACE',''
  ) );
#4574 = ORIENTED_EDGE('',*,*,#4575,.F.);
#4575 = EDGE_CURVE('',#4490,#4548,#4576,.T.);
#4576 = SURFACE_CURVE('',#4577,(#4581,#4588),.PCURVE_S1.);
#4577 = LINE('',#4578,#4579);
#4578 = CARTESIAN_POINT('',(-35.,-35.,88.));
#4579 = VECTOR('',#4580,1.);
#4580 = DIRECTION('',(1.,0.,-0.));
#4581 = PCURVE('',#4220,#4582);
#4582 = DEFINITIONAL_REPRESENTATION('',(#4583),#4587);
#4583 = LINE('',#4584,#4585);
#4584 = CARTESIAN_POINT('',(50.,30.));
#4585 = VECTOR('',#4586,1.);
#4586 = DIRECTION('',(1.,0.));
#4587 = ( GEOMETRIC_REPRESENTATION_CONTEXT(2) 
PARAMETRIC_REPRESENTATION_CONTEXT() REPRESENTATION_CONTEXT('2D SPACE',''
  ) );
#4588 = PCURVE('',#4589,#4594);
#4589 = PLANE('',#4590);
#4590 = AXIS2_PLACEMENT_3D('',#4591,#4592,#4593);
#4591 = CARTESIAN_POINT('',(-35.,-35.,12.));
#4592 = DIRECTION('',(-0.,1.,0.));
#4593 = DIRECTION('',(0.,0.,1.));
#4594 = DEFINITIONAL_REPRESENTATION('',(#4595),#4599);
#4595 = LINE('',#4596,#4597);
#4596 = CARTESIAN_POINT('',(76.,0.));
#4597 = VECTOR('',#4598,1.);
#4598 = DIRECTION('',(0.,1.));
#4599 = ( GEOMETRIC_REPRESENTATION_CONTEXT(2) 
PARAMETRIC_REPRESENTATION_CONTEXT() REPRESENTATION_CONTEXT('2D SPACE',''
  ) );
#4600 = ADVANCED_FACE('',(#4601),#4350,.T.);
#4601 = FACE_BOUND('',#4602,.T.);
#4602 = EDGE_LOOP('',(#4603,#4604,#4605,#4606));
#4603 = ORIENTED_EDGE('',*,*,#4336,.F.);
#4604 = ORIENTED_EDGE('',*,*,#4465,.T.);
#4605 = ORIENTED_EDGE('',*,*,#4439,.T.);
#4606 = ORIENTED_EDGE('',*,*,#4367,.F.);
#4607 = ADVANCED_FACE('',(#4608),#4507,.F.);
#4608 = FACE_BOUND('',#4609,.F.);
#4609 = EDGE_LOOP('',(#4610,#4633,#4661,#4682));
#4610 = ORIENTED_EDGE('',*,*,#4611,.F.);
#4611 = EDGE_CURVE('',#4612,#4490,#4614,.T.);
#4612 = VERTEX_POINT('',#4613);
#4613 = CARTESIAN_POINT('',(-35.,-35.,12.));
#4614 = SURFACE_CURVE('',#4615,(#4619,#4626),.PCURVE_S1.);
#4615 = LINE('',#4616,#4617);
#4616 = CARTESIAN_POINT('',(-35.,-35.,12.));
#4617 = VECTOR('',#4618,1.);
#4618 = DIRECTION('',(0.,0.,1.));
#4619 = PCURVE('',#4507,#4620);
#4620 = DEFINITIONAL_REPRESENTATION('',(#4621),#4625);
#4621 = LINE('',#4622,#4623);
#4622 = CARTESIAN_POINT('',(0.,0.));
#4623 = VECTOR('',#4624,1.);
#4624 = DIRECTION('',(1.,0.));
#4625 = ( GEOMETRIC_REPRESENTATION_CONTEXT(2) 
PARAMETRIC_REPRESENTATION_CONTEXT() REPRESENTATION_CONTEXT('2D SPACE',''
  ) );
#4626 = PCURVE('',#4589,#4627);
#4627 = DEFINITIONAL_REPRESENTATION('',(#4628),#4632);
#4628 = LINE('',#4629,#4630);
#4629 = CARTESIAN_POINT('',(0.,0.));
#4630 = VECTOR('',#4631,1.);
#4631 = DIRECTION('',(1.,0.));
#4632 = ( GEOMETRIC_REPRESENTATION_CONTEXT(2) 
PARAMETRIC_REPRESENTATION_CONTEXT() REPRESENTATION_CONTEXT('2D SPACE',''
  ) );
#4633 = ORIENTED_EDGE('',*,*,#4634,.T.);
#4634 = EDGE_CURVE('',#4612,#4635,#4637,.T.);
#4635 = VERTEX_POINT('',#4636);
#4636 = CARTESIAN_POINT('',(-35.,35.,12.));
#4637 = SURFACE_CURVE('',#4638,(#4642,#4649),.PCURVE_S1.);
#4638 = LINE('',#4639,#4640);
#4639 = CARTESIAN_POINT('',(-35.,-35.,12.));
#4640 = VECTOR('',#4641,1.);
#4641 = DIRECTION('',(-0.,1.,0.));
#4642 = PCURVE('',#4507,#4643);
#4643 = DEFINITIONAL_REPRESENTATION('',(#4644),#4648);
#4644 = LINE('',#4645,#4646);
#4645 = CARTESIAN_POINT('',(0.,0.));
#4646 = VECTOR('',#4647,1.);
#4647 = DIRECTION('',(0.,-1.));
#4648 = ( GEOMETRIC_REPRESENTATION_CONTEXT(2) 
PARAMETRIC_REPRESENTATION_CONTEXT() REPRESENTATION_CONTEXT('2D SPACE',''
  ) );
#4649 = PCURVE('',#4650,#4655);
#4650 = PLANE('',#4651);
#4651 = AXIS2_PLACEMENT_3D('',#4652,#4653,#4654);
#4652 = CARTESIAN_POINT('',(-35.,-35.,12.));
#4653 = DIRECTION('',(0.,0.,1.));
#4654 = DIRECTION('',(1.,0.,-0.));
#4655 = DEFINITIONAL_REPRESENTATION('',(#4656),#4660);
#4656 = LINE('',#4657,#4658);
#4657 = CARTESIAN_POINT('',(0.,0.));
#4658 = VECTOR('',#4659,1.);
#4659 = DIRECTION('',(0.,1.));
#4660 = ( GEOMETRIC_REPRESENTATION_CONTEXT(2) 
PARAMETRIC_REPRESENTATION_CONTEXT() REPRESENTATION_CONTEXT('2D SPACE',''
  ) );
#4661 = ORIENTED_EDGE('',*,*,#4662,.T.);
#4662 = EDGE_CURVE('',#4635,#4492,#4663,.T.);
#4663 = SURFACE_CURVE('',#4664,(#4668,#4675),.PCURVE_S1.);
#4664 = LINE('',#4665,#4666);
#4665 = CARTESIAN_POINT('',(-35.,35.,12.));
#4666 = VECTOR('',#4667,1.);
#4667 = DIRECTION('',(0.,0.,1.));
#4668 = PCURVE('',#4507,#4669);
#4669 = DEFINITIONAL_REPRESENTATION('',(#4670),#4674);
#4670 = LINE('',#4671,#4672);
#4671 = CARTESIAN_POINT('',(0.,-70.));
#4672 = VECTOR('',#4673,1.);
#4673 = DIRECTION('',(1.,0.));
#4674 = ( GEOMETRIC_REPRESENTATION_CONTEXT(2) 
PARAMETRIC_REPRESENTATION_CONTEXT() REPRESENTATION_CONTEXT('2D SPACE',''
  ) );
#4675 = PCURVE('',#4535,#4676);
#4676 = DEFINITIONAL_REPRESENTATION('',(#4677),#4681);
#4677 = LINE('',#4678,#4679);
#4678 = CARTESIAN_POINT('',(0.,0.));
#4679 = VECTOR('',#4680,1.);
#4680 = DIRECTION('',(1.,0.));
#4681 = ( GEOMETRIC_REPRESENTATION_CONTEXT(2) 
PARAMETRIC_REPRESENTATION_CONTEXT() REPRESENTATION_CONTEXT('2D SPACE',''
  ) );
#4682 = ORIENTED_EDGE('',*,*,#4489,.F.);
#4683 = ADVANCED_FACE('',(#4684,#4732),#4589,.F.);
#4684 = FACE_BOUND('',#4685,.F.);
#4685 = EDGE_LOOP('',(#4686,#4709,#4710,#4711));
#4686 = ORIENTED_EDGE('',*,*,#4687,.F.);
#4687 = EDGE_CURVE('',#4612,#4688,#4690,.T.);
#4688 = VERTEX_POINT('',#4689);
#4689 = CARTESIAN_POINT('',(35.,-35.,12.));
#4690 = SURFACE_CURVE('',#4691,(#4695,#4702),.PCURVE_S1.);
#4691 = LINE('',#4692,#4693);
#4692 = CARTESIAN_POINT('',(-35.,-35.,12.));
#4693 = VECTOR('',#4694,1.);
#4694 = DIRECTION('',(1.,0.,-0.));
#4695 = PCURVE('',#4589,#4696);
#4696 = DEFINITIONAL_REPRESENTATION('',(#4697),#4701);
#4697 = LINE('',#4698,#4699);
#4698 = CARTESIAN_POINT('',(0.,0.));
#4699 = VECTOR('',#4700,1.);
#4700 = DIRECTION('',(0.,1.));
#4701 = ( GEOMETRIC_REPRESENTATION_CONTEXT(2) 
PARAMETRIC_REPRESENTATION_CONTEXT() REPRESENTATION_CONTEXT('2D SPACE',''
  ) );
#4702 = PCURVE('',#4650,#4703);
#4703 = DEFINITIONAL_REPRESENTATION('',(#4704),#4708);
#4704 = LINE('',#4705,#4706);
#4705 = CARTESIAN_POINT('',(0.,0.));
#4706 = VECTOR('',#4707,1.);
#4707 = DIRECTION('',(1.,0.));
#4708 = ( GEOMETRIC_REPRESENTATION_CONTEXT(2) 
PARAMETRIC_REPRESENTATION_CONTEXT() REPRESENTATION_CONTEXT('2D SPACE',''
  ) );
#4709 = ORIENTED_EDGE('',*,*,#4611,.T.);
#4710 = ORIENTED_EDGE('',*,*,#4575,.T.);
#4711 = ORIENTED_EDGE('',*,*,#4712,.F.);
#4712 = EDGE_CURVE('',#4688,#4548,#4713,.T.);
#4713 = SURFACE_CURVE('',#4714,(#4718,#4725),.PCURVE_S1.);
#4714 = LINE('',#4715,#4716);
#4715 = CARTESIAN_POINT('',(35.,-35.,12.));
#4716 = VECTOR('',#4717,1.);
#4717 = DIRECTION('',(0.,0.,1.));
#4718 = PCURVE('',#4589,#4719);
#4719 = DEFINITIONAL_REPRESENTATION('',(#4720),#4724);
#4720 = LINE('',#4721,#4722);
#4721 = CARTESIAN_POINT('',(0.,70.));
#4722 = VECTOR('',#4723,1.);
#4723 = DIRECTION('',(1.,0.));
#4724 = ( GEOMETRIC_REPRESENTATION_CONTEXT(2) 
PARAMETRIC_REPRESENTATION_CONTEXT() REPRESENTATION_CONTEXT('2D SPACE',''
  ) );
#4725 = PCURVE('',#4563,#4726);
#4726 = DEFINITIONAL_REPRESENTATION('',(#4727),#4731);
#4727 = LINE('',#4728,#4729);
#4728 = CARTESIAN_POINT('',(0.,0.));
#4729 = VECTOR('',#4730,1.);
#4730 = DIRECTION('',(1.,0.));
#4731 = ( GEOMETRIC_REPRESENTATION_CONTEXT(2) 
PARAMETRIC_REPRESENTATION_CONTEXT() REPRESENTATION_CONTEXT('2D SPACE',''
  ) );
#4732 = FACE_BOUND('',#4733,.F.);
#4733 = EDGE_LOOP('',(#4734));
#4734 = ORIENTED_EDGE('',*,*,#4735,.T.);
#4735 = EDGE_CURVE('',#4736,#4736,#4738,.T.);
#4736 = VERTEX_POINT('',#4737);
#4737 = CARTESIAN_POINT('',(-1.959434878636E-15,-35.,26.));
#4738 = SURFACE_CURVE('',#4739,(#4744,#4755),.PCURVE_S1.);
#4739 = CIRCLE('',#4740,8.);
#4740 = AXIS2_PLACEMENT_3D('',#4741,#4742,#4743);
#4741 = CARTESIAN_POINT('',(0.,-35.,34.));
#4742 = DIRECTION('',(0.,-1.,0.));
#4743 = DIRECTION('',(0.,-0.,-1.));
#4744 = PCURVE('',#4589,#4745);
#4745 = DEFINITIONAL_REPRESENTATION('',(#4746),#4754);
#4746 = ( BOUNDED_CURVE() B_SPLINE_CURVE(2,(#4747,#4748,#4749,#4750,
#4751,#4752,#4753),.UNSPECIFIED.,.T.,.F.) B_SPLINE_CURVE_WITH_KNOTS((1,2
    ,2,2,2,1),(-2.094395102393,0.,2.094395102393,4.188790204786,
6.28318530718,8.377580409573),.UNSPECIFIED.) CURVE() 
GEOMETRIC_REPRESENTATION_ITEM() RATIONAL_B_SPLINE_CURVE((1.,0.5,1.,0.5,
1.,0.5,1.)) REPRESENTATION_ITEM('') );
#4747 = CARTESIAN_POINT('',(14.,35.));
#4748 = CARTESIAN_POINT('',(14.,48.856406460551));
#4749 = CARTESIAN_POINT('',(26.,41.928203230276));
#4750 = CARTESIAN_POINT('',(38.,35.));
#4751 = CARTESIAN_POINT('',(26.,28.071796769724));
#4752 = CARTESIAN_POINT('',(14.,21.143593539449));
#4753 = CARTESIAN_POINT('',(14.,35.));
#4754 = ( GEOMETRIC_REPRESENTATION_CONTEXT(2) 
PARAMETRIC_REPRESENTATION_CONTEXT() REPRESENTATION_CONTEXT('2D SPACE',''
  ) );
#4755 = PCURVE('',#4756,#4761);
#4756 = CYLINDRICAL_SURFACE('',#4757,8.);
#4757 = AXIS2_PLACEMENT_3D('',#4758,#4759,#4760);
#4758 = CARTESIAN_POINT('',(0.,-35.,34.));
#4759 = DIRECTION('',(0.,-1.,0.));
#4760 = DIRECTION('',(0.,-0.,-1.));
#4761 = DEFINITIONAL_REPRESENTATION('',(#4762),#4766);
#4762 = LINE('',#4763,#4764);
#4763 = CARTESIAN_POINT('',(0.,0.));
#4764 = VECTOR('',#4765,1.);
#4765 = DIRECTION('',(1.,0.));
#4766 = ( GEOMETRIC_REPRESENTATION_CONTEXT(2) 
PARAMETRIC_REPRESENTATION_CONTEXT() REPRESENTATION_CONTEXT('2D SPACE',''
  ) );
#4767 = ADVANCED_FACE('',(#4768),#4563,.T.);
#4768 = FACE_BOUND('',#4769,.T.);
#4769 = EDGE_LOOP('',(#4770,#4771,#4794,#4815));
#4770 = ORIENTED_EDGE('',*,*,#4712,.F.);
#4771 = ORIENTED_EDGE('',*,*,#4772,.T.);
#4772 = EDGE_CURVE('',#4688,#4773,#4775,.T.);
#4773 = VERTEX_POINT('',#4774);
#4774 = CARTESIAN_POINT('',(35.,35.,12.));
#4775 = SURFACE_CURVE('',#4776,(#4780,#4787),.PCURVE_S1.);
#4776 = LINE('',#4777,#4778);
#4777 = CARTESIAN_POINT('',(35.,-35.,12.));
#4778 = VECTOR('',#4779,1.);
#4779 = DIRECTION('',(-0.,1.,0.));
#4780 = PCURVE('',#4563,#4781);
#4781 = DEFINITIONAL_REPRESENTATION('',(#4782),#4786);
#4782 = LINE('',#4783,#4784);
#4783 = CARTESIAN_POINT('',(0.,0.));
#4784 = VECTOR('',#4785,1.);
#4785 = DIRECTION('',(0.,-1.));
#4786 = ( GEOMETRIC_REPRESENTATION_CONTEXT(2) 
PARAMETRIC_REPRESENTATION_CONTEXT() REPRESENTATION_CONTEXT('2D SPACE',''
  ) );
#4787 = PCURVE('',#4650,#4788);
#4788 = DEFINITIONAL_REPRESENTATION('',(#4789),#4793);
#4789 = LINE('',#4790,#4791);
#4790 = CARTESIAN_POINT('',(70.,0.));
#4791 = VECTOR('',#4792,1.);
#4792 = DIRECTION('',(0.,1.));
#4793 = ( GEOMETRIC_REPRESENTATION_CONTEXT(2) 
PARAMETRIC_REPRESENTATION_CONTEXT() REPRESENTATION_CONTEXT('2D SPACE',''
  ) );
#4794 = ORIENTED_EDGE('',*,*,#4795,.T.);
#4795 = EDGE_CURVE('',#4773,#4520,#4796,.T.);
#4796 = SURFACE_CURVE('',#4797,(#4801,#4808),.PCURVE_S1.);
#4797 = LINE('',#4798,#4799);
#4798 = CARTESIAN_POINT('',(35.,35.,12.));
#4799 = VECTOR('',#4800,1.);
#4800 = DIRECTION('',(0.,0.,1.));
#4801 = PCURVE('',#4563,#4802);
#4802 = DEFINITIONAL_REPRESENTATION('',(#4803),#4807);
#4803 = LINE('',#4804,#4805);
#4804 = CARTESIAN_POINT('',(0.,-70.));
#4805 = VECTOR('',#4806,1.);
#4806 = DIRECTION('',(1.,0.));
#4807 = ( GEOMETRIC_REPRESENTATION_CONTEXT(2) 
PARAMETRIC_REPRESENTATION_CONTEXT() REPRESENTATION_CONTEXT('2D SPACE',''
  ) );
#4808 = PCURVE('',#4535,#4809);
#4809 = DEFINITIONAL_REPRESENTATION('',(#4810),#4814);
#4810 = LINE('',#4811,#4812);
#4811 = CARTESIAN_POINT('',(0.,70.));
#4812 = VECTOR('',#4813,1.);
#4813 = DIRECTION('',(1.,0.));
#4814 = ( GEOMETRIC_REPRESENTATION_CONTEXT(2) 
PARAMETRIC_REPRESENTATION_CONTEXT() REPRESENTATION_CONTEXT('2D SPACE',''
  ) );
#4815 = ORIENTED_EDGE('',*,*,#4547,.F.);
#4816 = ADVANCED_FACE('',(#4817),#4535,.T.);
#4817 = FACE_BOUND('',#4818,.T.);
#4818 = EDGE_LOOP('',(#4819,#4840,#4841,#4842));
#4819 = ORIENTED_EDGE('',*,*,#4820,.F.);
#4820 = EDGE_CURVE('',#4635,#4773,#4821,.T.);
#4821 = SURFACE_CURVE('',#4822,(#4826,#4833),.PCURVE_S1.);
#4822 = LINE('',#4823,#4824);
#4823 = CARTESIAN_POINT('',(-35.,35.,12.));
#4824 = VECTOR('',#4825,1.);
#4825 = DIRECTION('',(1.,0.,-0.));
#4826 = PCURVE('',#4535,#4827);
#4827 = DEFINITIONAL_REPRESENTATION('',(#4828),#4832);
#4828 = LINE('',#4829,#4830);
#4829 = CARTESIAN_POINT('',(0.,0.));
#4830 = VECTOR('',#4831,1.);
#4831 = DIRECTION('',(0.,1.));
#4832 = ( GEOMETRIC_REPRESENTATION_CONTEXT(2) 
PARAMETRIC_REPRESENTATION_CONTEXT() REPRESENTATION_CONTEXT('2D SPACE',''
  ) );
#4833 = PCURVE('',#4650,#4834);
#4834 = DEFINITIONAL_REPRESENTATION('',(#4835),#4839);
#4835 = LINE('',#4836,#4837);
#4836 = CARTESIAN_POINT('',(0.,70.));
#4837 = VECTOR('',#4838,1.);
#4838 = DIRECTION('',(1.,0.));
#4839 = ( GEOMETRIC_REPRESENTATION_CONTEXT(2) 
PARAMETRIC_REPRESENTATION_CONTEXT() REPRESENTATION_CONTEXT('2D SPACE',''
  ) );
#4840 = ORIENTED_EDGE('',*,*,#4662,.T.);
#4841 = ORIENTED_EDGE('',*,*,#4519,.T.);
#4842 = ORIENTED_EDGE('',*,*,#4795,.F.);
#4843 = ADVANCED_FACE('',(#4844),#4650,.F.);
#4844 = FACE_BOUND('',#4845,.F.);
#4845 = EDGE_LOOP('',(#4846,#4847,#4848,#4849));
#4846 = ORIENTED_EDGE('',*,*,#4634,.F.);
#4847 = ORIENTED_EDGE('',*,*,#4687,.T.);
#4848 = ORIENTED_EDGE('',*,*,#4772,.T.);
#4849 = ORIENTED_EDGE('',*,*,#4820,.F.);
#4850 = ADVANCED_FACE('',(#4851),#4756,.T.);
#4851 = FACE_BOUND('',#4852,.T.);
#4852 = EDGE_LOOP('',(#4853,#4884,#5089,#5118,#5139,#5140,#5141,#5165));
#4853 = ORIENTED_EDGE('',*,*,#4854,.F.);
#4854 = EDGE_CURVE('',#4855,#4857,#4859,.T.);
#4855 = VERTEX_POINT('',#4856);
#4856 = CARTESIAN_POINT('',(3.872983346207,-150.,41.));
#4857 = VERTEX_POINT('',#4858);
#4858 = CARTESIAN_POINT('',(-3.872983346207,-150.,41.));
#4859 = SURFACE_CURVE('',#4860,(#4865,#4872),.PCURVE_S1.);
#4860 = CIRCLE('',#4861,8.);
#4861 = AXIS2_PLACEMENT_3D('',#4862,#4863,#4864);
#4862 = CARTESIAN_POINT('',(0.,-150.,34.));
#4863 = DIRECTION('',(0.,-1.,0.));
#4864 = DIRECTION('',(0.,-0.,-1.));
#4865 = PCURVE('',#4756,#4866);
#4866 = DEFINITIONAL_REPRESENTATION('',(#4867),#4871);
#4867 = LINE('',#4868,#4869);
#4868 = CARTESIAN_POINT('',(0.,115.));
#4869 = VECTOR('',#4870,1.);
#4870 = DIRECTION('',(1.,0.));
#4871 = ( GEOMETRIC_REPRESENTATION_CONTEXT(2) 
PARAMETRIC_REPRESENTATION_CONTEXT() REPRESENTATION_CONTEXT('2D SPACE',''
  ) );
#4872 = PCURVE('',#4873,#4878);
#4873 = PLANE('',#4874);
#4874 = AXIS2_PLACEMENT_3D('',#4875,#4876,#4877);
#4875 = CARTESIAN_POINT('',(0.,-150.,34.));
#4876 = DIRECTION('',(0.,-1.,0.));
#4877 = DIRECTION('',(0.,-0.,-1.));
#4878 = DEFINITIONAL_REPRESENTATION('',(#4879),#4883);
#4879 = CIRCLE('',#4880,8.);
#4880 = AXIS2_PLACEMENT_2D('',#4881,#4882);
#4881 = CARTESIAN_POINT('',(0.,0.));
#4882 = DIRECTION('',(1.,0.));
#4883 = ( GEOMETRIC_REPRESENTATION_CONTEXT(2) 
PARAMETRIC_REPRESENTATION_CONTEXT() REPRESENTATION_CONTEXT('2D SPACE',''
  ) );
#4884 = ORIENTED_EDGE('',*,*,#4885,.F.);
#4885 = EDGE_CURVE('',#4886,#4855,#4888,.T.);
#4886 = VERTEX_POINT('',#4887);
#4887 = CARTESIAN_POINT('',(3.872983346207,-150.,27.));
#4888 = SURFACE_CURVE('',#4889,(#4952,#5018),.PCURVE_S1.);
#4889 = B_SPLINE_CURVE_WITH_KNOTS('',7,(#4890,#4891,#4892,#4893,#4894,
    #4895,#4896,#4897,#4898,#4899,#4900,#4901,#4902,#4903,#4904,#4905,
    #4906,#4907,#4908,#4909,#4910,#4911,#4912,#4913,#4914,#4915,#4916,
    #4917,#4918,#4919,#4920,#4921,#4922,#4923,#4924,#4925,#4926,#4927,
    #4928,#4929,#4930,#4931,#4932,#4933,#4934,#4935,#4936,#4937,#4938,
    #4939,#4940,#4941,#4942,#4943,#4944,#4945,#4946,#4947,#4948,#4949,
    #4950,#4951),.UNSPECIFIED.,.F.,.F.,(8,6,6,6,6,6,6,6,6,6,8),(0.,
    7.177219399477E-02,0.206635759866,0.353764753728,0.442830220057,
    0.53921921213,0.597063080414,0.648936998967,0.793907840885,
    0.924878175334,1.),.UNSPECIFIED.);
#4890 = CARTESIAN_POINT('',(3.872983346208,-150.0000023983,27.));
#4891 = CARTESIAN_POINT('',(3.872983212605,-149.7841112121,
    26.99999992608));
#4892 = CARTESIAN_POINT('',(3.887022789689,-149.5693016238,
    27.007768025771));
#4893 = CARTESIAN_POINT('',(3.914851084552,-149.3559492092,
    27.023164181778));
#4894 = CARTESIAN_POINT('',(3.955744699947,-149.1445265264,
    27.046022520005));
#4895 = CARTESIAN_POINT('',(4.008497002795,-148.935717423,
    27.076113424642));
#4896 = CARTESIAN_POINT('',(4.071430590729,-148.7305274885,27.1130310604
    ));
#4897 = CARTESIAN_POINT('',(4.275850264737,-148.154323467,
    27.236759232102));
#4898 = CARTESIAN_POINT('',(4.439233343996,-147.7919328675,
    27.339794822895));
#4899 = CARTESIAN_POINT('',(4.623743450126,-147.4420099354,
    27.463324264433));
#4900 = CARTESIAN_POINT('',(4.821905298885,-147.1042144668,
    27.606300721982));
#4901 = CARTESIAN_POINT('',(5.02878196936,-146.7778259005,27.76802034748
    ));
#4902 = CARTESIAN_POINT('',(5.241594519695,-146.4613378409,
    27.94905282271));
#4903 = CARTESIAN_POINT('',(5.695739767225,-145.8168957281,
    28.372957245461));
#4904 = CARTESIAN_POINT('',(5.936206074733,-145.4929271689,
    28.618370044326));
#4905 = CARTESIAN_POINT('',(6.177357879824,-145.1798386429,
    28.889831123507));
#4906 = CARTESIAN_POINT('',(6.416935090448,-144.8776914692,
    29.189999070541));
#4907 = CARTESIAN_POINT('',(6.651972709374,-144.58799389,29.522053735154
    ));
#4908 = CARTESIAN_POINT('',(6.878315865697,-144.3140241905,
    29.889277349788));
#4909 = CARTESIAN_POINT('',(7.218455075704,-143.9079486234,
    30.540145296176));
#4910 = CARTESIAN_POINT('',(7.341925524742,-143.7619177543,
    30.800556837641));
#4911 = CARTESIAN_POINT('',(7.459035518071,-143.6245206982,
    31.076413770169));
#4912 = CARTESIAN_POINT('',(7.568031074828,-143.4975071259,
    31.368088825465));
#4913 = CARTESIAN_POINT('',(7.666959040422,-143.3828545988,
    31.675816361185));
#4914 = CARTESIAN_POINT('',(7.753657363452,-143.2827916195,
    31.999645043178));
#4915 = CARTESIAN_POINT('',(7.903771049455,-143.1100383622,
    32.707066168474));
#4916 = CARTESIAN_POINT('',(7.965027100136,-143.0398827884,
    33.094990091782));
#4917 = CARTESIAN_POINT('',(8.004839861522,-142.9944618648,
    33.496647034132));
#4918 = CARTESIAN_POINT('',(8.020412482997,-142.9767158703,
    33.905303035708));
#4919 = CARTESIAN_POINT('',(8.010922588541,-142.9875035012,
    34.314073795997));
#4920 = CARTESIAN_POINT('',(7.977540265778,-143.0256132971,
    34.716070631616));
#4921 = CARTESIAN_POINT('',(7.890863954483,-143.1249679494,
    35.33779378964));
#4922 = CARTESIAN_POINT('',(7.850932878095,-143.1707959024,
    35.56567771675));
#4923 = CARTESIAN_POINT('',(7.804169983435,-143.2245580839,
    35.78779634709));
#4924 = CARTESIAN_POINT('',(7.751211619443,-143.285584925,
    36.003710302048));
#4925 = CARTESIAN_POINT('',(7.692735650101,-143.3531663979,
    36.213017623295));
#4926 = CARTESIAN_POINT('',(7.62945858337,-143.4265496129,
    36.415353918014));
#4927 = CARTESIAN_POINT('',(7.501755386383,-143.5752330721,
    36.785301548619));
#4928 = CARTESIAN_POINT('',(7.438026959661,-143.6496641565,
    36.954616579263));
#4929 = CARTESIAN_POINT('',(7.3713410056,-143.727828775,37.118444787368)
  );
#4930 = CARTESIAN_POINT('',(7.302056710282,-143.8093664465,
    37.276906956079));
#4931 = CARTESIAN_POINT('',(7.230499141897,-143.893957224,
    37.430137199695));
#4932 = CARTESIAN_POINT('',(7.156959532414,-143.9813218167,
    37.578282702976));
#4933 = CARTESIAN_POINT('',(6.871357071986,-144.3224628709,
    38.121759203056));
#4934 = CARTESIAN_POINT('',(6.646988287939,-144.594177127,
    38.484620720921));
#4935 = CARTESIAN_POINT('',(6.414158586993,-144.8812706376,
    38.813050127816));
#4936 = CARTESIAN_POINT('',(6.176890005145,-145.1805814726,
    39.110232509367));
#4937 = CARTESIAN_POINT('',(5.938064738386,-145.4906473349,
    39.379250179857));
#4938 = CARTESIAN_POINT('',(5.69989190466,-145.8113990529,
    39.622684672207));
#4939 = CARTESIAN_POINT('',(5.253016502657,-146.4447826875,
    40.04070940231));
#4940 = CARTESIAN_POINT('',(5.045029761222,-146.7533085829,
    40.218424445492));
#4941 = CARTESIAN_POINT('',(4.84261114577,-147.0712093031,
    40.377660444132));
#4942 = CARTESIAN_POINT('',(4.648296439809,-147.3998868243,
    40.519007654589));
#4943 = CARTESIAN_POINT('',(4.466545935397,-147.7400533484,
    40.64188320539));
#4944 = CARTESIAN_POINT('',(4.304113905132,-148.0920498363,
    40.745342001184));
#4945 = CARTESIAN_POINT('',(4.091615848583,-148.6661656541,
    40.875093901539));
#4946 = CARTESIAN_POINT('',(4.022601253351,-148.8812014055,
    40.915827484107));
#4947 = CARTESIAN_POINT('',(3.964517328754,-149.1003361721,
    40.949070501108));
#4948 = CARTESIAN_POINT('',(3.919352537269,-149.3224206882,
    40.974345443031));
#4949 = CARTESIAN_POINT('',(3.888548591273,-149.5466996421,
    40.99138768479));
#4950 = CARTESIAN_POINT('',(3.872983346207,-149.7726810684,41.));
#4951 = CARTESIAN_POINT('',(3.872983346207,-150.,41.));
#4952 = PCURVE('',#4756,#4953);
#4953 = DEFINITIONAL_REPRESENTATION('',(#4954),#5017);
#4954 = B_SPLINE_CURVE_WITH_KNOTS('',7,(#4955,#4956,#4957,#4958,#4959,
    #4960,#4961,#4962,#4963,#4964,#4965,#4966,#4967,#4968,#4969,#4970,
    #4971,#4972,#4973,#4974,#4975,#4976,#4977,#4978,#4979,#4980,#4981,
    #4982,#4983,#4984,#4985,#4986,#4987,#4988,#4989,#4990,#4991,#4992,
    #4993,#4994,#4995,#4996,#4997,#4998,#4999,#5000,#5001,#5002,#5003,
    #5004,#5005,#5006,#5007,#5008,#5009,#5010,#5011,#5012,#5013,#5014,
    #5015,#5016),.UNSPECIFIED.,.F.,.F.,(8,6,6,6,6,6,6,6,6,6,8),(0.,
    7.177219399477E-02,0.206635759866,0.353764753728,0.442830220057,
    0.53921921213,0.597063080414,0.648936998967,0.793907840885,
    0.924878175334,1.),.UNSPECIFIED.);
#4955 = CARTESIAN_POINT('',(0.505360510284,115.0000024));
#4956 = CARTESIAN_POINT('',(0.505360491198,114.78411121376));
#4957 = CARTESIAN_POINT('',(0.507366133698,114.56930161969));
#4958 = CARTESIAN_POINT('',(0.511341644838,114.3559492103));
#4959 = CARTESIAN_POINT('',(0.517197553055,114.14452652918));
#4960 = CARTESIAN_POINT('',(0.524788324912,113.93571742112));
#4961 = CARTESIAN_POINT('',(0.533907762718,113.73052748853));
#4962 = CARTESIAN_POINT('',(0.56377624098,113.15432346701));
#4963 = CARTESIAN_POINT('',(0.587917048896,112.79193286756));
#4964 = CARTESIAN_POINT('',(0.615655620374,112.44200993546));
#4965 = CARTESIAN_POINT('',(0.646163122612,112.10421446682));
#4966 = CARTESIAN_POINT('',(0.678944676955,111.77782590057));
#4967 = CARTESIAN_POINT('',(0.713832011939,111.46133784094));
#4968 = CARTESIAN_POINT('',(0.791487386982,110.81689572819));
#4969 = CARTESIAN_POINT('',(0.834392914275,110.49292716891));
#4970 = CARTESIAN_POINT('',(0.87969163652,110.17983864291));
#4971 = CARTESIAN_POINT('',(0.927569389308,109.87769146922));
#4972 = CARTESIAN_POINT('',(0.97826857325,109.58799389007));
#4973 = CARTESIAN_POINT('',(1.03205537046,109.31402419053));
#4974 = CARTESIAN_POINT('',(1.123853702912,108.90794862347));
#4975 = CARTESIAN_POINT('',(1.159851551022,108.76191775437));
#4976 = CARTESIAN_POINT('',(1.197259978688,108.62452069826));
#4977 = CARTESIAN_POINT('',(1.236110918054,108.49750712595));
#4978 = CARTESIAN_POINT('',(1.276439528022,108.38285459887));
#4979 = CARTESIAN_POINT('',(1.318286015367,108.28279161959));
#4980 = CARTESIAN_POINT('',(1.408682604009,108.1100383622));
#4981 = CARTESIAN_POINT('',(1.457706521232,108.03988278848));
#4982 = CARTESIAN_POINT('',(1.508021781384,107.99446186486));
#4983 = CARTESIAN_POINT('',(1.558970713384,107.97671587033));
#4984 = CARTESIAN_POINT('',(1.609933343297,107.98750350128));
#4985 = CARTESIAN_POINT('',(1.660277994808,108.02561329713));
#4986 = CARTESIAN_POINT('',(1.738744993062,108.12496794943));
#4987 = CARTESIAN_POINT('',(1.767646819568,108.1707959024));
#4988 = CARTESIAN_POINT('',(1.795994461658,108.22455808393));
#4989 = CARTESIAN_POINT('',(1.823757414344,108.28558492507));
#4990 = CARTESIAN_POINT('',(1.850901898079,108.35316639799));
#4991 = CARTESIAN_POINT('',(1.877390532747,108.42654961291));
#4992 = CARTESIAN_POINT('',(1.92631160373,108.57523307215));
#4993 = CARTESIAN_POINT('',(1.948916908781,108.64966415657));
#4994 = CARTESIAN_POINT('',(1.971014713397,108.72782877504));
#4995 = CARTESIAN_POINT('',(1.992620775229,108.80936644653));
#4996 = CARTESIAN_POINT('',(2.013750422138,108.89395722407));
#4997 = CARTESIAN_POINT('',(2.034419151332,108.9813218167));
#4998 = CARTESIAN_POINT('',(2.1111629898,109.32246287095));
#4999 = CARTESIAN_POINT('',(2.164360894542,109.59417712702));
#5000 = CARTESIAN_POINT('',(2.214535530327,109.88127063762));
#5001 = CARTESIAN_POINT('',(2.26194522862,110.18058147264));
#5002 = CARTESIAN_POINT('',(2.306824828084,110.49064733492));
#5003 = CARTESIAN_POINT('',(2.349354110879,110.81139905294));
#5004 = CARTESIAN_POINT('',(2.425843724133,111.44478268754));
#5005 = CARTESIAN_POINT('',(2.46000548839,111.7533085829));
#5006 = CARTESIAN_POINT('',(2.492159343261,112.07120930316));
#5007 = CARTESIAN_POINT('',(2.522160018205,112.39988682437));
#5008 = CARTESIAN_POINT('',(2.549566846463,112.74005334847));
#5009 = CARTESIAN_POINT('',(2.573635305426,113.09204983633));
#5010 = CARTESIAN_POINT('',(2.604757790185,113.66616565413));
#5011 = CARTESIAN_POINT('',(2.61477398356,113.88120140556));
#5012 = CARTESIAN_POINT('',(2.623138668567,114.10033617211));
#5013 = CARTESIAN_POINT('',(2.629607930789,114.32242068822));
#5014 = CARTESIAN_POINT('',(2.634008553304,114.54669964218));
#5015 = CARTESIAN_POINT('',(2.636232143306,114.77268106848));
#5016 = CARTESIAN_POINT('',(2.636232143306,115.));
#5017 = ( GEOMETRIC_REPRESENTATION_CONTEXT(2) 
PARAMETRIC_REPRESENTATION_CONTEXT() REPRESENTATION_CONTEXT('2D SPACE',''
  ) );
#5018 = PCURVE('',#5019,#5024);
#5019 = CYLINDRICAL_SURFACE('',#5020,7.);
#5020 = AXIS2_PLACEMENT_3D('',#5021,#5022,#5023);
#5021 = CARTESIAN_POINT('',(-45.,-150.,34.));
#5022 = DIRECTION('',(1.,0.,0.));
#5023 = DIRECTION('',(-0.,0.,1.));
#5024 = DEFINITIONAL_REPRESENTATION('',(#5025),#5088);
#5025 = B_SPLINE_CURVE_WITH_KNOTS('',7,(#5026,#5027,#5028,#5029,#5030,
    #5031,#5032,#5033,#5034,#5035,#5036,#5037,#5038,#5039,#5040,#5041,
    #5042,#5043,#5044,#5045,#5046,#5047,#5048,#5049,#5050,#5051,#5052,
    #5053,#5054,#5055,#5056,#5057,#5058,#5059,#5060,#5061,#5062,#5063,
    #5064,#5065,#5066,#5067,#5068,#5069,#5070,#5071,#5072,#5073,#5074,
    #5075,#5076,#5077,#5078,#5079,#5080,#5081,#5082,#5083,#5084,#5085,
    #5086,#5087),.UNSPECIFIED.,.F.,.F.,(8,6,6,6,6,6,6,6,6,6,8),(0.,
    7.177219399477E-02,0.206635759866,0.353764753728,0.442830220057,
    0.53921921213,0.597063080414,0.648936998967,0.793907840885,
    0.924878175334,1.),.UNSPECIFIED.);
#5026 = CARTESIAN_POINT('',(3.141592311193,48.872983346208));
#5027 = CARTESIAN_POINT('',(3.172433909227,48.872983212605));
#5028 = CARTESIAN_POINT('',(3.203120959788,48.887022789689));
#5029 = CARTESIAN_POINT('',(3.23364790814,48.914851084552));
#5030 = CARTESIAN_POINT('',(3.263992566019,48.955744699947));
#5031 = CARTESIAN_POINT('',(3.294101068779,49.008497002795));
#5032 = CARTESIAN_POINT('',(3.323867835659,49.071430590729));
#5033 = CARTESIAN_POINT('',(3.408059033862,49.275850264737));
#5034 = CARTESIAN_POINT('',(3.46176564918,49.439233343996));
#5035 = CARTESIAN_POINT('',(3.514616060682,49.623743450126));
#5036 = CARTESIAN_POINT('',(3.566844275075,49.821905298885));
#5037 = CARTESIAN_POINT('',(3.618734795428,50.02878196936));
#5038 = CARTESIAN_POINT('',(3.670720399828,50.241594519695));
#5039 = CARTESIAN_POINT('',(3.78091508805,50.695739767225));
#5040 = CARTESIAN_POINT('',(3.838847892815,50.936206074733));
#5041 = CARTESIAN_POINT('',(3.897837614477,51.177357879824));
#5042 = CARTESIAN_POINT('',(3.958417251393,51.416935090448));
#5043 = CARTESIAN_POINT('',(4.021089175119,51.651972709374));
#5044 = CARTESIAN_POINT('',(4.086314688873,51.878315865697));
#5045 = CARTESIAN_POINT('',(4.195908228251,52.218455075704));
#5046 = CARTESIAN_POINT('',(4.238513383158,52.341925524742));
#5047 = CARTESIAN_POINT('',(4.28245285019,52.459035518071));
#5048 = CARTESIAN_POINT('',(4.327787194644,52.568031074828));
#5049 = CARTESIAN_POINT('',(4.374582504391,52.666959040422));
#5050 = CARTESIAN_POINT('',(4.422914309004,52.753657363452));
#5051 = CARTESIAN_POINT('',(4.526944165045,52.903771049455));
#5052 = CARTESIAN_POINT('',(4.583157545633,52.965027100136));
#5053 = CARTESIAN_POINT('',(4.640696281237,53.004839861522));
#5054 = CARTESIAN_POINT('',(4.69887790325,53.020412482997));
#5055 = CARTESIAN_POINT('',(4.757075092731,53.010922588541));
#5056 = CARTESIAN_POINT('',(4.814642868255,52.977540265778));
#5057 = CARTESIAN_POINT('',(4.904587412638,52.890863954483));
#5058 = CARTESIAN_POINT('',(4.937767491993,52.850932878095));
#5059 = CARTESIAN_POINT('',(4.970375800861,52.804169983435));
#5060 = CARTESIAN_POINT('',(5.00238877354,52.751211619443));
#5061 = CARTESIAN_POINT('',(5.033777476693,52.692735650101));
#5062 = CARTESIAN_POINT('',(5.064506978957,52.62945858337));
#5063 = CARTESIAN_POINT('',(5.121465255925,52.501755386383));
#5064 = CARTESIAN_POINT('',(5.14787355899,52.438026959661));
#5065 = CARTESIAN_POINT('',(5.17378532856,52.3713410056));
#5066 = CARTESIAN_POINT('',(5.199223783672,52.302056710282));
#5067 = CARTESIAN_POINT('',(5.224211586725,52.230499141897));
#5068 = CARTESIAN_POINT('',(5.248771766615,52.156959532414));
#5069 = CARTESIAN_POINT('',(5.340439303102,51.871357071986));
#5070 = CARTESIAN_POINT('',(5.404980339448,51.646988287939));
#5071 = CARTESIAN_POINT('',(5.467025858938,51.414158586993));
#5072 = CARTESIAN_POINT('',(5.527024820184,51.176890005145));
#5073 = CARTESIAN_POINT('',(5.58546519023,50.938064738386));
#5074 = CARTESIAN_POINT('',(5.642864627446,50.69989190466));
#5075 = CARTESIAN_POINT('',(5.751277999575,50.253016502657));
#5076 = CARTESIAN_POINT('',(5.802048198102,50.045029761222));
#5077 = CARTESIAN_POINT('',(5.852704891711,49.84261114577));
#5078 = CARTESIAN_POINT('',(5.903656233967,49.648296439809));
#5079 = CARTESIAN_POINT('',(5.955174494132,49.466545935398));
#5080 = CARTESIAN_POINT('',(6.007480845448,49.304113905132));
#5081 = CARTESIAN_POINT('',(6.091565900527,49.091615848583));
#5082 = CARTESIAN_POINT('',(6.122812327459,49.022601253351));
#5083 = CARTESIAN_POINT('',(6.154441236861,48.964517328754));
#5084 = CARTESIAN_POINT('',(6.186332219082,48.919352537269));
#5085 = CARTESIAN_POINT('',(6.218428155108,48.888548591273));
#5086 = CARTESIAN_POINT('',(6.250711174106,48.872983346207));
#5087 = CARTESIAN_POINT('',(6.28318530718,48.872983346207));
#5088 = ( GEOMETRIC_REPRESENTATION_CONTEXT(2) 
PARAMETRIC_REPRESENTATION_CONTEXT() REPRESENTATION_CONTEXT('2D SPACE',''
  ) );
#5089 = ORIENTED_EDGE('',*,*,#5090,.F.);
#5090 = EDGE_CURVE('',#5091,#4886,#5093,.T.);
#5091 = VERTEX_POINT('',#5092);
#5092 = CARTESIAN_POINT('',(-1.959434878636E-15,-150.,26.));
#5093 = SURFACE_CURVE('',#5094,(#5099,#5106),.PCURVE_S1.);
#5094 = CIRCLE('',#5095,8.);
#5095 = AXIS2_PLACEMENT_3D('',#5096,#5097,#5098);
#5096 = CARTESIAN_POINT('',(0.,-150.,34.));
#5097 = DIRECTION('',(0.,-1.,0.));
#5098 = DIRECTION('',(0.,-0.,-1.));
#5099 = PCURVE('',#4756,#5100);
#5100 = DEFINITIONAL_REPRESENTATION('',(#5101),#5105);
#5101 = LINE('',#5102,#5103);
#5102 = CARTESIAN_POINT('',(0.,115.));
#5103 = VECTOR('',#5104,1.);
#5104 = DIRECTION('',(1.,0.));
#5105 = ( GEOMETRIC_REPRESENTATION_CONTEXT(2) 
PARAMETRIC_REPRESENTATION_CONTEXT() REPRESENTATION_CONTEXT('2D SPACE',''
  ) );
#5106 = PCURVE('',#5107,#5112);
#5107 = PLANE('',#5108);
#5108 = AXIS2_PLACEMENT_3D('',#5109,#5110,#5111);
#5109 = CARTESIAN_POINT('',(0.,-150.,34.));
#5110 = DIRECTION('',(0.,-1.,0.));
#5111 = DIRECTION('',(0.,-0.,-1.));
#5112 = DEFINITIONAL_REPRESENTATION('',(#5113),#5117);
#5113 = CIRCLE('',#5114,8.);
#5114 = AXIS2_PLACEMENT_2D('',#5115,#5116);
#5115 = CARTESIAN_POINT('',(0.,0.));
#5116 = DIRECTION('',(1.,0.));
#5117 = ( GEOMETRIC_REPRESENTATION_CONTEXT(2) 
PARAMETRIC_REPRESENTATION_CONTEXT() REPRESENTATION_CONTEXT('2D SPACE',''
  ) );
#5118 = ORIENTED_EDGE('',*,*,#5119,.F.);
#5119 = EDGE_CURVE('',#4736,#5091,#5120,.T.);
#5120 = SEAM_CURVE('',#5121,(#5125,#5132),.PCURVE_S1.);
#5121 = LINE('',#5122,#5123);
#5122 = CARTESIAN_POINT('',(-1.959434878636E-15,-35.,26.));
#5123 = VECTOR('',#5124,1.);
#5124 = DIRECTION('',(0.,-1.,0.));
#5125 = PCURVE('',#4756,#5126);
#5126 = DEFINITIONAL_REPRESENTATION('',(#5127),#5131);
#5127 = LINE('',#5128,#5129);
#5128 = CARTESIAN_POINT('',(6.28318530718,-0.));
#5129 = VECTOR('',#5130,1.);
#5130 = DIRECTION('',(0.,1.));
#5131 = ( GEOMETRIC_REPRESENTATION_CONTEXT(2) 
PARAMETRIC_REPRESENTATION_CONTEXT() REPRESENTATION_CONTEXT('2D SPACE',''
  ) );
#5132 = PCURVE('',#4756,#5133);
#5133 = DEFINITIONAL_REPRESENTATION('',(#5134),#5138);
#5134 = LINE('',#5135,#5136);
#5135 = CARTESIAN_POINT('',(0.,-0.));
#5136 = VECTOR('',#5137,1.);
#5137 = DIRECTION('',(0.,1.));
#5138 = ( GEOMETRIC_REPRESENTATION_CONTEXT(2) 
PARAMETRIC_REPRESENTATION_CONTEXT() REPRESENTATION_CONTEXT('2D SPACE',''
  ) );
#5139 = ORIENTED_EDGE('',*,*,#4735,.T.);
#5140 = ORIENTED_EDGE('',*,*,#5119,.T.);
#5141 = ORIENTED_EDGE('',*,*,#5142,.F.);
#5142 = EDGE_CURVE('',#5143,#5091,#5145,.T.);
#5143 = VERTEX_POINT('',#5144);
#5144 = CARTESIAN_POINT('',(-3.872983346207,-150.,27.));
#5145 = SURFACE_CURVE('',#5146,(#5151,#5158),.PCURVE_S1.);
#5146 = CIRCLE('',#5147,8.);
#5147 = AXIS2_PLACEMENT_3D('',#5148,#5149,#5150);
#5148 = CARTESIAN_POINT('',(0.,-150.,34.));
#5149 = DIRECTION('',(0.,-1.,0.));
#5150 = DIRECTION('',(0.,-0.,-1.));
#5151 = PCURVE('',#4756,#5152);
#5152 = DEFINITIONAL_REPRESENTATION('',(#5153),#5157);
#5153 = LINE('',#5154,#5155);
#5154 = CARTESIAN_POINT('',(0.,115.));
#5155 = VECTOR('',#5156,1.);
#5156 = DIRECTION('',(1.,0.));
#5157 = ( GEOMETRIC_REPRESENTATION_CONTEXT(2) 
PARAMETRIC_REPRESENTATION_CONTEXT() REPRESENTATION_CONTEXT('2D SPACE',''
  ) );
#5158 = PCURVE('',#5107,#5159);
#5159 = DEFINITIONAL_REPRESENTATION('',(#5160),#5164);
#5160 = CIRCLE('',#5161,8.);
#5161 = AXIS2_PLACEMENT_2D('',#5162,#5163);
#5162 = CARTESIAN_POINT('',(0.,0.));
#5163 = DIRECTION('',(1.,0.));
#5164 = ( GEOMETRIC_REPRESENTATION_CONTEXT(2) 
PARAMETRIC_REPRESENTATION_CONTEXT() REPRESENTATION_CONTEXT('2D SPACE',''
  ) );
#5165 = ORIENTED_EDGE('',*,*,#5166,.T.);
#5166 = EDGE_CURVE('',#5143,#4857,#5167,.T.);
#5167 = SURFACE_CURVE('',#5168,(#5231,#5297),.PCURVE_S1.);
#5168 = B_SPLINE_CURVE_WITH_KNOTS('',7,(#5169,#5170,#5171,#5172,#5173,
    #5174,#5175,#5176,#5177,#5178,#5179,#5180,#5181,#5182,#5183,#5184,
    #5185,#5186,#5187,#5188,#5189,#5190,#5191,#5192,#5193,#5194,#5195,
    #5196,#5197,#5198,#5199,#5200,#5201,#5202,#5203,#5204,#5205,#5206,
    #5207,#5208,#5209,#5210,#5211,#5212,#5213,#5214,#5215,#5216,#5217,
    #5218,#5219,#5220,#5221,#5222,#5223,#5224,#5225,#5226,#5227,#5228,
    #5229,#5230),.UNSPECIFIED.,.F.,.F.,(8,6,6,6,6,6,6,6,6,6,8),(0.,
    7.177219398946E-02,0.206635759851,0.353764753702,0.442830220018,
    0.539219212084,0.597063080364,0.648936998919,0.793907840857,
    0.924878175324,1.),.UNSPECIFIED.);
#5169 = CARTESIAN_POINT('',(-3.872983346208,-150.0000023983,27.));
#5170 = CARTESIAN_POINT('',(-3.872983212605,-149.7841112121,
    26.99999992608));
#5171 = CARTESIAN_POINT('',(-3.887022789689,-149.5693016238,
    27.007768025771));
#5172 = CARTESIAN_POINT('',(-3.914851084552,-149.3559492092,
    27.023164181778));
#5173 = CARTESIAN_POINT('',(-3.955744699947,-149.1445265264,
    27.046022520005));
#5174 = CARTESIAN_POINT('',(-4.008497002795,-148.935717423,
    27.076113424642));
#5175 = CARTESIAN_POINT('',(-4.071430590729,-148.7305274885,
    27.1130310604));
#5176 = CARTESIAN_POINT('',(-4.275850264736,-148.154323467,
    27.236759232102));
#5177 = CARTESIAN_POINT('',(-4.439233343996,-147.7919328675,
    27.339794822895));
#5178 = CARTESIAN_POINT('',(-4.623743450126,-147.4420099354,
    27.463324264433));
#5179 = CARTESIAN_POINT('',(-4.821905298885,-147.1042144668,
    27.606300721983));
#5180 = CARTESIAN_POINT('',(-5.028781969359,-146.7778259005,
    27.76802034748));
#5181 = CARTESIAN_POINT('',(-5.241594519695,-146.4613378409,
    27.94905282271));
#5182 = CARTESIAN_POINT('',(-5.695739767225,-145.8168957281,
    28.372957245461));
#5183 = CARTESIAN_POINT('',(-5.936206074733,-145.4929271689,
    28.618370044326));
#5184 = CARTESIAN_POINT('',(-6.177357879823,-145.1798386429,
    28.889831123505));
#5185 = CARTESIAN_POINT('',(-6.416935090449,-144.8776914692,
    29.189999070543));
#5186 = CARTESIAN_POINT('',(-6.651972709374,-144.58799389,
    29.522053735153));
#5187 = CARTESIAN_POINT('',(-6.878315865696,-144.3140241905,
    29.889277349788));
#5188 = CARTESIAN_POINT('',(-7.218455075694,-143.9079486234,
    30.540145296159));
#5189 = CARTESIAN_POINT('',(-7.341925524753,-143.7619177543,
    30.800556837657));
#5190 = CARTESIAN_POINT('',(-7.459035518075,-143.6245206982,
    31.076413770188));
#5191 = CARTESIAN_POINT('',(-7.56803107482,-143.4975071259,
    31.36808882545));
#5192 = CARTESIAN_POINT('',(-7.666959040418,-143.3828545988,
    31.675816361158));
#5193 = CARTESIAN_POINT('',(-7.753657363457,-143.2827916195,
    31.999645043201));
#5194 = CARTESIAN_POINT('',(-7.903771049455,-143.1100383622,
    32.707066168474));
#5195 = CARTESIAN_POINT('',(-7.965027100136,-143.0398827884,
    33.094990091781));
#5196 = CARTESIAN_POINT('',(-8.004839861522,-142.9944618648,
    33.496647034132));
#5197 = CARTESIAN_POINT('',(-8.020412482997,-142.9767158703,
    33.905303035709));
#5198 = CARTESIAN_POINT('',(-8.010922588541,-142.9875035012,
    34.314073795997));
#5199 = CARTESIAN_POINT('',(-7.977540265778,-143.0256132971,
    34.716070631616));
#5200 = CARTESIAN_POINT('',(-7.890863954483,-143.1249679494,
    35.33779378964));
#5201 = CARTESIAN_POINT('',(-7.850932878095,-143.1707959024,
    35.56567771675));
#5202 = CARTESIAN_POINT('',(-7.804169983435,-143.2245580839,
    35.78779634709));
#5203 = CARTESIAN_POINT('',(-7.751211619443,-143.285584925,
    36.003710302048));
#5204 = CARTESIAN_POINT('',(-7.692735650101,-143.3531663979,
    36.213017623295));
#5205 = CARTESIAN_POINT('',(-7.62945858337,-143.4265496129,
    36.415353918014));
#5206 = CARTESIAN_POINT('',(-7.501755386376,-143.5752330721,
    36.785301548638));
#5207 = CARTESIAN_POINT('',(-7.438026959659,-143.6496641565,
    36.954616579264));
#5208 = CARTESIAN_POINT('',(-7.371341005605,-143.727828775,
    37.118444787354));
#5209 = CARTESIAN_POINT('',(-7.302056710288,-143.8093664465,
    37.276906956066));
#5210 = CARTESIAN_POINT('',(-7.230499141897,-143.893957224,
    37.430137199697));
#5211 = CARTESIAN_POINT('',(-7.156959532406,-143.9813218167,
    37.578282702991));
#5212 = CARTESIAN_POINT('',(-6.871357071986,-144.3224628709,
    38.121759203056));
#5213 = CARTESIAN_POINT('',(-6.646988287937,-144.594177127,
    38.484620720924));
#5214 = CARTESIAN_POINT('',(-6.414158586996,-144.8812706376,
    38.813050127812));
#5215 = CARTESIAN_POINT('',(-6.176890005142,-145.1805814726,
    39.11023250937));
#5216 = CARTESIAN_POINT('',(-5.938064738387,-145.4906473349,
    39.379250179855));
#5217 = CARTESIAN_POINT('',(-5.69989190466,-145.8113990529,
    39.622684672207));
#5218 = CARTESIAN_POINT('',(-5.253016502656,-146.4447826875,
    40.040709402311));
#5219 = CARTESIAN_POINT('',(-5.045029761223,-146.7533085828,
    40.21842444549));
#5220 = CARTESIAN_POINT('',(-4.842611145769,-147.0712093031,
    40.377660444136));
#5221 = CARTESIAN_POINT('',(-4.64829643981,-147.3998868243,
    40.519007654586));
#5222 = CARTESIAN_POINT('',(-4.466545935397,-147.7400533484,
    40.641883205392));
#5223 = CARTESIAN_POINT('',(-4.304113905133,-148.0920498363,
    40.745342001184));
#5224 = CARTESIAN_POINT('',(-4.091615848583,-148.6661656541,
    40.875093901539));
#5225 = CARTESIAN_POINT('',(-4.022601253351,-148.8812014055,
    40.915827484107));
#5226 = CARTESIAN_POINT('',(-3.964517328754,-149.1003361721,
    40.949070501108));
#5227 = CARTESIAN_POINT('',(-3.91935253727,-149.3224206882,
    40.974345443031));
#5228 = CARTESIAN_POINT('',(-3.888548591273,-149.5466996421,
    40.99138768479));
#5229 = CARTESIAN_POINT('',(-3.872983346207,-149.7726810684,41.));
#5230 = CARTESIAN_POINT('',(-3.872983346207,-150.,41.));
#5231 = PCURVE('',#4756,#5232);
#5232 = DEFINITIONAL_REPRESENTATION('',(#5233),#5296);
#5233 = B_SPLINE_CURVE_WITH_KNOTS('',7,(#5234,#5235,#5236,#5237,#5238,
    #5239,#5240,#5241,#5242,#5243,#5244,#5245,#5246,#5247,#5248,#5249,
    #5250,#5251,#5252,#5253,#5254,#5255,#5256,#5257,#5258,#5259,#5260,
    #5261,#5262,#5263,#5264,#5265,#5266,#5267,#5268,#5269,#5270,#5271,
    #5272,#5273,#5274,#5275,#5276,#5277,#5278,#5279,#5280,#5281,#5282,
    #5283,#5284,#5285,#5286,#5287,#5288,#5289,#5290,#5291,#5292,#5293,
    #5294,#5295),.UNSPECIFIED.,.F.,.F.,(8,6,6,6,6,6,6,6,6,6,8),(0.,
    7.177219398946E-02,0.206635759851,0.353764753702,0.442830220018,
    0.539219212084,0.597063080364,0.648936998919,0.793907840857,
    0.924878175324,1.),.UNSPECIFIED.);
#5234 = CARTESIAN_POINT('',(5.777824796895,115.0000024));
#5235 = CARTESIAN_POINT('',(5.777824815982,114.78411121376));
#5236 = CARTESIAN_POINT('',(5.775819173482,114.56930161969));
#5237 = CARTESIAN_POINT('',(5.771843662341,114.3559492103));
#5238 = CARTESIAN_POINT('',(5.765987754125,114.14452652918));
#5239 = CARTESIAN_POINT('',(5.758396982268,113.93571742112));
#5240 = CARTESIAN_POINT('',(5.749277544462,113.73052748853));
#5241 = CARTESIAN_POINT('',(5.7194090662,113.15432346701));
#5242 = CARTESIAN_POINT('',(5.695268258284,112.79193286756));
#5243 = CARTESIAN_POINT('',(5.667529686806,112.44200993546));
#5244 = CARTESIAN_POINT('',(5.637022184567,112.10421446682));
#5245 = CARTESIAN_POINT('',(5.604240630225,111.77782590057));
#5246 = CARTESIAN_POINT('',(5.569353295241,111.46133784094));
#5247 = CARTESIAN_POINT('',(5.491697920197,110.81689572819));
#5248 = CARTESIAN_POINT('',(5.448792392905,110.49292716891));
#5249 = CARTESIAN_POINT('',(5.403493670659,110.17983864291));
#5250 = CARTESIAN_POINT('',(5.355615917871,109.87769146922));
#5251 = CARTESIAN_POINT('',(5.30491673393,109.58799389007));
#5252 = CARTESIAN_POINT('',(5.25112993672,109.31402419053));
#5253 = CARTESIAN_POINT('',(5.15933160427,108.90794862348));
#5254 = CARTESIAN_POINT('',(5.123333756155,108.76191775436));
#5255 = CARTESIAN_POINT('',(5.08592532849,108.62452069825));
#5256 = CARTESIAN_POINT('',(5.047074389128,108.49750712596));
#5257 = CARTESIAN_POINT('',(5.006745779161,108.38285459887));
#5258 = CARTESIAN_POINT('',(4.964899291809,108.28279161959));
#5259 = CARTESIAN_POINT('',(4.87450270317,108.1100383622));
#5260 = CARTESIAN_POINT('',(4.825478785947,108.03988278848));
#5261 = CARTESIAN_POINT('',(4.775163525796,107.99446186486));
#5262 = CARTESIAN_POINT('',(4.724214593795,107.97671587033));
#5263 = CARTESIAN_POINT('',(4.673251963883,107.98750350128));
#5264 = CARTESIAN_POINT('',(4.622907312372,108.02561329713));
#5265 = CARTESIAN_POINT('',(4.544440314117,108.12496794943));
#5266 = CARTESIAN_POINT('',(4.515538487612,108.1707959024));
#5267 = CARTESIAN_POINT('',(4.487190845522,108.22455808393));
#5268 = CARTESIAN_POINT('',(4.459427892835,108.28558492506));
#5269 = CARTESIAN_POINT('',(4.432283409101,108.35316639799));
#5270 = CARTESIAN_POINT('',(4.405794774433,108.42654961291));
#5271 = CARTESIAN_POINT('',(4.356873703447,108.57523307216));
#5272 = CARTESIAN_POINT('',(4.334268398398,108.64966415657));
#5273 = CARTESIAN_POINT('',(4.312170593784,108.72782877503));
#5274 = CARTESIAN_POINT('',(4.290564531953,108.80936644653));
#5275 = CARTESIAN_POINT('',(4.269434885042,108.89395722407));
#5276 = CARTESIAN_POINT('',(4.248766155845,108.98132181671));
#5277 = CARTESIAN_POINT('',(4.172022317379,109.32246287095));
#5278 = CARTESIAN_POINT('',(4.118824412637,109.59417712703));
#5279 = CARTESIAN_POINT('',(4.068649776854,109.88127063762));
#5280 = CARTESIAN_POINT('',(4.021240078559,110.18058147265));
#5281 = CARTESIAN_POINT('',(3.976360479095,110.49064733492));
#5282 = CARTESIAN_POINT('',(3.933831196301,110.81139905294));
#5283 = CARTESIAN_POINT('',(3.857341583046,111.44478268754));
#5284 = CARTESIAN_POINT('',(3.82317981879,111.75330858289));
#5285 = CARTESIAN_POINT('',(3.791025963919,112.07120930316));
#5286 = CARTESIAN_POINT('',(3.761025288975,112.39988682437));
#5287 = CARTESIAN_POINT('',(3.733618460716,112.74005334847));
#5288 = CARTESIAN_POINT('',(3.709550001754,113.09204983633));
#5289 = CARTESIAN_POINT('',(3.678427516995,113.66616565413));
#5290 = CARTESIAN_POINT('',(3.668411323619,113.88120140556));
#5291 = CARTESIAN_POINT('',(3.660046638612,114.10033617211));
#5292 = CARTESIAN_POINT('',(3.653577376391,114.32242068822));
#5293 = CARTESIAN_POINT('',(3.649176753875,114.54669964218));
#5294 = CARTESIAN_POINT('',(3.646953163874,114.77268106848));
#5295 = CARTESIAN_POINT('',(3.646953163874,115.));
#5296 = ( GEOMETRIC_REPRESENTATION_CONTEXT(2) 
PARAMETRIC_REPRESENTATION_CONTEXT() REPRESENTATION_CONTEXT('2D SPACE',''
  ) );
#5297 = PCURVE('',#5019,#5298);
#5298 = DEFINITIONAL_REPRESENTATION('',(#5299),#5362);
#5299 = B_SPLINE_CURVE_WITH_KNOTS('',7,(#5300,#5301,#5302,#5303,#5304,
    #5305,#5306,#5307,#5308,#5309,#5310,#5311,#5312,#5313,#5314,#5315,
    #5316,#5317,#5318,#5319,#5320,#5321,#5322,#5323,#5324,#5325,#5326,
    #5327,#5328,#5329,#5330,#5331,#5332,#5333,#5334,#5335,#5336,#5337,
    #5338,#5339,#5340,#5341,#5342,#5343,#5344,#5345,#5346,#5347,#5348,
    #5349,#5350,#5351,#5352,#5353,#5354,#5355,#5356,#5357,#5358,#5359,
    #5360,#5361),.UNSPECIFIED.,.F.,.F.,(8,6,6,6,6,6,6,6,6,6,8),(0.,
    7.177219398946E-02,0.206635759851,0.353764753702,0.442830220018,
    0.539219212084,0.597063080364,0.648936998919,0.793907840857,
    0.924878175324,1.),.UNSPECIFIED.);
#5300 = CARTESIAN_POINT('',(3.141592311193,41.127016653792));
#5301 = CARTESIAN_POINT('',(3.172433909227,41.127016787395));
#5302 = CARTESIAN_POINT('',(3.203120959788,41.112977210311));
#5303 = CARTESIAN_POINT('',(3.23364790814,41.085148915448));
#5304 = CARTESIAN_POINT('',(3.263992566019,41.044255300053));
#5305 = CARTESIAN_POINT('',(3.294101068779,40.991502997205));
#5306 = CARTESIAN_POINT('',(3.323867835659,40.928569409271));
#5307 = CARTESIAN_POINT('',(3.408059033862,40.724149735264));
#5308 = CARTESIAN_POINT('',(3.46176564918,40.560766656004));
#5309 = CARTESIAN_POINT('',(3.514616060682,40.376256549874));
#5310 = CARTESIAN_POINT('',(3.566844275075,40.178094701115));
#5311 = CARTESIAN_POINT('',(3.618734795428,39.971218030641));
#5312 = CARTESIAN_POINT('',(3.670720399828,39.758405480305));
#5313 = CARTESIAN_POINT('',(3.78091508805,39.304260232775));
#5314 = CARTESIAN_POINT('',(3.838847892815,39.063793925267));
#5315 = CARTESIAN_POINT('',(3.897837614476,38.822642120177));
#5316 = CARTESIAN_POINT('',(3.958417251393,38.583064909551));
#5317 = CARTESIAN_POINT('',(4.021089175119,38.348027290626));
#5318 = CARTESIAN_POINT('',(4.086314688873,38.121684134304));
#5319 = CARTESIAN_POINT('',(4.195908228248,37.781544924306));
#5320 = CARTESIAN_POINT('',(4.238513383161,37.658074475247));
#5321 = CARTESIAN_POINT('',(4.282452850193,37.540964481925));
#5322 = CARTESIAN_POINT('',(4.327787194642,37.43196892518));
#5323 = CARTESIAN_POINT('',(4.374582504387,37.333040959582));
#5324 = CARTESIAN_POINT('',(4.422914309007,37.246342636543));
#5325 = CARTESIAN_POINT('',(4.526944165045,37.096228950545));
#5326 = CARTESIAN_POINT('',(4.583157545633,37.034972899864));
#5327 = CARTESIAN_POINT('',(4.640696281237,36.995160138478));
#5328 = CARTESIAN_POINT('',(4.69887790325,36.979587517003));
#5329 = CARTESIAN_POINT('',(4.757075092731,36.989077411459));
#5330 = CARTESIAN_POINT('',(4.814642868255,37.022459734222));
#5331 = CARTESIAN_POINT('',(4.904587412638,37.109136045517));
#5332 = CARTESIAN_POINT('',(4.937767491993,37.149067121905));
#5333 = CARTESIAN_POINT('',(4.970375800861,37.195830016565));
#5334 = CARTESIAN_POINT('',(5.00238877354,37.248788380557));
#5335 = CARTESIAN_POINT('',(5.033777476693,37.307264349899));
#5336 = CARTESIAN_POINT('',(5.064506978957,37.37054141663));
#5337 = CARTESIAN_POINT('',(5.121465255928,37.498244613624));
#5338 = CARTESIAN_POINT('',(5.14787355899,37.561973040341));
#5339 = CARTESIAN_POINT('',(5.173785328558,37.628658994395));
#5340 = CARTESIAN_POINT('',(5.199223783669,37.697943289712));
#5341 = CARTESIAN_POINT('',(5.224211586725,37.769500858103));
#5342 = CARTESIAN_POINT('',(5.248771766618,37.843040467594));
#5343 = CARTESIAN_POINT('',(5.340439303102,38.128642928014));
#5344 = CARTESIAN_POINT('',(5.404980339448,38.353011712063));
#5345 = CARTESIAN_POINT('',(5.467025858937,38.585841413004));
#5346 = CARTESIAN_POINT('',(5.527024820185,38.823109994858));
#5347 = CARTESIAN_POINT('',(5.58546519023,39.061935261613));
#5348 = CARTESIAN_POINT('',(5.642864627446,39.30010809534));
#5349 = CARTESIAN_POINT('',(5.751277999575,39.746983497344));
#5350 = CARTESIAN_POINT('',(5.802048198102,39.954970238777));
#5351 = CARTESIAN_POINT('',(5.852704891711,40.15738885423));
#5352 = CARTESIAN_POINT('',(5.903656233966,40.35170356019));
#5353 = CARTESIAN_POINT('',(5.955174494133,40.533454064603));
#5354 = CARTESIAN_POINT('',(6.007480845448,40.695886094867));
#5355 = CARTESIAN_POINT('',(6.091565900527,40.908384151417));
#5356 = CARTESIAN_POINT('',(6.122812327459,40.977398746649));
#5357 = CARTESIAN_POINT('',(6.154441236861,41.035482671246));
#5358 = CARTESIAN_POINT('',(6.186332219082,41.08064746273));
#5359 = CARTESIAN_POINT('',(6.218428155108,41.111451408727));
#5360 = CARTESIAN_POINT('',(6.250711174106,41.127016653793));
#5361 = CARTESIAN_POINT('',(6.28318530718,41.127016653793));
#5362 = ( GEOMETRIC_REPRESENTATION_CONTEXT(2) 
PARAMETRIC_REPRESENTATION_CONTEXT() REPRESENTATION_CONTEXT('2D SPACE',''
  ) );
#5363 = ADVANCED_FACE('',(#5364),#4873,.T.);
#5364 = FACE_BOUND('',#5365,.T.);
#5365 = EDGE_LOOP('',(#5366,#5387));
#5366 = ORIENTED_EDGE('',*,*,#5367,.T.);
#5367 = EDGE_CURVE('',#4857,#4855,#5368,.T.);
#5368 = SURFACE_CURVE('',#5369,(#5373,#5380),.PCURVE_S1.);
#5369 = LINE('',#5370,#5371);
#5370 = CARTESIAN_POINT('',(-45.,-150.,41.));
#5371 = VECTOR('',#5372,1.);
#5372 = DIRECTION('',(1.,0.,0.));
#5373 = PCURVE('',#4873,#5374);
#5374 = DEFINITIONAL_REPRESENTATION('',(#5375),#5379);
#5375 = LINE('',#5376,#5377);
#5376 = CARTESIAN_POINT('',(-7.,-45.));
#5377 = VECTOR('',#5378,1.);
#5378 = DIRECTION('',(0.,1.));
#5379 = ( GEOMETRIC_REPRESENTATION_CONTEXT(2) 
PARAMETRIC_REPRESENTATION_CONTEXT() REPRESENTATION_CONTEXT('2D SPACE',''
  ) );
#5380 = PCURVE('',#5019,#5381);
#5381 = DEFINITIONAL_REPRESENTATION('',(#5382),#5386);
#5382 = LINE('',#5383,#5384);
#5383 = CARTESIAN_POINT('',(0.,-0.));
#5384 = VECTOR('',#5385,1.);
#5385 = DIRECTION('',(0.,1.));
#5386 = ( GEOMETRIC_REPRESENTATION_CONTEXT(2) 
PARAMETRIC_REPRESENTATION_CONTEXT() REPRESENTATION_CONTEXT('2D SPACE',''
  ) );
#5387 = ORIENTED_EDGE('',*,*,#4854,.T.);
#5388 = ADVANCED_FACE('',(#5389),#5019,.T.);
#5389 = FACE_BOUND('',#5390,.T.);
#5390 = EDGE_LOOP('',(#5391,#5414,#5441,#5442,#5443,#5466,#5493,#5494,
    #5495,#5514));
#5391 = ORIENTED_EDGE('',*,*,#5392,.T.);
#5392 = EDGE_CURVE('',#4855,#5393,#5395,.T.);
#5393 = VERTEX_POINT('',#5394);
#5394 = CARTESIAN_POINT('',(45.,-150.,41.));
#5395 = SEAM_CURVE('',#5396,(#5400,#5407),.PCURVE_S1.);
#5396 = LINE('',#5397,#5398);
#5397 = CARTESIAN_POINT('',(-45.,-150.,41.));
#5398 = VECTOR('',#5399,1.);
#5399 = DIRECTION('',(1.,0.,0.));
#5400 = PCURVE('',#5019,#5401);
#5401 = DEFINITIONAL_REPRESENTATION('',(#5402),#5406);
#5402 = LINE('',#5403,#5404);
#5403 = CARTESIAN_POINT('',(6.28318530718,-0.));
#5404 = VECTOR('',#5405,1.);
#5405 = DIRECTION('',(0.,1.));
#5406 = ( GEOMETRIC_REPRESENTATION_CONTEXT(2) 
PARAMETRIC_REPRESENTATION_CONTEXT() REPRESENTATION_CONTEXT('2D SPACE',''
  ) );
#5407 = PCURVE('',#5019,#5408);
#5408 = DEFINITIONAL_REPRESENTATION('',(#5409),#5413);
#5409 = LINE('',#5410,#5411);
#5410 = CARTESIAN_POINT('',(0.,-0.));
#5411 = VECTOR('',#5412,1.);
#5412 = DIRECTION('',(0.,1.));
#5413 = ( GEOMETRIC_REPRESENTATION_CONTEXT(2) 
PARAMETRIC_REPRESENTATION_CONTEXT() REPRESENTATION_CONTEXT('2D SPACE',''
  ) );
#5414 = ORIENTED_EDGE('',*,*,#5415,.F.);
#5415 = EDGE_CURVE('',#5393,#5393,#5416,.T.);
#5416 = SURFACE_CURVE('',#5417,(#5422,#5429),.PCURVE_S1.);
#5417 = CIRCLE('',#5418,7.);
#5418 = AXIS2_PLACEMENT_3D('',#5419,#5420,#5421);
#5419 = CARTESIAN_POINT('',(45.,-150.,34.));
#5420 = DIRECTION('',(1.,0.,0.));
#5421 = DIRECTION('',(-0.,0.,1.));
#5422 = PCURVE('',#5019,#5423);
#5423 = DEFINITIONAL_REPRESENTATION('',(#5424),#5428);
#5424 = LINE('',#5425,#5426);
#5425 = CARTESIAN_POINT('',(0.,90.));
#5426 = VECTOR('',#5427,1.);
#5427 = DIRECTION('',(1.,0.));
#5428 = ( GEOMETRIC_REPRESENTATION_CONTEXT(2) 
PARAMETRIC_REPRESENTATION_CONTEXT() REPRESENTATION_CONTEXT('2D SPACE',''
  ) );
#5429 = PCURVE('',#5430,#5435);
#5430 = PLANE('',#5431);
#5431 = AXIS2_PLACEMENT_3D('',#5432,#5433,#5434);
#5432 = CARTESIAN_POINT('',(45.,-150.,34.));
#5433 = DIRECTION('',(1.,0.,0.));
#5434 = DIRECTION('',(-0.,0.,1.));
#5435 = DEFINITIONAL_REPRESENTATION('',(#5436),#5440);
#5436 = CIRCLE('',#5437,7.);
#5437 = AXIS2_PLACEMENT_2D('',#5438,#5439);
#5438 = CARTESIAN_POINT('',(0.,0.));
#5439 = DIRECTION('',(1.,0.));
#5440 = ( GEOMETRIC_REPRESENTATION_CONTEXT(2) 
PARAMETRIC_REPRESENTATION_CONTEXT() REPRESENTATION_CONTEXT('2D SPACE',''
  ) );
#5441 = ORIENTED_EDGE('',*,*,#5392,.F.);
#5442 = ORIENTED_EDGE('',*,*,#5367,.F.);
#5443 = ORIENTED_EDGE('',*,*,#5444,.F.);
#5444 = EDGE_CURVE('',#5445,#4857,#5447,.T.);
#5445 = VERTEX_POINT('',#5446);
#5446 = CARTESIAN_POINT('',(-45.,-150.,41.));
#5447 = SEAM_CURVE('',#5448,(#5452,#5459),.PCURVE_S1.);
#5448 = LINE('',#5449,#5450);
#5449 = CARTESIAN_POINT('',(-45.,-150.,41.));
#5450 = VECTOR('',#5451,1.);
#5451 = DIRECTION('',(1.,0.,0.));
#5452 = PCURVE('',#5019,#5453);
#5453 = DEFINITIONAL_REPRESENTATION('',(#5454),#5458);
#5454 = LINE('',#5455,#5456);
#5455 = CARTESIAN_POINT('',(6.28318530718,-0.));
#5456 = VECTOR('',#5457,1.);
#5457 = DIRECTION('',(0.,1.));
#5458 = ( GEOMETRIC_REPRESENTATION_CONTEXT(2) 
PARAMETRIC_REPRESENTATION_CONTEXT() REPRESENTATION_CONTEXT('2D SPACE',''
  ) );
#5459 = PCURVE('',#5019,#5460);
#5460 = DEFINITIONAL_REPRESENTATION('',(#5461),#5465);
#5461 = LINE('',#5462,#5463);
#5462 = CARTESIAN_POINT('',(0.,-0.));
#5463 = VECTOR('',#5464,1.);
#5464 = DIRECTION('',(0.,1.));
#5465 = ( GEOMETRIC_REPRESENTATION_CONTEXT(2) 
PARAMETRIC_REPRESENTATION_CONTEXT() REPRESENTATION_CONTEXT('2D SPACE',''
  ) );
#5466 = ORIENTED_EDGE('',*,*,#5467,.T.);
#5467 = EDGE_CURVE('',#5445,#5445,#5468,.T.);
#5468 = SURFACE_CURVE('',#5469,(#5474,#5481),.PCURVE_S1.);
#5469 = CIRCLE('',#5470,7.);
#5470 = AXIS2_PLACEMENT_3D('',#5471,#5472,#5473);
#5471 = CARTESIAN_POINT('',(-45.,-150.,34.));
#5472 = DIRECTION('',(1.,0.,0.));
#5473 = DIRECTION('',(-0.,0.,1.));
#5474 = PCURVE('',#5019,#5475);
#5475 = DEFINITIONAL_REPRESENTATION('',(#5476),#5480);
#5476 = LINE('',#5477,#5478);
#5477 = CARTESIAN_POINT('',(0.,0.));
#5478 = VECTOR('',#5479,1.);
#5479 = DIRECTION('',(1.,0.));
#5480 = ( GEOMETRIC_REPRESENTATION_CONTEXT(2) 
PARAMETRIC_REPRESENTATION_CONTEXT() REPRESENTATION_CONTEXT('2D SPACE',''
  ) );
#5481 = PCURVE('',#5482,#5487);
#5482 = PLANE('',#5483);
#5483 = AXIS2_PLACEMENT_3D('',#5484,#5485,#5486);
#5484 = CARTESIAN_POINT('',(-45.,-150.,34.));
#5485 = DIRECTION('',(1.,0.,0.));
#5486 = DIRECTION('',(-0.,0.,1.));
#5487 = DEFINITIONAL_REPRESENTATION('',(#5488),#5492);
#5488 = CIRCLE('',#5489,7.);
#5489 = AXIS2_PLACEMENT_2D('',#5490,#5491);
#5490 = CARTESIAN_POINT('',(0.,0.));
#5491 = DIRECTION('',(1.,0.));
#5492 = ( GEOMETRIC_REPRESENTATION_CONTEXT(2) 
PARAMETRIC_REPRESENTATION_CONTEXT() REPRESENTATION_CONTEXT('2D SPACE',''
  ) );
#5493 = ORIENTED_EDGE('',*,*,#5444,.T.);
#5494 = ORIENTED_EDGE('',*,*,#5166,.F.);
#5495 = ORIENTED_EDGE('',*,*,#5496,.T.);
#5496 = EDGE_CURVE('',#5143,#4886,#5497,.T.);
#5497 = SURFACE_CURVE('',#5498,(#5502,#5508),.PCURVE_S1.);
#5498 = LINE('',#5499,#5500);
#5499 = CARTESIAN_POINT('',(-45.,-150.,27.));
#5500 = VECTOR('',#5501,1.);
#5501 = DIRECTION('',(1.,0.,0.));
#5502 = PCURVE('',#5019,#5503);
#5503 = DEFINITIONAL_REPRESENTATION('',(#5504),#5507);
#5504 = B_SPLINE_CURVE_WITH_KNOTS('',1,(#5505,#5506),.UNSPECIFIED.,.F.,
  .F.,(2,2),(35.4,54.6),.PIECEWISE_BEZIER_KNOTS.);
#5505 = CARTESIAN_POINT('',(3.14159265359,35.4));
#5506 = CARTESIAN_POINT('',(3.14159265359,54.6));
#5507 = ( GEOMETRIC_REPRESENTATION_CONTEXT(2) 
PARAMETRIC_REPRESENTATION_CONTEXT() REPRESENTATION_CONTEXT('2D SPACE',''
  ) );
#5508 = PCURVE('',#5107,#5509);
#5509 = DEFINITIONAL_REPRESENTATION('',(#5510),#5513);
#5510 = B_SPLINE_CURVE_WITH_KNOTS('',1,(#5511,#5512),.UNSPECIFIED.,.F.,
  .F.,(2,2),(35.4,54.6),.PIECEWISE_BEZIER_KNOTS.);
#5511 = CARTESIAN_POINT('',(7.,-9.6));
#5512 = CARTESIAN_POINT('',(7.,9.6));
#5513 = ( GEOMETRIC_REPRESENTATION_CONTEXT(2) 
PARAMETRIC_REPRESENTATION_CONTEXT() REPRESENTATION_CONTEXT('2D SPACE',''
  ) );
#5514 = ORIENTED_EDGE('',*,*,#4885,.T.);
#5515 = ADVANCED_FACE('',(#5516),#5107,.T.);
#5516 = FACE_BOUND('',#5517,.T.);
#5517 = EDGE_LOOP('',(#5518,#5519,#5520));
#5518 = ORIENTED_EDGE('',*,*,#5090,.T.);
#5519 = ORIENTED_EDGE('',*,*,#5496,.F.);
#5520 = ORIENTED_EDGE('',*,*,#5142,.T.);
#5521 = ADVANCED_FACE('',(#5522),#5482,.F.);
#5522 = FACE_BOUND('',#5523,.T.);
#5523 = EDGE_LOOP('',(#5524));
#5524 = ORIENTED_EDGE('',*,*,#5467,.F.);
#5525 = ADVANCED_FACE('',(#5526),#5430,.T.);
#5526 = FACE_BOUND('',#5527,.T.);
#5527 = EDGE_LOOP('',(#5528));
#5528 = ORIENTED_EDGE('',*,*,#5415,.T.);
#5529 = ( GEOMETRIC_REPRESENTATION_CONTEXT(3) 
GLOBAL_UNCERTAINTY_ASSIGNED_CONTEXT((#5533)) 
GLOBAL_UNIT_ASSIGNED_CONTEXT((#5530,#5531,#5532)) REPRESENTATION_CONTEXT
('Context #1','3D Context with UNIT and UNCERTAINTY') );
#5530 = ( LENGTH_UNIT() NAMED_UNIT(*) SI_UNIT(.MILLI.,.METRE.) );
#5531 = ( NAMED_UNIT(*) PLANE_ANGLE_UNIT() SI_UNIT($,.RADIAN.) );
#5532 = ( NAMED_UNIT(*) SI_UNIT($,.STERADIAN.) SOLID_ANGLE_UNIT() );
#5533 = UNCERTAINTY_MEASURE_WITH_UNIT(LENGTH_MEASURE(1.E-07),#5530,
  'distance_accuracy_value','confusion accuracy');
#5534 = CONTEXT_DEPENDENT_SHAPE_REPRESENTATION(#5535,#5537);
#5535 = ( REPRESENTATION_RELATIONSHIP('','',#4162,#10) 
REPRESENTATION_RELATIONSHIP_WITH_TRANSFORMATION(#5536) 
SHAPE_REPRESENTATION_RELATIONSHIP() );
#5536 = ITEM_DEFINED_TRANSFORMATION('','',#11,#39);
#5537 = PRODUCT_DEFINITION_SHAPE('Placement','Placement of an item',
  #5538);
#5538 = NEXT_ASSEMBLY_USAGE_OCCURRENCE('7','=>[0:1:1:8]','',#5,#4157,$);
#5539 = PRODUCT_RELATED_PRODUCT_CATEGORY('part',$,(#4159));
#5540 = SHAPE_DEFINITION_REPRESENTATION(#5541,#5547);
#5541 = PRODUCT_DEFINITION_SHAPE('','',#5542);
#5542 = PRODUCT_DEFINITION('design','',#5543,#5546);
#5543 = PRODUCT_DEFINITION_FORMATION('','',#5544);
#5544 = PRODUCT('COMPOUND','COMPOUND','',(#5545));
#5545 = PRODUCT_CONTEXT('',#2,'mechanical');
#5546 = PRODUCT_DEFINITION_CONTEXT('part definition',#2,'design');
#5547 = SHAPE_REPRESENTATION('',(#11,#5548,#6322),#6966);
#5548 = MANIFOLD_SOLID_BREP('',#5549);
#5549 = CLOSED_SHELL('',(#5550,#5670,#5746,#5950,#5999,#6052,#6059,#6114
    ,#6169,#6224,#6251,#6306,#6310,#6314,#6318));
#5550 = ADVANCED_FACE('',(#5551),#5565,.F.);
#5551 = FACE_BOUND('',#5552,.F.);
#5552 = EDGE_LOOP('',(#5553,#5588,#5616,#5644));
#5553 = ORIENTED_EDGE('',*,*,#5554,.F.);
#5554 = EDGE_CURVE('',#5555,#5557,#5559,.T.);
#5555 = VERTEX_POINT('',#5556);
#5556 = CARTESIAN_POINT('',(-60.,-45.,145.25));
#5557 = VERTEX_POINT('',#5558);
#5558 = CARTESIAN_POINT('',(-60.,-45.,189.75));
#5559 = SURFACE_CURVE('',#5560,(#5564,#5576),.PCURVE_S1.);
#5560 = LINE('',#5561,#5562);
#5561 = CARTESIAN_POINT('',(-60.,-45.,145.25));
#5562 = VECTOR('',#5563,1.);
#5563 = DIRECTION('',(0.,0.,1.));
#5564 = PCURVE('',#5565,#5570);
#5565 = PLANE('',#5566);
#5566 = AXIS2_PLACEMENT_3D('',#5567,#5568,#5569);
#5567 = CARTESIAN_POINT('',(-60.,-45.,145.25));
#5568 = DIRECTION('',(1.,0.,-0.));
#5569 = DIRECTION('',(0.,0.,1.));
#5570 = DEFINITIONAL_REPRESENTATION('',(#5571),#5575);
#5571 = LINE('',#5572,#5573);
#5572 = CARTESIAN_POINT('',(0.,0.));
#5573 = VECTOR('',#5574,1.);
#5574 = DIRECTION('',(1.,0.));
#5575 = ( GEOMETRIC_REPRESENTATION_CONTEXT(2) 
PARAMETRIC_REPRESENTATION_CONTEXT() REPRESENTATION_CONTEXT('2D SPACE',''
  ) );
#5576 = PCURVE('',#5577,#5582);
#5577 = PLANE('',#5578);
#5578 = AXIS2_PLACEMENT_3D('',#5579,#5580,#5581);
#5579 = CARTESIAN_POINT('',(-60.,-45.,145.25));
#5580 = DIRECTION('',(-0.,1.,0.));
#5581 = DIRECTION('',(0.,0.,1.));
#5582 = DEFINITIONAL_REPRESENTATION('',(#5583),#5587);
#5583 = LINE('',#5584,#5585);
#5584 = CARTESIAN_POINT('',(0.,0.));
#5585 = VECTOR('',#5586,1.);
#5586 = DIRECTION('',(1.,0.));
#5587 = ( GEOMETRIC_REPRESENTATION_CONTEXT(2) 
PARAMETRIC_REPRESENTATION_CONTEXT() REPRESENTATION_CONTEXT('2D SPACE',''
  ) );
#5588 = ORIENTED_EDGE('',*,*,#5589,.T.);
#5589 = EDGE_CURVE('',#5555,#5590,#5592,.T.);
#5590 = VERTEX_POINT('',#5591);
#5591 = CARTESIAN_POINT('',(-60.,45.,145.25));
#5592 = SURFACE_CURVE('',#5593,(#5597,#5604),.PCURVE_S1.);
#5593 = LINE('',#5594,#5595);
#5594 = CARTESIAN_POINT('',(-60.,-45.,145.25));
#5595 = VECTOR('',#5596,1.);
#5596 = DIRECTION('',(-0.,1.,0.));
#5597 = PCURVE('',#5565,#5598);
#5598 = DEFINITIONAL_REPRESENTATION('',(#5599),#5603);
#5599 = LINE('',#5600,#5601);
#5600 = CARTESIAN_POINT('',(0.,0.));
#5601 = VECTOR('',#5602,1.);
#5602 = DIRECTION('',(0.,-1.));
#5603 = ( GEOMETRIC_REPRESENTATION_CONTEXT(2) 
PARAMETRIC_REPRESENTATION_CONTEXT() REPRESENTATION_CONTEXT('2D SPACE',''
  ) );
#5604 = PCURVE('',#5605,#5610);
#5605 = PLANE('',#5606);
#5606 = AXIS2_PLACEMENT_3D('',#5607,#5608,#5609);
#5607 = CARTESIAN_POINT('',(-60.,-45.,145.25));
#5608 = DIRECTION('',(0.,0.,1.));
#5609 = DIRECTION('',(1.,0.,-0.));
#5610 = DEFINITIONAL_REPRESENTATION('',(#5611),#5615);
#5611 = LINE('',#5612,#5613);
#5612 = CARTESIAN_POINT('',(0.,0.));
#5613 = VECTOR('',#5614,1.);
#5614 = DIRECTION('',(0.,1.));
#5615 = ( GEOMETRIC_REPRESENTATION_CONTEXT(2) 
PARAMETRIC_REPRESENTATION_CONTEXT() REPRESENTATION_CONTEXT('2D SPACE',''
  ) );
#5616 = ORIENTED_EDGE('',*,*,#5617,.T.);
#5617 = EDGE_CURVE('',#5590,#5618,#5620,.T.);
#5618 = VERTEX_POINT('',#5619);
#5619 = CARTESIAN_POINT('',(-60.,45.,189.75));
#5620 = SURFACE_CURVE('',#5621,(#5625,#5632),.PCURVE_S1.);
#5621 = LINE('',#5622,#5623);
#5622 = CARTESIAN_POINT('',(-60.,45.,145.25));
#5623 = VECTOR('',#5624,1.);
#5624 = DIRECTION('',(0.,0.,1.));
#5625 = PCURVE('',#5565,#5626);
#5626 = DEFINITIONAL_REPRESENTATION('',(#5627),#5631);
#5627 = LINE('',#5628,#5629);
#5628 = CARTESIAN_POINT('',(0.,-90.));
#5629 = VECTOR('',#5630,1.);
#5630 = DIRECTION('',(1.,0.));
#5631 = ( GEOMETRIC_REPRESENTATION_CONTEXT(2) 
PARAMETRIC_REPRESENTATION_CONTEXT() REPRESENTATION_CONTEXT('2D SPACE',''
  ) );
#5632 = PCURVE('',#5633,#5638);
#5633 = PLANE('',#5634);
#5634 = AXIS2_PLACEMENT_3D('',#5635,#5636,#5637);
#5635 = CARTESIAN_POINT('',(-60.,45.,145.25));
#5636 = DIRECTION('',(-0.,1.,0.));
#5637 = DIRECTION('',(0.,0.,1.));
#5638 = DEFINITIONAL_REPRESENTATION('',(#5639),#5643);
#5639 = LINE('',#5640,#5641);
#5640 = CARTESIAN_POINT('',(0.,0.));
#5641 = VECTOR('',#5642,1.);
#5642 = DIRECTION('',(1.,0.));
#5643 = ( GEOMETRIC_REPRESENTATION_CONTEXT(2) 
PARAMETRIC_REPRESENTATION_CONTEXT() REPRESENTATION_CONTEXT('2D SPACE',''
  ) );
#5644 = ORIENTED_EDGE('',*,*,#5645,.F.);
#5645 = EDGE_CURVE('',#5557,#5618,#5646,.T.);
#5646 = SURFACE_CURVE('',#5647,(#5651,#5658),.PCURVE_S1.);
#5647 = LINE('',#5648,#5649);
#5648 = CARTESIAN_POINT('',(-60.,-45.,189.75));
#5649 = VECTOR('',#5650,1.);
#5650 = DIRECTION('',(-0.,1.,0.));
#5651 = PCURVE('',#5565,#5652);
#5652 = DEFINITIONAL_REPRESENTATION('',(#5653),#5657);
#5653 = LINE('',#5654,#5655);
#5654 = CARTESIAN_POINT('',(44.5,0.));
#5655 = VECTOR('',#5656,1.);
#5656 = DIRECTION('',(0.,-1.));
#5657 = ( GEOMETRIC_REPRESENTATION_CONTEXT(2) 
PARAMETRIC_REPRESENTATION_CONTEXT() REPRESENTATION_CONTEXT('2D SPACE',''
  ) );
#5658 = PCURVE('',#5659,#5664);
#5659 = PLANE('',#5660);
#5660 = AXIS2_PLACEMENT_3D('',#5661,#5662,#5663);
#5661 = CARTESIAN_POINT('',(-60.,-45.,189.75));
#5662 = DIRECTION('',(0.,0.,1.));
#5663 = DIRECTION('',(1.,0.,-0.));
#5664 = DEFINITIONAL_REPRESENTATION('',(#5665),#5669);
#5665 = LINE('',#5666,#5667);
#5666 = CARTESIAN_POINT('',(0.,0.));
#5667 = VECTOR('',#5668,1.);
#5668 = DIRECTION('',(0.,1.));
#5669 = ( GEOMETRIC_REPRESENTATION_CONTEXT(2) 
PARAMETRIC_REPRESENTATION_CONTEXT() REPRESENTATION_CONTEXT('2D SPACE',''
  ) );
#5670 = ADVANCED_FACE('',(#5671),#5577,.F.);
#5671 = FACE_BOUND('',#5672,.F.);
#5672 = EDGE_LOOP('',(#5673,#5696,#5697,#5720));
#5673 = ORIENTED_EDGE('',*,*,#5674,.F.);
#5674 = EDGE_CURVE('',#5555,#5675,#5677,.T.);
#5675 = VERTEX_POINT('',#5676);
#5676 = CARTESIAN_POINT('',(60.,-45.,145.25));
#5677 = SURFACE_CURVE('',#5678,(#5682,#5689),.PCURVE_S1.);
#5678 = LINE('',#5679,#5680);
#5679 = CARTESIAN_POINT('',(-60.,-45.,145.25));
#5680 = VECTOR('',#5681,1.);
#5681 = DIRECTION('',(1.,0.,-0.));
#5682 = PCURVE('',#5577,#5683);
#5683 = DEFINITIONAL_REPRESENTATION('',(#5684),#5688);
#5684 = LINE('',#5685,#5686);
#5685 = CARTESIAN_POINT('',(0.,0.));
#5686 = VECTOR('',#5687,1.);
#5687 = DIRECTION('',(0.,1.));
#5688 = ( GEOMETRIC_REPRESENTATION_CONTEXT(2) 
PARAMETRIC_REPRESENTATION_CONTEXT() REPRESENTATION_CONTEXT('2D SPACE',''
  ) );
#5689 = PCURVE('',#5605,#5690);
#5690 = DEFINITIONAL_REPRESENTATION('',(#5691),#5695);
#5691 = LINE('',#5692,#5693);
#5692 = CARTESIAN_POINT('',(0.,0.));
#5693 = VECTOR('',#5694,1.);
#5694 = DIRECTION('',(1.,0.));
#5695 = ( GEOMETRIC_REPRESENTATION_CONTEXT(2) 
PARAMETRIC_REPRESENTATION_CONTEXT() REPRESENTATION_CONTEXT('2D SPACE',''
  ) );
#5696 = ORIENTED_EDGE('',*,*,#5554,.T.);
#5697 = ORIENTED_EDGE('',*,*,#5698,.T.);
#5698 = EDGE_CURVE('',#5557,#5699,#5701,.T.);
#5699 = VERTEX_POINT('',#5700);
#5700 = CARTESIAN_POINT('',(60.,-45.,189.75));
#5701 = SURFACE_CURVE('',#5702,(#5706,#5713),.PCURVE_S1.);
#5702 = LINE('',#5703,#5704);
#5703 = CARTESIAN_POINT('',(-60.,-45.,189.75));
#5704 = VECTOR('',#5705,1.);
#5705 = DIRECTION('',(1.,0.,-0.));
#5706 = PCURVE('',#5577,#5707);
#5707 = DEFINITIONAL_REPRESENTATION('',(#5708),#5712);
#5708 = LINE('',#5709,#5710);
#5709 = CARTESIAN_POINT('',(44.5,0.));
#5710 = VECTOR('',#5711,1.);
#5711 = DIRECTION('',(0.,1.));
#5712 = ( GEOMETRIC_REPRESENTATION_CONTEXT(2) 
PARAMETRIC_REPRESENTATION_CONTEXT() REPRESENTATION_CONTEXT('2D SPACE',''
  ) );
#5713 = PCURVE('',#5659,#5714);
#5714 = DEFINITIONAL_REPRESENTATION('',(#5715),#5719);
#5715 = LINE('',#5716,#5717);
#5716 = CARTESIAN_POINT('',(0.,0.));
#5717 = VECTOR('',#5718,1.);
#5718 = DIRECTION('',(1.,0.));
#5719 = ( GEOMETRIC_REPRESENTATION_CONTEXT(2) 
PARAMETRIC_REPRESENTATION_CONTEXT() REPRESENTATION_CONTEXT('2D SPACE',''
  ) );
#5720 = ORIENTED_EDGE('',*,*,#5721,.F.);
#5721 = EDGE_CURVE('',#5675,#5699,#5722,.T.);
#5722 = SURFACE_CURVE('',#5723,(#5727,#5734),.PCURVE_S1.);
#5723 = LINE('',#5724,#5725);
#5724 = CARTESIAN_POINT('',(60.,-45.,145.25));
#5725 = VECTOR('',#5726,1.);
#5726 = DIRECTION('',(0.,0.,1.));
#5727 = PCURVE('',#5577,#5728);
#5728 = DEFINITIONAL_REPRESENTATION('',(#5729),#5733);
#5729 = LINE('',#5730,#5731);
#5730 = CARTESIAN_POINT('',(0.,120.));
#5731 = VECTOR('',#5732,1.);
#5732 = DIRECTION('',(1.,0.));
#5733 = ( GEOMETRIC_REPRESENTATION_CONTEXT(2) 
PARAMETRIC_REPRESENTATION_CONTEXT() REPRESENTATION_CONTEXT('2D SPACE',''
  ) );
#5734 = PCURVE('',#5735,#5740);
#5735 = PLANE('',#5736);
#5736 = AXIS2_PLACEMENT_3D('',#5737,#5738,#5739);
#5737 = CARTESIAN_POINT('',(60.,-45.,145.25));
#5738 = DIRECTION('',(1.,0.,-0.));
#5739 = DIRECTION('',(0.,0.,1.));
#5740 = DEFINITIONAL_REPRESENTATION('',(#5741),#5745);
#5741 = LINE('',#5742,#5743);
#5742 = CARTESIAN_POINT('',(0.,0.));
#5743 = VECTOR('',#5744,1.);
#5744 = DIRECTION('',(1.,0.));
#5745 = ( GEOMETRIC_REPRESENTATION_CONTEXT(2) 
PARAMETRIC_REPRESENTATION_CONTEXT() REPRESENTATION_CONTEXT('2D SPACE',''
  ) );
#5746 = ADVANCED_FACE('',(#5747,#5795,#5826,#5857,#5888,#5919),#5659,.T.
  );
#5747 = FACE_BOUND('',#5748,.T.);
#5748 = EDGE_LOOP('',(#5749,#5750,#5751,#5774));
#5749 = ORIENTED_EDGE('',*,*,#5645,.F.);
#5750 = ORIENTED_EDGE('',*,*,#5698,.T.);
#5751 = ORIENTED_EDGE('',*,*,#5752,.T.);
#5752 = EDGE_CURVE('',#5699,#5753,#5755,.T.);
#5753 = VERTEX_POINT('',#5754);
#5754 = CARTESIAN_POINT('',(60.,45.,189.75));
#5755 = SURFACE_CURVE('',#5756,(#5760,#5767),.PCURVE_S1.);
#5756 = LINE('',#5757,#5758);
#5757 = CARTESIAN_POINT('',(60.,-45.,189.75));
#5758 = VECTOR('',#5759,1.);
#5759 = DIRECTION('',(-0.,1.,0.));
#5760 = PCURVE('',#5659,#5761);
#5761 = DEFINITIONAL_REPRESENTATION('',(#5762),#5766);
#5762 = LINE('',#5763,#5764);
#5763 = CARTESIAN_POINT('',(120.,0.));
#5764 = VECTOR('',#5765,1.);
#5765 = DIRECTION('',(0.,1.));
#5766 = ( GEOMETRIC_REPRESENTATION_CONTEXT(2) 
PARAMETRIC_REPRESENTATION_CONTEXT() REPRESENTATION_CONTEXT('2D SPACE',''
  ) );
#5767 = PCURVE('',#5735,#5768);
#5768 = DEFINITIONAL_REPRESENTATION('',(#5769),#5773);
#5769 = LINE('',#5770,#5771);
#5770 = CARTESIAN_POINT('',(44.5,0.));
#5771 = VECTOR('',#5772,1.);
#5772 = DIRECTION('',(0.,-1.));
#5773 = ( GEOMETRIC_REPRESENTATION_CONTEXT(2) 
PARAMETRIC_REPRESENTATION_CONTEXT() REPRESENTATION_CONTEXT('2D SPACE',''
  ) );
#5774 = ORIENTED_EDGE('',*,*,#5775,.F.);
#5775 = EDGE_CURVE('',#5618,#5753,#5776,.T.);
#5776 = SURFACE_CURVE('',#5777,(#5781,#5788),.PCURVE_S1.);
#5777 = LINE('',#5778,#5779);
#5778 = CARTESIAN_POINT('',(-60.,45.,189.75));
#5779 = VECTOR('',#5780,1.);
#5780 = DIRECTION('',(1.,0.,-0.));
#5781 = PCURVE('',#5659,#5782);
#5782 = DEFINITIONAL_REPRESENTATION('',(#5783),#5787);
#5783 = LINE('',#5784,#5785);
#5784 = CARTESIAN_POINT('',(0.,90.));
#5785 = VECTOR('',#5786,1.);
#5786 = DIRECTION('',(1.,0.));
#5787 = ( GEOMETRIC_REPRESENTATION_CONTEXT(2) 
PARAMETRIC_REPRESENTATION_CONTEXT() REPRESENTATION_CONTEXT('2D SPACE',''
  ) );
#5788 = PCURVE('',#5633,#5789);
#5789 = DEFINITIONAL_REPRESENTATION('',(#5790),#5794);
#5790 = LINE('',#5791,#5792);
#5791 = CARTESIAN_POINT('',(44.5,0.));
#5792 = VECTOR('',#5793,1.);
#5793 = DIRECTION('',(0.,1.));
#5794 = ( GEOMETRIC_REPRESENTATION_CONTEXT(2) 
PARAMETRIC_REPRESENTATION_CONTEXT() REPRESENTATION_CONTEXT('2D SPACE',''
  ) );
#5795 = FACE_BOUND('',#5796,.T.);
#5796 = EDGE_LOOP('',(#5797));
#5797 = ORIENTED_EDGE('',*,*,#5798,.F.);
#5798 = EDGE_CURVE('',#5799,#5799,#5801,.T.);
#5799 = VERTEX_POINT('',#5800);
#5800 = CARTESIAN_POINT('',(-40.,-33.,189.75));
#5801 = SURFACE_CURVE('',#5802,(#5807,#5814),.PCURVE_S1.);
#5802 = CIRCLE('',#5803,8.);
#5803 = AXIS2_PLACEMENT_3D('',#5804,#5805,#5806);
#5804 = CARTESIAN_POINT('',(-48.,-33.,189.75));
#5805 = DIRECTION('',(0.,0.,1.));
#5806 = DIRECTION('',(1.,0.,-0.));
#5807 = PCURVE('',#5659,#5808);
#5808 = DEFINITIONAL_REPRESENTATION('',(#5809),#5813);
#5809 = CIRCLE('',#5810,8.);
#5810 = AXIS2_PLACEMENT_2D('',#5811,#5812);
#5811 = CARTESIAN_POINT('',(12.,12.));
#5812 = DIRECTION('',(1.,0.));
#5813 = ( GEOMETRIC_REPRESENTATION_CONTEXT(2) 
PARAMETRIC_REPRESENTATION_CONTEXT() REPRESENTATION_CONTEXT('2D SPACE',''
  ) );
#5814 = PCURVE('',#5815,#5820);
#5815 = CYLINDRICAL_SURFACE('',#5816,8.);
#5816 = AXIS2_PLACEMENT_3D('',#5817,#5818,#5819);
#5817 = CARTESIAN_POINT('',(-48.,-33.,189.75));
#5818 = DIRECTION('',(0.,0.,1.));
#5819 = DIRECTION('',(1.,0.,-0.));
#5820 = DEFINITIONAL_REPRESENTATION('',(#5821),#5825);
#5821 = LINE('',#5822,#5823);
#5822 = CARTESIAN_POINT('',(0.,0.));
#5823 = VECTOR('',#5824,1.);
#5824 = DIRECTION('',(1.,0.));
#5825 = ( GEOMETRIC_REPRESENTATION_CONTEXT(2) 
PARAMETRIC_REPRESENTATION_CONTEXT() REPRESENTATION_CONTEXT('2D SPACE',''
  ) );
#5826 = FACE_BOUND('',#5827,.T.);
#5827 = EDGE_LOOP('',(#5828));
#5828 = ORIENTED_EDGE('',*,*,#5829,.F.);
#5829 = EDGE_CURVE('',#5830,#5830,#5832,.T.);
#5830 = VERTEX_POINT('',#5831);
#5831 = CARTESIAN_POINT('',(56.,-33.,189.75));
#5832 = SURFACE_CURVE('',#5833,(#5838,#5845),.PCURVE_S1.);
#5833 = CIRCLE('',#5834,8.);
#5834 = AXIS2_PLACEMENT_3D('',#5835,#5836,#5837);
#5835 = CARTESIAN_POINT('',(48.,-33.,189.75));
#5836 = DIRECTION('',(0.,0.,1.));
#5837 = DIRECTION('',(1.,0.,-0.));
#5838 = PCURVE('',#5659,#5839);
#5839 = DEFINITIONAL_REPRESENTATION('',(#5840),#5844);
#5840 = CIRCLE('',#5841,8.);
#5841 = AXIS2_PLACEMENT_2D('',#5842,#5843);
#5842 = CARTESIAN_POINT('',(108.,12.));
#5843 = DIRECTION('',(1.,0.));
#5844 = ( GEOMETRIC_REPRESENTATION_CONTEXT(2) 
PARAMETRIC_REPRESENTATION_CONTEXT() REPRESENTATION_CONTEXT('2D SPACE',''
  ) );
#5845 = PCURVE('',#5846,#5851);
#5846 = CYLINDRICAL_SURFACE('',#5847,8.);
#5847 = AXIS2_PLACEMENT_3D('',#5848,#5849,#5850);
#5848 = CARTESIAN_POINT('',(48.,-33.,189.75));
#5849 = DIRECTION('',(0.,0.,1.));
#5850 = DIRECTION('',(1.,0.,-0.));
#5851 = DEFINITIONAL_REPRESENTATION('',(#5852),#5856);
#5852 = LINE('',#5853,#5854);
#5853 = CARTESIAN_POINT('',(0.,0.));
#5854 = VECTOR('',#5855,1.);
#5855 = DIRECTION('',(1.,0.));
#5856 = ( GEOMETRIC_REPRESENTATION_CONTEXT(2) 
PARAMETRIC_REPRESENTATION_CONTEXT() REPRESENTATION_CONTEXT('2D SPACE',''
  ) );
#5857 = FACE_BOUND('',#5858,.T.);
#5858 = EDGE_LOOP('',(#5859));
#5859 = ORIENTED_EDGE('',*,*,#5860,.F.);
#5860 = EDGE_CURVE('',#5861,#5861,#5863,.T.);
#5861 = VERTEX_POINT('',#5862);
#5862 = CARTESIAN_POINT('',(-40.,33.,189.75));
#5863 = SURFACE_CURVE('',#5864,(#5869,#5876),.PCURVE_S1.);
#5864 = CIRCLE('',#5865,8.);
#5865 = AXIS2_PLACEMENT_3D('',#5866,#5867,#5868);
#5866 = CARTESIAN_POINT('',(-48.,33.,189.75));
#5867 = DIRECTION('',(0.,0.,1.));
#5868 = DIRECTION('',(1.,0.,-0.));
#5869 = PCURVE('',#5659,#5870);
#5870 = DEFINITIONAL_REPRESENTATION('',(#5871),#5875);
#5871 = CIRCLE('',#5872,8.);
#5872 = AXIS2_PLACEMENT_2D('',#5873,#5874);
#5873 = CARTESIAN_POINT('',(12.,78.));
#5874 = DIRECTION('',(1.,0.));
#5875 = ( GEOMETRIC_REPRESENTATION_CONTEXT(2) 
PARAMETRIC_REPRESENTATION_CONTEXT() REPRESENTATION_CONTEXT('2D SPACE',''
  ) );
#5876 = PCURVE('',#5877,#5882);
#5877 = CYLINDRICAL_SURFACE('',#5878,8.);
#5878 = AXIS2_PLACEMENT_3D('',#5879,#5880,#5881);
#5879 = CARTESIAN_POINT('',(-48.,33.,189.75));
#5880 = DIRECTION('',(0.,0.,1.));
#5881 = DIRECTION('',(1.,0.,-0.));
#5882 = DEFINITIONAL_REPRESENTATION('',(#5883),#5887);
#5883 = LINE('',#5884,#5885);
#5884 = CARTESIAN_POINT('',(0.,0.));
#5885 = VECTOR('',#5886,1.);
#5886 = DIRECTION('',(1.,0.));
#5887 = ( GEOMETRIC_REPRESENTATION_CONTEXT(2) 
PARAMETRIC_REPRESENTATION_CONTEXT() REPRESENTATION_CONTEXT('2D SPACE',''
  ) );
#5888 = FACE_BOUND('',#5889,.T.);
#5889 = EDGE_LOOP('',(#5890));
#5890 = ORIENTED_EDGE('',*,*,#5891,.F.);
#5891 = EDGE_CURVE('',#5892,#5892,#5894,.T.);
#5892 = VERTEX_POINT('',#5893);
#5893 = CARTESIAN_POINT('',(3.,-7.347880794884E-16,189.75));
#5894 = SURFACE_CURVE('',#5895,(#5900,#5907),.PCURVE_S1.);
#5895 = CIRCLE('',#5896,3.);
#5896 = AXIS2_PLACEMENT_3D('',#5897,#5898,#5899);
#5897 = CARTESIAN_POINT('',(0.,0.,189.75));
#5898 = DIRECTION('',(0.,0.,1.));
#5899 = DIRECTION('',(1.,0.,-0.));
#5900 = PCURVE('',#5659,#5901);
#5901 = DEFINITIONAL_REPRESENTATION('',(#5902),#5906);
#5902 = CIRCLE('',#5903,3.);
#5903 = AXIS2_PLACEMENT_2D('',#5904,#5905);
#5904 = CARTESIAN_POINT('',(60.,45.));
#5905 = DIRECTION('',(1.,0.));
#5906 = ( GEOMETRIC_REPRESENTATION_CONTEXT(2) 
PARAMETRIC_REPRESENTATION_CONTEXT() REPRESENTATION_CONTEXT('2D SPACE',''
  ) );
#5907 = PCURVE('',#5908,#5913);
#5908 = CYLINDRICAL_SURFACE('',#5909,3.);
#5909 = AXIS2_PLACEMENT_3D('',#5910,#5911,#5912);
#5910 = CARTESIAN_POINT('',(0.,0.,145.));
#5911 = DIRECTION('',(0.,0.,1.));
#5912 = DIRECTION('',(1.,0.,-0.));
#5913 = DEFINITIONAL_REPRESENTATION('',(#5914),#5918);
#5914 = LINE('',#5915,#5916);
#5915 = CARTESIAN_POINT('',(0.,44.75));
#5916 = VECTOR('',#5917,1.);
#5917 = DIRECTION('',(1.,0.));
#5918 = ( GEOMETRIC_REPRESENTATION_CONTEXT(2) 
PARAMETRIC_REPRESENTATION_CONTEXT() REPRESENTATION_CONTEXT('2D SPACE',''
  ) );
#5919 = FACE_BOUND('',#5920,.T.);
#5920 = EDGE_LOOP('',(#5921));
#5921 = ORIENTED_EDGE('',*,*,#5922,.F.);
#5922 = EDGE_CURVE('',#5923,#5923,#5925,.T.);
#5923 = VERTEX_POINT('',#5924);
#5924 = CARTESIAN_POINT('',(56.,33.,189.75));
#5925 = SURFACE_CURVE('',#5926,(#5931,#5938),.PCURVE_S1.);
#5926 = CIRCLE('',#5927,8.);
#5927 = AXIS2_PLACEMENT_3D('',#5928,#5929,#5930);
#5928 = CARTESIAN_POINT('',(48.,33.,189.75));
#5929 = DIRECTION('',(0.,0.,1.));
#5930 = DIRECTION('',(1.,0.,-0.));
#5931 = PCURVE('',#5659,#5932);
#5932 = DEFINITIONAL_REPRESENTATION('',(#5933),#5937);
#5933 = CIRCLE('',#5934,8.);
#5934 = AXIS2_PLACEMENT_2D('',#5935,#5936);
#5935 = CARTESIAN_POINT('',(108.,78.));
#5936 = DIRECTION('',(1.,0.));
#5937 = ( GEOMETRIC_REPRESENTATION_CONTEXT(2) 
PARAMETRIC_REPRESENTATION_CONTEXT() REPRESENTATION_CONTEXT('2D SPACE',''
  ) );
#5938 = PCURVE('',#5939,#5944);
#5939 = CYLINDRICAL_SURFACE('',#5940,8.);
#5940 = AXIS2_PLACEMENT_3D('',#5941,#5942,#5943);
#5941 = CARTESIAN_POINT('',(48.,33.,189.75));
#5942 = DIRECTION('',(0.,0.,1.));
#5943 = DIRECTION('',(1.,0.,-0.));
#5944 = DEFINITIONAL_REPRESENTATION('',(#5945),#5949);
#5945 = LINE('',#5946,#5947);
#5946 = CARTESIAN_POINT('',(0.,0.));
#5947 = VECTOR('',#5948,1.);
#5948 = DIRECTION('',(1.,0.));
#5949 = ( GEOMETRIC_REPRESENTATION_CONTEXT(2) 
PARAMETRIC_REPRESENTATION_CONTEXT() REPRESENTATION_CONTEXT('2D SPACE',''
  ) );
#5950 = ADVANCED_FACE('',(#5951),#5633,.T.);
#5951 = FACE_BOUND('',#5952,.T.);
#5952 = EDGE_LOOP('',(#5953,#5976,#5977,#5978));
#5953 = ORIENTED_EDGE('',*,*,#5954,.F.);
#5954 = EDGE_CURVE('',#5590,#5955,#5957,.T.);
#5955 = VERTEX_POINT('',#5956);
#5956 = CARTESIAN_POINT('',(60.,45.,145.25));
#5957 = SURFACE_CURVE('',#5958,(#5962,#5969),.PCURVE_S1.);
#5958 = LINE('',#5959,#5960);
#5959 = CARTESIAN_POINT('',(-60.,45.,145.25));
#5960 = VECTOR('',#5961,1.);
#5961 = DIRECTION('',(1.,0.,-0.));
#5962 = PCURVE('',#5633,#5963);
#5963 = DEFINITIONAL_REPRESENTATION('',(#5964),#5968);
#5964 = LINE('',#5965,#5966);
#5965 = CARTESIAN_POINT('',(0.,0.));
#5966 = VECTOR('',#5967,1.);
#5967 = DIRECTION('',(0.,1.));
#5968 = ( GEOMETRIC_REPRESENTATION_CONTEXT(2) 
PARAMETRIC_REPRESENTATION_CONTEXT() REPRESENTATION_CONTEXT('2D SPACE',''
  ) );
#5969 = PCURVE('',#5605,#5970);
#5970 = DEFINITIONAL_REPRESENTATION('',(#5971),#5975);
#5971 = LINE('',#5972,#5973);
#5972 = CARTESIAN_POINT('',(0.,90.));
#5973 = VECTOR('',#5974,1.);
#5974 = DIRECTION('',(1.,0.));
#5975 = ( GEOMETRIC_REPRESENTATION_CONTEXT(2) 
PARAMETRIC_REPRESENTATION_CONTEXT() REPRESENTATION_CONTEXT('2D SPACE',''
  ) );
#5976 = ORIENTED_EDGE('',*,*,#5617,.T.);
#5977 = ORIENTED_EDGE('',*,*,#5775,.T.);
#5978 = ORIENTED_EDGE('',*,*,#5979,.F.);
#5979 = EDGE_CURVE('',#5955,#5753,#5980,.T.);
#5980 = SURFACE_CURVE('',#5981,(#5985,#5992),.PCURVE_S1.);
#5981 = LINE('',#5982,#5983);
#5982 = CARTESIAN_POINT('',(60.,45.,145.25));
#5983 = VECTOR('',#5984,1.);
#5984 = DIRECTION('',(0.,0.,1.));
#5985 = PCURVE('',#5633,#5986);
#5986 = DEFINITIONAL_REPRESENTATION('',(#5987),#5991);
#5987 = LINE('',#5988,#5989);
#5988 = CARTESIAN_POINT('',(0.,120.));
#5989 = VECTOR('',#5990,1.);
#5990 = DIRECTION('',(1.,0.));
#5991 = ( GEOMETRIC_REPRESENTATION_CONTEXT(2) 
PARAMETRIC_REPRESENTATION_CONTEXT() REPRESENTATION_CONTEXT('2D SPACE',''
  ) );
#5992 = PCURVE('',#5735,#5993);
#5993 = DEFINITIONAL_REPRESENTATION('',(#5994),#5998);
#5994 = LINE('',#5995,#5996);
#5995 = CARTESIAN_POINT('',(0.,-90.));
#5996 = VECTOR('',#5997,1.);
#5997 = DIRECTION('',(1.,0.));
#5998 = ( GEOMETRIC_REPRESENTATION_CONTEXT(2) 
PARAMETRIC_REPRESENTATION_CONTEXT() REPRESENTATION_CONTEXT('2D SPACE',''
  ) );
#5999 = ADVANCED_FACE('',(#6000,#6026),#5605,.F.);
#6000 = FACE_BOUND('',#6001,.F.);
#6001 = EDGE_LOOP('',(#6002,#6003,#6004,#6025));
#6002 = ORIENTED_EDGE('',*,*,#5589,.F.);
#6003 = ORIENTED_EDGE('',*,*,#5674,.T.);
#6004 = ORIENTED_EDGE('',*,*,#6005,.T.);
#6005 = EDGE_CURVE('',#5675,#5955,#6006,.T.);
#6006 = SURFACE_CURVE('',#6007,(#6011,#6018),.PCURVE_S1.);
#6007 = LINE('',#6008,#6009);
#6008 = CARTESIAN_POINT('',(60.,-45.,145.25));
#6009 = VECTOR('',#6010,1.);
#6010 = DIRECTION('',(-0.,1.,0.));
#6011 = PCURVE('',#5605,#6012);
#6012 = DEFINITIONAL_REPRESENTATION('',(#6013),#6017);
#6013 = LINE('',#6014,#6015);
#6014 = CARTESIAN_POINT('',(120.,0.));
#6015 = VECTOR('',#6016,1.);
#6016 = DIRECTION('',(0.,1.));
#6017 = ( GEOMETRIC_REPRESENTATION_CONTEXT(2) 
PARAMETRIC_REPRESENTATION_CONTEXT() REPRESENTATION_CONTEXT('2D SPACE',''
  ) );
#6018 = PCURVE('',#5735,#6019);
#6019 = DEFINITIONAL_REPRESENTATION('',(#6020),#6024);
#6020 = LINE('',#6021,#6022);
#6021 = CARTESIAN_POINT('',(0.,0.));
#6022 = VECTOR('',#6023,1.);
#6023 = DIRECTION('',(0.,-1.));
#6024 = ( GEOMETRIC_REPRESENTATION_CONTEXT(2) 
PARAMETRIC_REPRESENTATION_CONTEXT() REPRESENTATION_CONTEXT('2D SPACE',''
  ) );
#6025 = ORIENTED_EDGE('',*,*,#5954,.F.);
#6026 = FACE_BOUND('',#6027,.F.);
#6027 = EDGE_LOOP('',(#6028));
#6028 = ORIENTED_EDGE('',*,*,#6029,.F.);
#6029 = EDGE_CURVE('',#6030,#6030,#6032,.T.);
#6030 = VERTEX_POINT('',#6031);
#6031 = CARTESIAN_POINT('',(3.,-7.347880794884E-16,145.25));
#6032 = SURFACE_CURVE('',#6033,(#6038,#6045),.PCURVE_S1.);
#6033 = CIRCLE('',#6034,3.);
#6034 = AXIS2_PLACEMENT_3D('',#6035,#6036,#6037);
#6035 = CARTESIAN_POINT('',(0.,0.,145.25));
#6036 = DIRECTION('',(0.,0.,1.));
#6037 = DIRECTION('',(1.,0.,-0.));
#6038 = PCURVE('',#5605,#6039);
#6039 = DEFINITIONAL_REPRESENTATION('',(#6040),#6044);
#6040 = CIRCLE('',#6041,3.);
#6041 = AXIS2_PLACEMENT_2D('',#6042,#6043);
#6042 = CARTESIAN_POINT('',(60.,45.));
#6043 = DIRECTION('',(1.,0.));
#6044 = ( GEOMETRIC_REPRESENTATION_CONTEXT(2) 
PARAMETRIC_REPRESENTATION_CONTEXT() REPRESENTATION_CONTEXT('2D SPACE',''
  ) );
#6045 = PCURVE('',#5908,#6046);
#6046 = DEFINITIONAL_REPRESENTATION('',(#6047),#6051);
#6047 = LINE('',#6048,#6049);
#6048 = CARTESIAN_POINT('',(0.,0.25));
#6049 = VECTOR('',#6050,1.);
#6050 = DIRECTION('',(1.,0.));
#6051 = ( GEOMETRIC_REPRESENTATION_CONTEXT(2) 
PARAMETRIC_REPRESENTATION_CONTEXT() REPRESENTATION_CONTEXT('2D SPACE',''
  ) );
#6052 = ADVANCED_FACE('',(#6053),#5735,.T.);
#6053 = FACE_BOUND('',#6054,.T.);
#6054 = EDGE_LOOP('',(#6055,#6056,#6057,#6058));
#6055 = ORIENTED_EDGE('',*,*,#5721,.F.);
#6056 = ORIENTED_EDGE('',*,*,#6005,.T.);
#6057 = ORIENTED_EDGE('',*,*,#5979,.T.);
#6058 = ORIENTED_EDGE('',*,*,#5752,.F.);
#6059 = ADVANCED_FACE('',(#6060),#5815,.T.);
#6060 = FACE_BOUND('',#6061,.T.);
#6061 = EDGE_LOOP('',(#6062,#6091,#6112,#6113));
#6062 = ORIENTED_EDGE('',*,*,#6063,.F.);
#6063 = EDGE_CURVE('',#6064,#6064,#6066,.T.);
#6064 = VERTEX_POINT('',#6065);
#6065 = CARTESIAN_POINT('',(-40.,-33.,197.));
#6066 = SURFACE_CURVE('',#6067,(#6072,#6079),.PCURVE_S1.);
#6067 = CIRCLE('',#6068,8.);
#6068 = AXIS2_PLACEMENT_3D('',#6069,#6070,#6071);
#6069 = CARTESIAN_POINT('',(-48.,-33.,197.));
#6070 = DIRECTION('',(0.,0.,1.));
#6071 = DIRECTION('',(1.,0.,-0.));
#6072 = PCURVE('',#5815,#6073);
#6073 = DEFINITIONAL_REPRESENTATION('',(#6074),#6078);
#6074 = LINE('',#6075,#6076);
#6075 = CARTESIAN_POINT('',(0.,7.25));
#6076 = VECTOR('',#6077,1.);
#6077 = DIRECTION('',(1.,0.));
#6078 = ( GEOMETRIC_REPRESENTATION_CONTEXT(2) 
PARAMETRIC_REPRESENTATION_CONTEXT() REPRESENTATION_CONTEXT('2D SPACE',''
  ) );
#6079 = PCURVE('',#6080,#6085);
#6080 = PLANE('',#6081);
#6081 = AXIS2_PLACEMENT_3D('',#6082,#6083,#6084);
#6082 = CARTESIAN_POINT('',(-48.,-33.,197.));
#6083 = DIRECTION('',(0.,0.,1.));
#6084 = DIRECTION('',(1.,0.,-0.));
#6085 = DEFINITIONAL_REPRESENTATION('',(#6086),#6090);
#6086 = CIRCLE('',#6087,8.);
#6087 = AXIS2_PLACEMENT_2D('',#6088,#6089);
#6088 = CARTESIAN_POINT('',(0.,0.));
#6089 = DIRECTION('',(1.,0.));
#6090 = ( GEOMETRIC_REPRESENTATION_CONTEXT(2) 
PARAMETRIC_REPRESENTATION_CONTEXT() REPRESENTATION_CONTEXT('2D SPACE',''
  ) );
#6091 = ORIENTED_EDGE('',*,*,#6092,.F.);
#6092 = EDGE_CURVE('',#5799,#6064,#6093,.T.);
#6093 = SEAM_CURVE('',#6094,(#6098,#6105),.PCURVE_S1.);
#6094 = LINE('',#6095,#6096);
#6095 = CARTESIAN_POINT('',(-40.,-33.,189.75));
#6096 = VECTOR('',#6097,1.);
#6097 = DIRECTION('',(0.,0.,1.));
#6098 = PCURVE('',#5815,#6099);
#6099 = DEFINITIONAL_REPRESENTATION('',(#6100),#6104);
#6100 = LINE('',#6101,#6102);
#6101 = CARTESIAN_POINT('',(6.28318530718,-0.));
#6102 = VECTOR('',#6103,1.);
#6103 = DIRECTION('',(0.,1.));
#6104 = ( GEOMETRIC_REPRESENTATION_CONTEXT(2) 
PARAMETRIC_REPRESENTATION_CONTEXT() REPRESENTATION_CONTEXT('2D SPACE',''
  ) );
#6105 = PCURVE('',#5815,#6106);
#6106 = DEFINITIONAL_REPRESENTATION('',(#6107),#6111);
#6107 = LINE('',#6108,#6109);
#6108 = CARTESIAN_POINT('',(0.,-0.));
#6109 = VECTOR('',#6110,1.);
#6110 = DIRECTION('',(0.,1.));
#6111 = ( GEOMETRIC_REPRESENTATION_CONTEXT(2) 
PARAMETRIC_REPRESENTATION_CONTEXT() REPRESENTATION_CONTEXT('2D SPACE',''
  ) );
#6112 = ORIENTED_EDGE('',*,*,#5798,.T.);
#6113 = ORIENTED_EDGE('',*,*,#6092,.T.);
#6114 = ADVANCED_FACE('',(#6115),#5846,.T.);
#6115 = FACE_BOUND('',#6116,.T.);
#6116 = EDGE_LOOP('',(#6117,#6146,#6167,#6168));
#6117 = ORIENTED_EDGE('',*,*,#6118,.F.);
#6118 = EDGE_CURVE('',#6119,#6119,#6121,.T.);
#6119 = VERTEX_POINT('',#6120);
#6120 = CARTESIAN_POINT('',(56.,-33.,197.));
#6121 = SURFACE_CURVE('',#6122,(#6127,#6134),.PCURVE_S1.);
#6122 = CIRCLE('',#6123,8.);
#6123 = AXIS2_PLACEMENT_3D('',#6124,#6125,#6126);
#6124 = CARTESIAN_POINT('',(48.,-33.,197.));
#6125 = DIRECTION('',(0.,0.,1.));
#6126 = DIRECTION('',(1.,0.,-0.));
#6127 = PCURVE('',#5846,#6128);
#6128 = DEFINITIONAL_REPRESENTATION('',(#6129),#6133);
#6129 = LINE('',#6130,#6131);
#6130 = CARTESIAN_POINT('',(0.,7.25));
#6131 = VECTOR('',#6132,1.);
#6132 = DIRECTION('',(1.,0.));
#6133 = ( GEOMETRIC_REPRESENTATION_CONTEXT(2) 
PARAMETRIC_REPRESENTATION_CONTEXT() REPRESENTATION_CONTEXT('2D SPACE',''
  ) );
#6134 = PCURVE('',#6135,#6140);
#6135 = PLANE('',#6136);
#6136 = AXIS2_PLACEMENT_3D('',#6137,#6138,#6139);
#6137 = CARTESIAN_POINT('',(48.,-33.,197.));
#6138 = DIRECTION('',(0.,0.,1.));
#6139 = DIRECTION('',(1.,0.,-0.));
#6140 = DEFINITIONAL_REPRESENTATION('',(#6141),#6145);
#6141 = CIRCLE('',#6142,8.);
#6142 = AXIS2_PLACEMENT_2D('',#6143,#6144);
#6143 = CARTESIAN_POINT('',(0.,0.));
#6144 = DIRECTION('',(1.,0.));
#6145 = ( GEOMETRIC_REPRESENTATION_CONTEXT(2) 
PARAMETRIC_REPRESENTATION_CONTEXT() REPRESENTATION_CONTEXT('2D SPACE',''
  ) );
#6146 = ORIENTED_EDGE('',*,*,#6147,.F.);
#6147 = EDGE_CURVE('',#5830,#6119,#6148,.T.);
#6148 = SEAM_CURVE('',#6149,(#6153,#6160),.PCURVE_S1.);
#6149 = LINE('',#6150,#6151);
#6150 = CARTESIAN_POINT('',(56.,-33.,189.75));
#6151 = VECTOR('',#6152,1.);
#6152 = DIRECTION('',(0.,0.,1.));
#6153 = PCURVE('',#5846,#6154);
#6154 = DEFINITIONAL_REPRESENTATION('',(#6155),#6159);
#6155 = LINE('',#6156,#6157);
#6156 = CARTESIAN_POINT('',(6.28318530718,-0.));
#6157 = VECTOR('',#6158,1.);
#6158 = DIRECTION('',(0.,1.));
#6159 = ( GEOMETRIC_REPRESENTATION_CONTEXT(2) 
PARAMETRIC_REPRESENTATION_CONTEXT() REPRESENTATION_CONTEXT('2D SPACE',''
  ) );
#6160 = PCURVE('',#5846,#6161);
#6161 = DEFINITIONAL_REPRESENTATION('',(#6162),#6166);
#6162 = LINE('',#6163,#6164);
#6163 = CARTESIAN_POINT('',(0.,-0.));
#6164 = VECTOR('',#6165,1.);
#6165 = DIRECTION('',(0.,1.));
#6166 = ( GEOMETRIC_REPRESENTATION_CONTEXT(2) 
PARAMETRIC_REPRESENTATION_CONTEXT() REPRESENTATION_CONTEXT('2D SPACE',''
  ) );
#6167 = ORIENTED_EDGE('',*,*,#5829,.T.);
#6168 = ORIENTED_EDGE('',*,*,#6147,.T.);
#6169 = ADVANCED_FACE('',(#6170),#5877,.T.);
#6170 = FACE_BOUND('',#6171,.T.);
#6171 = EDGE_LOOP('',(#6172,#6201,#6222,#6223));
#6172 = ORIENTED_EDGE('',*,*,#6173,.F.);
#6173 = EDGE_CURVE('',#6174,#6174,#6176,.T.);
#6174 = VERTEX_POINT('',#6175);
#6175 = CARTESIAN_POINT('',(-40.,33.,197.));
#6176 = SURFACE_CURVE('',#6177,(#6182,#6189),.PCURVE_S1.);
#6177 = CIRCLE('',#6178,8.);
#6178 = AXIS2_PLACEMENT_3D('',#6179,#6180,#6181);
#6179 = CARTESIAN_POINT('',(-48.,33.,197.));
#6180 = DIRECTION('',(0.,0.,1.));
#6181 = DIRECTION('',(1.,0.,-0.));
#6182 = PCURVE('',#5877,#6183);
#6183 = DEFINITIONAL_REPRESENTATION('',(#6184),#6188);
#6184 = LINE('',#6185,#6186);
#6185 = CARTESIAN_POINT('',(0.,7.25));
#6186 = VECTOR('',#6187,1.);
#6187 = DIRECTION('',(1.,0.));
#6188 = ( GEOMETRIC_REPRESENTATION_CONTEXT(2) 
PARAMETRIC_REPRESENTATION_CONTEXT() REPRESENTATION_CONTEXT('2D SPACE',''
  ) );
#6189 = PCURVE('',#6190,#6195);
#6190 = PLANE('',#6191);
#6191 = AXIS2_PLACEMENT_3D('',#6192,#6193,#6194);
#6192 = CARTESIAN_POINT('',(-48.,33.,197.));
#6193 = DIRECTION('',(0.,0.,1.));
#6194 = DIRECTION('',(1.,0.,-0.));
#6195 = DEFINITIONAL_REPRESENTATION('',(#6196),#6200);
#6196 = CIRCLE('',#6197,8.);
#6197 = AXIS2_PLACEMENT_2D('',#6198,#6199);
#6198 = CARTESIAN_POINT('',(0.,0.));
#6199 = DIRECTION('',(1.,0.));
#6200 = ( GEOMETRIC_REPRESENTATION_CONTEXT(2) 
PARAMETRIC_REPRESENTATION_CONTEXT() REPRESENTATION_CONTEXT('2D SPACE',''
  ) );
#6201 = ORIENTED_EDGE('',*,*,#6202,.F.);
#6202 = EDGE_CURVE('',#5861,#6174,#6203,.T.);
#6203 = SEAM_CURVE('',#6204,(#6208,#6215),.PCURVE_S1.);
#6204 = LINE('',#6205,#6206);
#6205 = CARTESIAN_POINT('',(-40.,33.,189.75));
#6206 = VECTOR('',#6207,1.);
#6207 = DIRECTION('',(0.,0.,1.));
#6208 = PCURVE('',#5877,#6209);
#6209 = DEFINITIONAL_REPRESENTATION('',(#6210),#6214);
#6210 = LINE('',#6211,#6212);
#6211 = CARTESIAN_POINT('',(6.28318530718,-0.));
#6212 = VECTOR('',#6213,1.);
#6213 = DIRECTION('',(0.,1.));
#6214 = ( GEOMETRIC_REPRESENTATION_CONTEXT(2) 
PARAMETRIC_REPRESENTATION_CONTEXT() REPRESENTATION_CONTEXT('2D SPACE',''
  ) );
#6215 = PCURVE('',#5877,#6216);
#6216 = DEFINITIONAL_REPRESENTATION('',(#6217),#6221);
#6217 = LINE('',#6218,#6219);
#6218 = CARTESIAN_POINT('',(0.,-0.));
#6219 = VECTOR('',#6220,1.);
#6220 = DIRECTION('',(0.,1.));
#6221 = ( GEOMETRIC_REPRESENTATION_CONTEXT(2) 
PARAMETRIC_REPRESENTATION_CONTEXT() REPRESENTATION_CONTEXT('2D SPACE',''
  ) );
#6222 = ORIENTED_EDGE('',*,*,#5860,.T.);
#6223 = ORIENTED_EDGE('',*,*,#6202,.T.);
#6224 = ADVANCED_FACE('',(#6225),#5908,.F.);
#6225 = FACE_BOUND('',#6226,.F.);
#6226 = EDGE_LOOP('',(#6227,#6228,#6249,#6250));
#6227 = ORIENTED_EDGE('',*,*,#5891,.F.);
#6228 = ORIENTED_EDGE('',*,*,#6229,.F.);
#6229 = EDGE_CURVE('',#6030,#5892,#6230,.T.);
#6230 = SEAM_CURVE('',#6231,(#6235,#6242),.PCURVE_S1.);
#6231 = LINE('',#6232,#6233);
#6232 = CARTESIAN_POINT('',(3.,-7.347880794884E-16,145.));
#6233 = VECTOR('',#6234,1.);
#6234 = DIRECTION('',(0.,0.,1.));
#6235 = PCURVE('',#5908,#6236);
#6236 = DEFINITIONAL_REPRESENTATION('',(#6237),#6241);
#6237 = LINE('',#6238,#6239);
#6238 = CARTESIAN_POINT('',(6.28318530718,-0.));
#6239 = VECTOR('',#6240,1.);
#6240 = DIRECTION('',(0.,1.));
#6241 = ( GEOMETRIC_REPRESENTATION_CONTEXT(2) 
PARAMETRIC_REPRESENTATION_CONTEXT() REPRESENTATION_CONTEXT('2D SPACE',''
  ) );
#6242 = PCURVE('',#5908,#6243);
#6243 = DEFINITIONAL_REPRESENTATION('',(#6244),#6248);
#6244 = LINE('',#6245,#6246);
#6245 = CARTESIAN_POINT('',(0.,-0.));
#6246 = VECTOR('',#6247,1.);
#6247 = DIRECTION('',(0.,1.));
#6248 = ( GEOMETRIC_REPRESENTATION_CONTEXT(2) 
PARAMETRIC_REPRESENTATION_CONTEXT() REPRESENTATION_CONTEXT('2D SPACE',''
  ) );
#6249 = ORIENTED_EDGE('',*,*,#6029,.T.);
#6250 = ORIENTED_EDGE('',*,*,#6229,.T.);
#6251 = ADVANCED_FACE('',(#6252),#5939,.T.);
#6252 = FACE_BOUND('',#6253,.T.);
#6253 = EDGE_LOOP('',(#6254,#6283,#6304,#6305));
#6254 = ORIENTED_EDGE('',*,*,#6255,.F.);
#6255 = EDGE_CURVE('',#6256,#6256,#6258,.T.);
#6256 = VERTEX_POINT('',#6257);
#6257 = CARTESIAN_POINT('',(56.,33.,197.));
#6258 = SURFACE_CURVE('',#6259,(#6264,#6271),.PCURVE_S1.);
#6259 = CIRCLE('',#6260,8.);
#6260 = AXIS2_PLACEMENT_3D('',#6261,#6262,#6263);
#6261 = CARTESIAN_POINT('',(48.,33.,197.));
#6262 = DIRECTION('',(0.,0.,1.));
#6263 = DIRECTION('',(1.,0.,-0.));
#6264 = PCURVE('',#5939,#6265);
#6265 = DEFINITIONAL_REPRESENTATION('',(#6266),#6270);
#6266 = LINE('',#6267,#6268);
#6267 = CARTESIAN_POINT('',(0.,7.25));
#6268 = VECTOR('',#6269,1.);
#6269 = DIRECTION('',(1.,0.));
#6270 = ( GEOMETRIC_REPRESENTATION_CONTEXT(2) 
PARAMETRIC_REPRESENTATION_CONTEXT() REPRESENTATION_CONTEXT('2D SPACE',''
  ) );
#6271 = PCURVE('',#6272,#6277);
#6272 = PLANE('',#6273);
#6273 = AXIS2_PLACEMENT_3D('',#6274,#6275,#6276);
#6274 = CARTESIAN_POINT('',(48.,33.,197.));
#6275 = DIRECTION('',(0.,0.,1.));
#6276 = DIRECTION('',(1.,0.,-0.));
#6277 = DEFINITIONAL_REPRESENTATION('',(#6278),#6282);
#6278 = CIRCLE('',#6279,8.);
#6279 = AXIS2_PLACEMENT_2D('',#6280,#6281);
#6280 = CARTESIAN_POINT('',(0.,0.));
#6281 = DIRECTION('',(1.,0.));
#6282 = ( GEOMETRIC_REPRESENTATION_CONTEXT(2) 
PARAMETRIC_REPRESENTATION_CONTEXT() REPRESENTATION_CONTEXT('2D SPACE',''
  ) );
#6283 = ORIENTED_EDGE('',*,*,#6284,.F.);
#6284 = EDGE_CURVE('',#5923,#6256,#6285,.T.);
#6285 = SEAM_CURVE('',#6286,(#6290,#6297),.PCURVE_S1.);
#6286 = LINE('',#6287,#6288);
#6287 = CARTESIAN_POINT('',(56.,33.,189.75));
#6288 = VECTOR('',#6289,1.);
#6289 = DIRECTION('',(0.,0.,1.));
#6290 = PCURVE('',#5939,#6291);
#6291 = DEFINITIONAL_REPRESENTATION('',(#6292),#6296);
#6292 = LINE('',#6293,#6294);
#6293 = CARTESIAN_POINT('',(6.28318530718,-0.));
#6294 = VECTOR('',#6295,1.);
#6295 = DIRECTION('',(0.,1.));
#6296 = ( GEOMETRIC_REPRESENTATION_CONTEXT(2) 
PARAMETRIC_REPRESENTATION_CONTEXT() REPRESENTATION_CONTEXT('2D SPACE',''
  ) );
#6297 = PCURVE('',#5939,#6298);
#6298 = DEFINITIONAL_REPRESENTATION('',(#6299),#6303);
#6299 = LINE('',#6300,#6301);
#6300 = CARTESIAN_POINT('',(0.,-0.));
#6301 = VECTOR('',#6302,1.);
#6302 = DIRECTION('',(0.,1.));
#6303 = ( GEOMETRIC_REPRESENTATION_CONTEXT(2) 
PARAMETRIC_REPRESENTATION_CONTEXT() REPRESENTATION_CONTEXT('2D SPACE',''
  ) );
#6304 = ORIENTED_EDGE('',*,*,#5922,.T.);
#6305 = ORIENTED_EDGE('',*,*,#6284,.T.);
#6306 = ADVANCED_FACE('',(#6307),#6080,.T.);
#6307 = FACE_BOUND('',#6308,.T.);
#6308 = EDGE_LOOP('',(#6309));
#6309 = ORIENTED_EDGE('',*,*,#6063,.T.);
#6310 = ADVANCED_FACE('',(#6311),#6135,.T.);
#6311 = FACE_BOUND('',#6312,.T.);
#6312 = EDGE_LOOP('',(#6313));
#6313 = ORIENTED_EDGE('',*,*,#6118,.T.);
#6314 = ADVANCED_FACE('',(#6315),#6190,.T.);
#6315 = FACE_BOUND('',#6316,.T.);
#6316 = EDGE_LOOP('',(#6317));
#6317 = ORIENTED_EDGE('',*,*,#6173,.T.);
#6318 = ADVANCED_FACE('',(#6319),#6272,.T.);
#6319 = FACE_BOUND('',#6320,.T.);
#6320 = EDGE_LOOP('',(#6321));
#6321 = ORIENTED_EDGE('',*,*,#6255,.T.);
#6322 = MANIFOLD_SOLID_BREP('',#6323);
#6323 = CLOSED_SHELL('',(#6324,#6444,#6520,#6675,#6724,#6751,#6758,#6834
    ,#6883,#6932,#6959));
#6324 = ADVANCED_FACE('',(#6325),#6339,.F.);
#6325 = FACE_BOUND('',#6326,.F.);
#6326 = EDGE_LOOP('',(#6327,#6362,#6390,#6418));
#6327 = ORIENTED_EDGE('',*,*,#6328,.F.);
#6328 = EDGE_CURVE('',#6329,#6331,#6333,.T.);
#6329 = VERTEX_POINT('',#6330);
#6330 = CARTESIAN_POINT('',(-60.,-45.,100.25));
#6331 = VERTEX_POINT('',#6332);
#6332 = CARTESIAN_POINT('',(-60.,-45.,144.75));
#6333 = SURFACE_CURVE('',#6334,(#6338,#6350),.PCURVE_S1.);
#6334 = LINE('',#6335,#6336);
#6335 = CARTESIAN_POINT('',(-60.,-45.,100.25));
#6336 = VECTOR('',#6337,1.);
#6337 = DIRECTION('',(0.,0.,1.));
#6338 = PCURVE('',#6339,#6344);
#6339 = PLANE('',#6340);
#6340 = AXIS2_PLACEMENT_3D('',#6341,#6342,#6343);
#6341 = CARTESIAN_POINT('',(-60.,-45.,100.25));
#6342 = DIRECTION('',(1.,0.,-0.));
#6343 = DIRECTION('',(0.,0.,1.));
#6344 = DEFINITIONAL_REPRESENTATION('',(#6345),#6349);
#6345 = LINE('',#6346,#6347);
#6346 = CARTESIAN_POINT('',(0.,0.));
#6347 = VECTOR('',#6348,1.);
#6348 = DIRECTION('',(1.,0.));
#6349 = ( GEOMETRIC_REPRESENTATION_CONTEXT(2) 
PARAMETRIC_REPRESENTATION_CONTEXT() REPRESENTATION_CONTEXT('2D SPACE',''
  ) );
#6350 = PCURVE('',#6351,#6356);
#6351 = PLANE('',#6352);
#6352 = AXIS2_PLACEMENT_3D('',#6353,#6354,#6355);
#6353 = CARTESIAN_POINT('',(-60.,-45.,100.25));
#6354 = DIRECTION('',(-0.,1.,0.));
#6355 = DIRECTION('',(0.,0.,1.));
#6356 = DEFINITIONAL_REPRESENTATION('',(#6357),#6361);
#6357 = LINE('',#6358,#6359);
#6358 = CARTESIAN_POINT('',(0.,0.));
#6359 = VECTOR('',#6360,1.);
#6360 = DIRECTION('',(1.,0.));
#6361 = ( GEOMETRIC_REPRESENTATION_CONTEXT(2) 
PARAMETRIC_REPRESENTATION_CONTEXT() REPRESENTATION_CONTEXT('2D SPACE',''
  ) );
#6362 = ORIENTED_EDGE('',*,*,#6363,.T.);
#6363 = EDGE_CURVE('',#6329,#6364,#6366,.T.);
#6364 = VERTEX_POINT('',#6365);
#6365 = CARTESIAN_POINT('',(-60.,45.,100.25));
#6366 = SURFACE_CURVE('',#6367,(#6371,#6378),.PCURVE_S1.);
#6367 = LINE('',#6368,#6369);
#6368 = CARTESIAN_POINT('',(-60.,-45.,100.25));
#6369 = VECTOR('',#6370,1.);
#6370 = DIRECTION('',(-0.,1.,0.));
#6371 = PCURVE('',#6339,#6372);
#6372 = DEFINITIONAL_REPRESENTATION('',(#6373),#6377);
#6373 = LINE('',#6374,#6375);
#6374 = CARTESIAN_POINT('',(0.,0.));
#6375 = VECTOR('',#6376,1.);
#6376 = DIRECTION('',(0.,-1.));
#6377 = ( GEOMETRIC_REPRESENTATION_CONTEXT(2) 
PARAMETRIC_REPRESENTATION_CONTEXT() REPRESENTATION_CONTEXT('2D SPACE',''
  ) );
#6378 = PCURVE('',#6379,#6384);
#6379 = PLANE('',#6380);
#6380 = AXIS2_PLACEMENT_3D('',#6381,#6382,#6383);
#6381 = CARTESIAN_POINT('',(-60.,-45.,100.25));
#6382 = DIRECTION('',(0.,0.,1.));
#6383 = DIRECTION('',(1.,0.,-0.));
#6384 = DEFINITIONAL_REPRESENTATION('',(#6385),#6389);
#6385 = LINE('',#6386,#6387);
#6386 = CARTESIAN_POINT('',(0.,0.));
#6387 = VECTOR('',#6388,1.);
#6388 = DIRECTION('',(0.,1.));
#6389 = ( GEOMETRIC_REPRESENTATION_CONTEXT(2) 
PARAMETRIC_REPRESENTATION_CONTEXT() REPRESENTATION_CONTEXT('2D SPACE',''
  ) );
#6390 = ORIENTED_EDGE('',*,*,#6391,.T.);
#6391 = EDGE_CURVE('',#6364,#6392,#6394,.T.);
#6392 = VERTEX_POINT('',#6393);
#6393 = CARTESIAN_POINT('',(-60.,45.,144.75));
#6394 = SURFACE_CURVE('',#6395,(#6399,#6406),.PCURVE_S1.);
#6395 = LINE('',#6396,#6397);
#6396 = CARTESIAN_POINT('',(-60.,45.,100.25));
#6397 = VECTOR('',#6398,1.);
#6398 = DIRECTION('',(0.,0.,1.));
#6399 = PCURVE('',#6339,#6400);
#6400 = DEFINITIONAL_REPRESENTATION('',(#6401),#6405);
#6401 = LINE('',#6402,#6403);
#6402 = CARTESIAN_POINT('',(0.,-90.));
#6403 = VECTOR('',#6404,1.);
#6404 = DIRECTION('',(1.,0.));
#6405 = ( GEOMETRIC_REPRESENTATION_CONTEXT(2) 
PARAMETRIC_REPRESENTATION_CONTEXT() REPRESENTATION_CONTEXT('2D SPACE',''
  ) );
#6406 = PCURVE('',#6407,#6412);
#6407 = PLANE('',#6408);
#6408 = AXIS2_PLACEMENT_3D('',#6409,#6410,#6411);
#6409 = CARTESIAN_POINT('',(-60.,45.,100.25));
#6410 = DIRECTION('',(-0.,1.,0.));
#6411 = DIRECTION('',(0.,0.,1.));
#6412 = DEFINITIONAL_REPRESENTATION('',(#6413),#6417);
#6413 = LINE('',#6414,#6415);
#6414 = CARTESIAN_POINT('',(0.,0.));
#6415 = VECTOR('',#6416,1.);
#6416 = DIRECTION('',(1.,0.));
#6417 = ( GEOMETRIC_REPRESENTATION_CONTEXT(2) 
PARAMETRIC_REPRESENTATION_CONTEXT() REPRESENTATION_CONTEXT('2D SPACE',''
  ) );
#6418 = ORIENTED_EDGE('',*,*,#6419,.F.);
#6419 = EDGE_CURVE('',#6331,#6392,#6420,.T.);
#6420 = SURFACE_CURVE('',#6421,(#6425,#6432),.PCURVE_S1.);
#6421 = LINE('',#6422,#6423);
#6422 = CARTESIAN_POINT('',(-60.,-45.,144.75));
#6423 = VECTOR('',#6424,1.);
#6424 = DIRECTION('',(-0.,1.,0.));
#6425 = PCURVE('',#6339,#6426);
#6426 = DEFINITIONAL_REPRESENTATION('',(#6427),#6431);
#6427 = LINE('',#6428,#6429);
#6428 = CARTESIAN_POINT('',(44.5,0.));
#6429 = VECTOR('',#6430,1.);
#6430 = DIRECTION('',(0.,-1.));
#6431 = ( GEOMETRIC_REPRESENTATION_CONTEXT(2) 
PARAMETRIC_REPRESENTATION_CONTEXT() REPRESENTATION_CONTEXT('2D SPACE',''
  ) );
#6432 = PCURVE('',#6433,#6438);
#6433 = PLANE('',#6434);
#6434 = AXIS2_PLACEMENT_3D('',#6435,#6436,#6437);
#6435 = CARTESIAN_POINT('',(-60.,-45.,144.75));
#6436 = DIRECTION('',(0.,0.,1.));
#6437 = DIRECTION('',(1.,0.,-0.));
#6438 = DEFINITIONAL_REPRESENTATION('',(#6439),#6443);
#6439 = LINE('',#6440,#6441);
#6440 = CARTESIAN_POINT('',(0.,0.));
#6441 = VECTOR('',#6442,1.);
#6442 = DIRECTION('',(0.,1.));
#6443 = ( GEOMETRIC_REPRESENTATION_CONTEXT(2) 
PARAMETRIC_REPRESENTATION_CONTEXT() REPRESENTATION_CONTEXT('2D SPACE',''
  ) );
#6444 = ADVANCED_FACE('',(#6445),#6351,.F.);
#6445 = FACE_BOUND('',#6446,.F.);
#6446 = EDGE_LOOP('',(#6447,#6470,#6471,#6494));
#6447 = ORIENTED_EDGE('',*,*,#6448,.F.);
#6448 = EDGE_CURVE('',#6329,#6449,#6451,.T.);
#6449 = VERTEX_POINT('',#6450);
#6450 = CARTESIAN_POINT('',(60.,-45.,100.25));
#6451 = SURFACE_CURVE('',#6452,(#6456,#6463),.PCURVE_S1.);
#6452 = LINE('',#6453,#6454);
#6453 = CARTESIAN_POINT('',(-60.,-45.,100.25));
#6454 = VECTOR('',#6455,1.);
#6455 = DIRECTION('',(1.,0.,-0.));
#6456 = PCURVE('',#6351,#6457);
#6457 = DEFINITIONAL_REPRESENTATION('',(#6458),#6462);
#6458 = LINE('',#6459,#6460);
#6459 = CARTESIAN_POINT('',(0.,0.));
#6460 = VECTOR('',#6461,1.);
#6461 = DIRECTION('',(0.,1.));
#6462 = ( GEOMETRIC_REPRESENTATION_CONTEXT(2) 
PARAMETRIC_REPRESENTATION_CONTEXT() REPRESENTATION_CONTEXT('2D SPACE',''
  ) );
#6463 = PCURVE('',#6379,#6464);
#6464 = DEFINITIONAL_REPRESENTATION('',(#6465),#6469);
#6465 = LINE('',#6466,#6467);
#6466 = CARTESIAN_POINT('',(0.,0.));
#6467 = VECTOR('',#6468,1.);
#6468 = DIRECTION('',(1.,0.));
#6469 = ( GEOMETRIC_REPRESENTATION_CONTEXT(2) 
PARAMETRIC_REPRESENTATION_CONTEXT() REPRESENTATION_CONTEXT('2D SPACE',''
  ) );
#6470 = ORIENTED_EDGE('',*,*,#6328,.T.);
#6471 = ORIENTED_EDGE('',*,*,#6472,.T.);
#6472 = EDGE_CURVE('',#6331,#6473,#6475,.T.);
#6473 = VERTEX_POINT('',#6474);
#6474 = CARTESIAN_POINT('',(60.,-45.,144.75));
#6475 = SURFACE_CURVE('',#6476,(#6480,#6487),.PCURVE_S1.);
#6476 = LINE('',#6477,#6478);
#6477 = CARTESIAN_POINT('',(-60.,-45.,144.75));
#6478 = VECTOR('',#6479,1.);
#6479 = DIRECTION('',(1.,0.,-0.));
#6480 = PCURVE('',#6351,#6481);
#6481 = DEFINITIONAL_REPRESENTATION('',(#6482),#6486);
#6482 = LINE('',#6483,#6484);
#6483 = CARTESIAN_POINT('',(44.5,0.));
#6484 = VECTOR('',#6485,1.);
#6485 = DIRECTION('',(0.,1.));
#6486 = ( GEOMETRIC_REPRESENTATION_CONTEXT(2) 
PARAMETRIC_REPRESENTATION_CONTEXT() REPRESENTATION_CONTEXT('2D SPACE',''
  ) );
#6487 = PCURVE('',#6433,#6488);
#6488 = DEFINITIONAL_REPRESENTATION('',(#6489),#6493);
#6489 = LINE('',#6490,#6491);
#6490 = CARTESIAN_POINT('',(0.,0.));
#6491 = VECTOR('',#6492,1.);
#6492 = DIRECTION('',(1.,0.));
#6493 = ( GEOMETRIC_REPRESENTATION_CONTEXT(2) 
PARAMETRIC_REPRESENTATION_CONTEXT() REPRESENTATION_CONTEXT('2D SPACE',''
  ) );
#6494 = ORIENTED_EDGE('',*,*,#6495,.F.);
#6495 = EDGE_CURVE('',#6449,#6473,#6496,.T.);
#6496 = SURFACE_CURVE('',#6497,(#6501,#6508),.PCURVE_S1.);
#6497 = LINE('',#6498,#6499);
#6498 = CARTESIAN_POINT('',(60.,-45.,100.25));
#6499 = VECTOR('',#6500,1.);
#6500 = DIRECTION('',(0.,0.,1.));
#6501 = PCURVE('',#6351,#6502);
#6502 = DEFINITIONAL_REPRESENTATION('',(#6503),#6507);
#6503 = LINE('',#6504,#6505);
#6504 = CARTESIAN_POINT('',(0.,120.));
#6505 = VECTOR('',#6506,1.);
#6506 = DIRECTION('',(1.,0.));
#6507 = ( GEOMETRIC_REPRESENTATION_CONTEXT(2) 
PARAMETRIC_REPRESENTATION_CONTEXT() REPRESENTATION_CONTEXT('2D SPACE',''
  ) );
#6508 = PCURVE('',#6509,#6514);
#6509 = PLANE('',#6510);
#6510 = AXIS2_PLACEMENT_3D('',#6511,#6512,#6513);
#6511 = CARTESIAN_POINT('',(60.,-45.,100.25));
#6512 = DIRECTION('',(1.,0.,-0.));
#6513 = DIRECTION('',(0.,0.,1.));
#6514 = DEFINITIONAL_REPRESENTATION('',(#6515),#6519);
#6515 = LINE('',#6516,#6517);
#6516 = CARTESIAN_POINT('',(0.,0.));
#6517 = VECTOR('',#6518,1.);
#6518 = DIRECTION('',(1.,0.));
#6519 = ( GEOMETRIC_REPRESENTATION_CONTEXT(2) 
PARAMETRIC_REPRESENTATION_CONTEXT() REPRESENTATION_CONTEXT('2D SPACE',''
  ) );
#6520 = ADVANCED_FACE('',(#6521,#6569),#6433,.T.);
#6521 = FACE_BOUND('',#6522,.T.);
#6522 = EDGE_LOOP('',(#6523,#6524,#6525,#6548));
#6523 = ORIENTED_EDGE('',*,*,#6419,.F.);
#6524 = ORIENTED_EDGE('',*,*,#6472,.T.);
#6525 = ORIENTED_EDGE('',*,*,#6526,.T.);
#6526 = EDGE_CURVE('',#6473,#6527,#6529,.T.);
#6527 = VERTEX_POINT('',#6528);
#6528 = CARTESIAN_POINT('',(60.,45.,144.75));
#6529 = SURFACE_CURVE('',#6530,(#6534,#6541),.PCURVE_S1.);
#6530 = LINE('',#6531,#6532);
#6531 = CARTESIAN_POINT('',(60.,-45.,144.75));
#6532 = VECTOR('',#6533,1.);
#6533 = DIRECTION('',(-0.,1.,0.));
#6534 = PCURVE('',#6433,#6535);
#6535 = DEFINITIONAL_REPRESENTATION('',(#6536),#6540);
#6536 = LINE('',#6537,#6538);
#6537 = CARTESIAN_POINT('',(120.,0.));
#6538 = VECTOR('',#6539,1.);
#6539 = DIRECTION('',(0.,1.));
#6540 = ( GEOMETRIC_REPRESENTATION_CONTEXT(2) 
PARAMETRIC_REPRESENTATION_CONTEXT() REPRESENTATION_CONTEXT('2D SPACE',''
  ) );
#6541 = PCURVE('',#6509,#6542);
#6542 = DEFINITIONAL_REPRESENTATION('',(#6543),#6547);
#6543 = LINE('',#6544,#6545);
#6544 = CARTESIAN_POINT('',(44.5,0.));
#6545 = VECTOR('',#6546,1.);
#6546 = DIRECTION('',(0.,-1.));
#6547 = ( GEOMETRIC_REPRESENTATION_CONTEXT(2) 
PARAMETRIC_REPRESENTATION_CONTEXT() REPRESENTATION_CONTEXT('2D SPACE',''
  ) );
#6548 = ORIENTED_EDGE('',*,*,#6549,.F.);
#6549 = EDGE_CURVE('',#6392,#6527,#6550,.T.);
#6550 = SURFACE_CURVE('',#6551,(#6555,#6562),.PCURVE_S1.);
#6551 = LINE('',#6552,#6553);
#6552 = CARTESIAN_POINT('',(-60.,45.,144.75));
#6553 = VECTOR('',#6554,1.);
#6554 = DIRECTION('',(1.,0.,-0.));
#6555 = PCURVE('',#6433,#6556);
#6556 = DEFINITIONAL_REPRESENTATION('',(#6557),#6561);
#6557 = LINE('',#6558,#6559);
#6558 = CARTESIAN_POINT('',(0.,90.));
#6559 = VECTOR('',#6560,1.);
#6560 = DIRECTION('',(1.,0.));
#6561 = ( GEOMETRIC_REPRESENTATION_CONTEXT(2) 
PARAMETRIC_REPRESENTATION_CONTEXT() REPRESENTATION_CONTEXT('2D SPACE',''
  ) );
#6562 = PCURVE('',#6407,#6563);
#6563 = DEFINITIONAL_REPRESENTATION('',(#6564),#6568);
#6564 = LINE('',#6565,#6566);
#6565 = CARTESIAN_POINT('',(44.5,0.));
#6566 = VECTOR('',#6567,1.);
#6567 = DIRECTION('',(0.,1.));
#6568 = ( GEOMETRIC_REPRESENTATION_CONTEXT(2) 
PARAMETRIC_REPRESENTATION_CONTEXT() REPRESENTATION_CONTEXT('2D SPACE',''
  ) );
#6569 = FACE_BOUND('',#6570,.T.);
#6570 = EDGE_LOOP('',(#6571,#6599,#6625,#6651));
#6571 = ORIENTED_EDGE('',*,*,#6572,.T.);
#6572 = EDGE_CURVE('',#6573,#6575,#6577,.T.);
#6573 = VERTEX_POINT('',#6574);
#6574 = CARTESIAN_POINT('',(32.,-25.,144.75));
#6575 = VERTEX_POINT('',#6576);
#6576 = CARTESIAN_POINT('',(-32.,-25.,144.75));
#6577 = SURFACE_CURVE('',#6578,(#6582,#6588),.PCURVE_S1.);
#6578 = LINE('',#6579,#6580);
#6579 = CARTESIAN_POINT('',(-46.,-25.,144.75));
#6580 = VECTOR('',#6581,1.);
#6581 = DIRECTION('',(-1.,-0.,0.));
#6582 = PCURVE('',#6433,#6583);
#6583 = DEFINITIONAL_REPRESENTATION('',(#6584),#6587);
#6584 = B_SPLINE_CURVE_WITH_KNOTS('',1,(#6585,#6586),.UNSPECIFIED.,.F.,
  .F.,(2,2),(-78.,-14.),.PIECEWISE_BEZIER_KNOTS.);
#6585 = CARTESIAN_POINT('',(92.,20.));
#6586 = CARTESIAN_POINT('',(28.,20.));
#6587 = ( GEOMETRIC_REPRESENTATION_CONTEXT(2) 
PARAMETRIC_REPRESENTATION_CONTEXT() REPRESENTATION_CONTEXT('2D SPACE',''
  ) );
#6588 = PCURVE('',#6589,#6594);
#6589 = PLANE('',#6590);
#6590 = AXIS2_PLACEMENT_3D('',#6591,#6592,#6593);
#6591 = CARTESIAN_POINT('',(-32.,-25.,139.));
#6592 = DIRECTION('',(-0.,1.,0.));
#6593 = DIRECTION('',(0.,0.,1.));
#6594 = DEFINITIONAL_REPRESENTATION('',(#6595),#6598);
#6595 = B_SPLINE_CURVE_WITH_KNOTS('',1,(#6596,#6597),.UNSPECIFIED.,.F.,
  .F.,(2,2),(-78.,-14.),.PIECEWISE_BEZIER_KNOTS.);
#6596 = CARTESIAN_POINT('',(5.75,64.));
#6597 = CARTESIAN_POINT('',(5.75,0.));
#6598 = ( GEOMETRIC_REPRESENTATION_CONTEXT(2) 
PARAMETRIC_REPRESENTATION_CONTEXT() REPRESENTATION_CONTEXT('2D SPACE',''
  ) );
#6599 = ORIENTED_EDGE('',*,*,#6600,.T.);
#6600 = EDGE_CURVE('',#6575,#6601,#6603,.T.);
#6601 = VERTEX_POINT('',#6602);
#6602 = CARTESIAN_POINT('',(-32.,25.,144.75));
#6603 = SURFACE_CURVE('',#6604,(#6608,#6614),.PCURVE_S1.);
#6604 = LINE('',#6605,#6606);
#6605 = CARTESIAN_POINT('',(-32.,-35.,144.75));
#6606 = VECTOR('',#6607,1.);
#6607 = DIRECTION('',(-0.,1.,0.));
#6608 = PCURVE('',#6433,#6609);
#6609 = DEFINITIONAL_REPRESENTATION('',(#6610),#6613);
#6610 = B_SPLINE_CURVE_WITH_KNOTS('',1,(#6611,#6612),.UNSPECIFIED.,.F.,
  .F.,(2,2),(10.,60.),.PIECEWISE_BEZIER_KNOTS.);
#6611 = CARTESIAN_POINT('',(28.,20.));
#6612 = CARTESIAN_POINT('',(28.,70.));
#6613 = ( GEOMETRIC_REPRESENTATION_CONTEXT(2) 
PARAMETRIC_REPRESENTATION_CONTEXT() REPRESENTATION_CONTEXT('2D SPACE',''
  ) );
#6614 = PCURVE('',#6615,#6620);
#6615 = PLANE('',#6616);
#6616 = AXIS2_PLACEMENT_3D('',#6617,#6618,#6619);
#6617 = CARTESIAN_POINT('',(-32.,-25.,139.));
#6618 = DIRECTION('',(1.,0.,-0.));
#6619 = DIRECTION('',(0.,0.,1.));
#6620 = DEFINITIONAL_REPRESENTATION('',(#6621),#6624);
#6621 = B_SPLINE_CURVE_WITH_KNOTS('',1,(#6622,#6623),.UNSPECIFIED.,.F.,
  .F.,(2,2),(10.,60.),.PIECEWISE_BEZIER_KNOTS.);
#6622 = CARTESIAN_POINT('',(5.75,0.));
#6623 = CARTESIAN_POINT('',(5.75,-50.));
#6624 = ( GEOMETRIC_REPRESENTATION_CONTEXT(2) 
PARAMETRIC_REPRESENTATION_CONTEXT() REPRESENTATION_CONTEXT('2D SPACE',''
  ) );
#6625 = ORIENTED_EDGE('',*,*,#6626,.F.);
#6626 = EDGE_CURVE('',#6627,#6601,#6629,.T.);
#6627 = VERTEX_POINT('',#6628);
#6628 = CARTESIAN_POINT('',(32.,25.,144.75));
#6629 = SURFACE_CURVE('',#6630,(#6634,#6640),.PCURVE_S1.);
#6630 = LINE('',#6631,#6632);
#6631 = CARTESIAN_POINT('',(-46.,25.,144.75));
#6632 = VECTOR('',#6633,1.);
#6633 = DIRECTION('',(-1.,-0.,0.));
#6634 = PCURVE('',#6433,#6635);
#6635 = DEFINITIONAL_REPRESENTATION('',(#6636),#6639);
#6636 = B_SPLINE_CURVE_WITH_KNOTS('',1,(#6637,#6638),.UNSPECIFIED.,.F.,
  .F.,(2,2),(-78.,-14.),.PIECEWISE_BEZIER_KNOTS.);
#6637 = CARTESIAN_POINT('',(92.,70.));
#6638 = CARTESIAN_POINT('',(28.,70.));
#6639 = ( GEOMETRIC_REPRESENTATION_CONTEXT(2) 
PARAMETRIC_REPRESENTATION_CONTEXT() REPRESENTATION_CONTEXT('2D SPACE',''
  ) );
#6640 = PCURVE('',#6641,#6646);
#6641 = PLANE('',#6642);
#6642 = AXIS2_PLACEMENT_3D('',#6643,#6644,#6645);
#6643 = CARTESIAN_POINT('',(-32.,25.,139.));
#6644 = DIRECTION('',(-0.,1.,0.));
#6645 = DIRECTION('',(0.,0.,1.));
#6646 = DEFINITIONAL_REPRESENTATION('',(#6647),#6650);
#6647 = B_SPLINE_CURVE_WITH_KNOTS('',1,(#6648,#6649),.UNSPECIFIED.,.F.,
  .F.,(2,2),(-78.,-14.),.PIECEWISE_BEZIER_KNOTS.);
#6648 = CARTESIAN_POINT('',(5.75,64.));
#6649 = CARTESIAN_POINT('',(5.75,0.));
#6650 = ( GEOMETRIC_REPRESENTATION_CONTEXT(2) 
PARAMETRIC_REPRESENTATION_CONTEXT() REPRESENTATION_CONTEXT('2D SPACE',''
  ) );
#6651 = ORIENTED_EDGE('',*,*,#6652,.F.);
#6652 = EDGE_CURVE('',#6573,#6627,#6653,.T.);
#6653 = SURFACE_CURVE('',#6654,(#6658,#6664),.PCURVE_S1.);
#6654 = LINE('',#6655,#6656);
#6655 = CARTESIAN_POINT('',(32.,-35.,144.75));
#6656 = VECTOR('',#6657,1.);
#6657 = DIRECTION('',(-0.,1.,0.));
#6658 = PCURVE('',#6433,#6659);
#6659 = DEFINITIONAL_REPRESENTATION('',(#6660),#6663);
#6660 = B_SPLINE_CURVE_WITH_KNOTS('',1,(#6661,#6662),.UNSPECIFIED.,.F.,
  .F.,(2,2),(10.,60.),.PIECEWISE_BEZIER_KNOTS.);
#6661 = CARTESIAN_POINT('',(92.,20.));
#6662 = CARTESIAN_POINT('',(92.,70.));
#6663 = ( GEOMETRIC_REPRESENTATION_CONTEXT(2) 
PARAMETRIC_REPRESENTATION_CONTEXT() REPRESENTATION_CONTEXT('2D SPACE',''
  ) );
#6664 = PCURVE('',#6665,#6670);
#6665 = PLANE('',#6666);
#6666 = AXIS2_PLACEMENT_3D('',#6667,#6668,#6669);
#6667 = CARTESIAN_POINT('',(32.,-25.,139.));
#6668 = DIRECTION('',(1.,0.,-0.));
#6669 = DIRECTION('',(0.,0.,1.));
#6670 = DEFINITIONAL_REPRESENTATION('',(#6671),#6674);
#6671 = B_SPLINE_CURVE_WITH_KNOTS('',1,(#6672,#6673),.UNSPECIFIED.,.F.,
  .F.,(2,2),(10.,60.),.PIECEWISE_BEZIER_KNOTS.);
#6672 = CARTESIAN_POINT('',(5.75,0.));
#6673 = CARTESIAN_POINT('',(5.75,-50.));
#6674 = ( GEOMETRIC_REPRESENTATION_CONTEXT(2) 
PARAMETRIC_REPRESENTATION_CONTEXT() REPRESENTATION_CONTEXT('2D SPACE',''
  ) );
#6675 = ADVANCED_FACE('',(#6676),#6407,.T.);
#6676 = FACE_BOUND('',#6677,.T.);
#6677 = EDGE_LOOP('',(#6678,#6701,#6702,#6703));
#6678 = ORIENTED_EDGE('',*,*,#6679,.F.);
#6679 = EDGE_CURVE('',#6364,#6680,#6682,.T.);
#6680 = VERTEX_POINT('',#6681);
#6681 = CARTESIAN_POINT('',(60.,45.,100.25));
#6682 = SURFACE_CURVE('',#6683,(#6687,#6694),.PCURVE_S1.);
#6683 = LINE('',#6684,#6685);
#6684 = CARTESIAN_POINT('',(-60.,45.,100.25));
#6685 = VECTOR('',#6686,1.);
#6686 = DIRECTION('',(1.,0.,-0.));
#6687 = PCURVE('',#6407,#6688);
#6688 = DEFINITIONAL_REPRESENTATION('',(#6689),#6693);
#6689 = LINE('',#6690,#6691);
#6690 = CARTESIAN_POINT('',(0.,0.));
#6691 = VECTOR('',#6692,1.);
#6692 = DIRECTION('',(0.,1.));
#6693 = ( GEOMETRIC_REPRESENTATION_CONTEXT(2) 
PARAMETRIC_REPRESENTATION_CONTEXT() REPRESENTATION_CONTEXT('2D SPACE',''
  ) );
#6694 = PCURVE('',#6379,#6695);
#6695 = DEFINITIONAL_REPRESENTATION('',(#6696),#6700);
#6696 = LINE('',#6697,#6698);
#6697 = CARTESIAN_POINT('',(0.,90.));
#6698 = VECTOR('',#6699,1.);
#6699 = DIRECTION('',(1.,0.));
#6700 = ( GEOMETRIC_REPRESENTATION_CONTEXT(2) 
PARAMETRIC_REPRESENTATION_CONTEXT() REPRESENTATION_CONTEXT('2D SPACE',''
  ) );
#6701 = ORIENTED_EDGE('',*,*,#6391,.T.);
#6702 = ORIENTED_EDGE('',*,*,#6549,.T.);
#6703 = ORIENTED_EDGE('',*,*,#6704,.F.);
#6704 = EDGE_CURVE('',#6680,#6527,#6705,.T.);
#6705 = SURFACE_CURVE('',#6706,(#6710,#6717),.PCURVE_S1.);
#6706 = LINE('',#6707,#6708);
#6707 = CARTESIAN_POINT('',(60.,45.,100.25));
#6708 = VECTOR('',#6709,1.);
#6709 = DIRECTION('',(0.,0.,1.));
#6710 = PCURVE('',#6407,#6711);
#6711 = DEFINITIONAL_REPRESENTATION('',(#6712),#6716);
#6712 = LINE('',#6713,#6714);
#6713 = CARTESIAN_POINT('',(0.,120.));
#6714 = VECTOR('',#6715,1.);
#6715 = DIRECTION('',(1.,0.));
#6716 = ( GEOMETRIC_REPRESENTATION_CONTEXT(2) 
PARAMETRIC_REPRESENTATION_CONTEXT() REPRESENTATION_CONTEXT('2D SPACE',''
  ) );
#6717 = PCURVE('',#6509,#6718);
#6718 = DEFINITIONAL_REPRESENTATION('',(#6719),#6723);
#6719 = LINE('',#6720,#6721);
#6720 = CARTESIAN_POINT('',(0.,-90.));
#6721 = VECTOR('',#6722,1.);
#6722 = DIRECTION('',(1.,0.));
#6723 = ( GEOMETRIC_REPRESENTATION_CONTEXT(2) 
PARAMETRIC_REPRESENTATION_CONTEXT() REPRESENTATION_CONTEXT('2D SPACE',''
  ) );
#6724 = ADVANCED_FACE('',(#6725),#6379,.F.);
#6725 = FACE_BOUND('',#6726,.F.);
#6726 = EDGE_LOOP('',(#6727,#6728,#6729,#6750));
#6727 = ORIENTED_EDGE('',*,*,#6363,.F.);
#6728 = ORIENTED_EDGE('',*,*,#6448,.T.);
#6729 = ORIENTED_EDGE('',*,*,#6730,.T.);
#6730 = EDGE_CURVE('',#6449,#6680,#6731,.T.);
#6731 = SURFACE_CURVE('',#6732,(#6736,#6743),.PCURVE_S1.);
#6732 = LINE('',#6733,#6734);
#6733 = CARTESIAN_POINT('',(60.,-45.,100.25));
#6734 = VECTOR('',#6735,1.);
#6735 = DIRECTION('',(-0.,1.,0.));
#6736 = PCURVE('',#6379,#6737);
#6737 = DEFINITIONAL_REPRESENTATION('',(#6738),#6742);
#6738 = LINE('',#6739,#6740);
#6739 = CARTESIAN_POINT('',(120.,0.));
#6740 = VECTOR('',#6741,1.);
#6741 = DIRECTION('',(0.,1.));
#6742 = ( GEOMETRIC_REPRESENTATION_CONTEXT(2) 
PARAMETRIC_REPRESENTATION_CONTEXT() REPRESENTATION_CONTEXT('2D SPACE',''
  ) );
#6743 = PCURVE('',#6509,#6744);
#6744 = DEFINITIONAL_REPRESENTATION('',(#6745),#6749);
#6745 = LINE('',#6746,#6747);
#6746 = CARTESIAN_POINT('',(0.,0.));
#6747 = VECTOR('',#6748,1.);
#6748 = DIRECTION('',(0.,-1.));
#6749 = ( GEOMETRIC_REPRESENTATION_CONTEXT(2) 
PARAMETRIC_REPRESENTATION_CONTEXT() REPRESENTATION_CONTEXT('2D SPACE',''
  ) );
#6750 = ORIENTED_EDGE('',*,*,#6679,.F.);
#6751 = ADVANCED_FACE('',(#6752),#6509,.T.);
#6752 = FACE_BOUND('',#6753,.T.);
#6753 = EDGE_LOOP('',(#6754,#6755,#6756,#6757));
#6754 = ORIENTED_EDGE('',*,*,#6495,.F.);
#6755 = ORIENTED_EDGE('',*,*,#6730,.T.);
#6756 = ORIENTED_EDGE('',*,*,#6704,.T.);
#6757 = ORIENTED_EDGE('',*,*,#6526,.F.);
#6758 = ADVANCED_FACE('',(#6759),#6589,.T.);
#6759 = FACE_BOUND('',#6760,.T.);
#6760 = EDGE_LOOP('',(#6761,#6784,#6812,#6833));
#6761 = ORIENTED_EDGE('',*,*,#6762,.F.);
#6762 = EDGE_CURVE('',#6763,#6573,#6765,.T.);
#6763 = VERTEX_POINT('',#6764);
#6764 = CARTESIAN_POINT('',(32.,-25.,139.));
#6765 = SURFACE_CURVE('',#6766,(#6770,#6777),.PCURVE_S1.);
#6766 = LINE('',#6767,#6768);
#6767 = CARTESIAN_POINT('',(32.,-25.,139.));
#6768 = VECTOR('',#6769,1.);
#6769 = DIRECTION('',(0.,0.,1.));
#6770 = PCURVE('',#6589,#6771);
#6771 = DEFINITIONAL_REPRESENTATION('',(#6772),#6776);
#6772 = LINE('',#6773,#6774);
#6773 = CARTESIAN_POINT('',(0.,64.));
#6774 = VECTOR('',#6775,1.);
#6775 = DIRECTION('',(1.,0.));
#6776 = ( GEOMETRIC_REPRESENTATION_CONTEXT(2) 
PARAMETRIC_REPRESENTATION_CONTEXT() REPRESENTATION_CONTEXT('2D SPACE',''
  ) );
#6777 = PCURVE('',#6665,#6778);
#6778 = DEFINITIONAL_REPRESENTATION('',(#6779),#6783);
#6779 = LINE('',#6780,#6781);
#6780 = CARTESIAN_POINT('',(0.,0.));
#6781 = VECTOR('',#6782,1.);
#6782 = DIRECTION('',(1.,0.));
#6783 = ( GEOMETRIC_REPRESENTATION_CONTEXT(2) 
PARAMETRIC_REPRESENTATION_CONTEXT() REPRESENTATION_CONTEXT('2D SPACE',''
  ) );
#6784 = ORIENTED_EDGE('',*,*,#6785,.F.);
#6785 = EDGE_CURVE('',#6786,#6763,#6788,.T.);
#6786 = VERTEX_POINT('',#6787);
#6787 = CARTESIAN_POINT('',(-32.,-25.,139.));
#6788 = SURFACE_CURVE('',#6789,(#6793,#6800),.PCURVE_S1.);
#6789 = LINE('',#6790,#6791);
#6790 = CARTESIAN_POINT('',(-32.,-25.,139.));
#6791 = VECTOR('',#6792,1.);
#6792 = DIRECTION('',(1.,0.,-0.));
#6793 = PCURVE('',#6589,#6794);
#6794 = DEFINITIONAL_REPRESENTATION('',(#6795),#6799);
#6795 = LINE('',#6796,#6797);
#6796 = CARTESIAN_POINT('',(0.,0.));
#6797 = VECTOR('',#6798,1.);
#6798 = DIRECTION('',(0.,1.));
#6799 = ( GEOMETRIC_REPRESENTATION_CONTEXT(2) 
PARAMETRIC_REPRESENTATION_CONTEXT() REPRESENTATION_CONTEXT('2D SPACE',''
  ) );
#6800 = PCURVE('',#6801,#6806);
#6801 = PLANE('',#6802);
#6802 = AXIS2_PLACEMENT_3D('',#6803,#6804,#6805);
#6803 = CARTESIAN_POINT('',(-32.,-25.,139.));
#6804 = DIRECTION('',(0.,0.,1.));
#6805 = DIRECTION('',(1.,0.,-0.));
#6806 = DEFINITIONAL_REPRESENTATION('',(#6807),#6811);
#6807 = LINE('',#6808,#6809);
#6808 = CARTESIAN_POINT('',(0.,0.));
#6809 = VECTOR('',#6810,1.);
#6810 = DIRECTION('',(1.,0.));
#6811 = ( GEOMETRIC_REPRESENTATION_CONTEXT(2) 
PARAMETRIC_REPRESENTATION_CONTEXT() REPRESENTATION_CONTEXT('2D SPACE',''
  ) );
#6812 = ORIENTED_EDGE('',*,*,#6813,.T.);
#6813 = EDGE_CURVE('',#6786,#6575,#6814,.T.);
#6814 = SURFACE_CURVE('',#6815,(#6819,#6826),.PCURVE_S1.);
#6815 = LINE('',#6816,#6817);
#6816 = CARTESIAN_POINT('',(-32.,-25.,139.));
#6817 = VECTOR('',#6818,1.);
#6818 = DIRECTION('',(0.,0.,1.));
#6819 = PCURVE('',#6589,#6820);
#6820 = DEFINITIONAL_REPRESENTATION('',(#6821),#6825);
#6821 = LINE('',#6822,#6823);
#6822 = CARTESIAN_POINT('',(0.,0.));
#6823 = VECTOR('',#6824,1.);
#6824 = DIRECTION('',(1.,0.));
#6825 = ( GEOMETRIC_REPRESENTATION_CONTEXT(2) 
PARAMETRIC_REPRESENTATION_CONTEXT() REPRESENTATION_CONTEXT('2D SPACE',''
  ) );
#6826 = PCURVE('',#6615,#6827);
#6827 = DEFINITIONAL_REPRESENTATION('',(#6828),#6832);
#6828 = LINE('',#6829,#6830);
#6829 = CARTESIAN_POINT('',(0.,0.));
#6830 = VECTOR('',#6831,1.);
#6831 = DIRECTION('',(1.,0.));
#6832 = ( GEOMETRIC_REPRESENTATION_CONTEXT(2) 
PARAMETRIC_REPRESENTATION_CONTEXT() REPRESENTATION_CONTEXT('2D SPACE',''
  ) );
#6833 = ORIENTED_EDGE('',*,*,#6572,.F.);
#6834 = ADVANCED_FACE('',(#6835),#6665,.F.);
#6835 = FACE_BOUND('',#6836,.F.);
#6836 = EDGE_LOOP('',(#6837,#6838,#6861,#6882));
#6837 = ORIENTED_EDGE('',*,*,#6762,.F.);
#6838 = ORIENTED_EDGE('',*,*,#6839,.T.);
#6839 = EDGE_CURVE('',#6763,#6840,#6842,.T.);
#6840 = VERTEX_POINT('',#6841);
#6841 = CARTESIAN_POINT('',(32.,25.,139.));
#6842 = SURFACE_CURVE('',#6843,(#6847,#6854),.PCURVE_S1.);
#6843 = LINE('',#6844,#6845);
#6844 = CARTESIAN_POINT('',(32.,-25.,139.));
#6845 = VECTOR('',#6846,1.);
#6846 = DIRECTION('',(-0.,1.,0.));
#6847 = PCURVE('',#6665,#6848);
#6848 = DEFINITIONAL_REPRESENTATION('',(#6849),#6853);
#6849 = LINE('',#6850,#6851);
#6850 = CARTESIAN_POINT('',(0.,0.));
#6851 = VECTOR('',#6852,1.);
#6852 = DIRECTION('',(0.,-1.));
#6853 = ( GEOMETRIC_REPRESENTATION_CONTEXT(2) 
PARAMETRIC_REPRESENTATION_CONTEXT() REPRESENTATION_CONTEXT('2D SPACE',''
  ) );
#6854 = PCURVE('',#6801,#6855);
#6855 = DEFINITIONAL_REPRESENTATION('',(#6856),#6860);
#6856 = LINE('',#6857,#6858);
#6857 = CARTESIAN_POINT('',(64.,0.));
#6858 = VECTOR('',#6859,1.);
#6859 = DIRECTION('',(0.,1.));
#6860 = ( GEOMETRIC_REPRESENTATION_CONTEXT(2) 
PARAMETRIC_REPRESENTATION_CONTEXT() REPRESENTATION_CONTEXT('2D SPACE',''
  ) );
#6861 = ORIENTED_EDGE('',*,*,#6862,.T.);
#6862 = EDGE_CURVE('',#6840,#6627,#6863,.T.);
#6863 = SURFACE_CURVE('',#6864,(#6868,#6875),.PCURVE_S1.);
#6864 = LINE('',#6865,#6866);
#6865 = CARTESIAN_POINT('',(32.,25.,139.));
#6866 = VECTOR('',#6867,1.);
#6867 = DIRECTION('',(0.,0.,1.));
#6868 = PCURVE('',#6665,#6869);
#6869 = DEFINITIONAL_REPRESENTATION('',(#6870),#6874);
#6870 = LINE('',#6871,#6872);
#6871 = CARTESIAN_POINT('',(0.,-50.));
#6872 = VECTOR('',#6873,1.);
#6873 = DIRECTION('',(1.,0.));
#6874 = ( GEOMETRIC_REPRESENTATION_CONTEXT(2) 
PARAMETRIC_REPRESENTATION_CONTEXT() REPRESENTATION_CONTEXT('2D SPACE',''
  ) );
#6875 = PCURVE('',#6641,#6876);
#6876 = DEFINITIONAL_REPRESENTATION('',(#6877),#6881);
#6877 = LINE('',#6878,#6879);
#6878 = CARTESIAN_POINT('',(0.,64.));
#6879 = VECTOR('',#6880,1.);
#6880 = DIRECTION('',(1.,0.));
#6881 = ( GEOMETRIC_REPRESENTATION_CONTEXT(2) 
PARAMETRIC_REPRESENTATION_CONTEXT() REPRESENTATION_CONTEXT('2D SPACE',''
  ) );
#6882 = ORIENTED_EDGE('',*,*,#6652,.F.);
#6883 = ADVANCED_FACE('',(#6884),#6641,.F.);
#6884 = FACE_BOUND('',#6885,.F.);
#6885 = EDGE_LOOP('',(#6886,#6887,#6910,#6931));
#6886 = ORIENTED_EDGE('',*,*,#6862,.F.);
#6887 = ORIENTED_EDGE('',*,*,#6888,.F.);
#6888 = EDGE_CURVE('',#6889,#6840,#6891,.T.);
#6889 = VERTEX_POINT('',#6890);
#6890 = CARTESIAN_POINT('',(-32.,25.,139.));
#6891 = SURFACE_CURVE('',#6892,(#6896,#6903),.PCURVE_S1.);
#6892 = LINE('',#6893,#6894);
#6893 = CARTESIAN_POINT('',(-32.,25.,139.));
#6894 = VECTOR('',#6895,1.);
#6895 = DIRECTION('',(1.,0.,-0.));
#6896 = PCURVE('',#6641,#6897);
#6897 = DEFINITIONAL_REPRESENTATION('',(#6898),#6902);
#6898 = LINE('',#6899,#6900);
#6899 = CARTESIAN_POINT('',(0.,0.));
#6900 = VECTOR('',#6901,1.);
#6901 = DIRECTION('',(0.,1.));
#6902 = ( GEOMETRIC_REPRESENTATION_CONTEXT(2) 
PARAMETRIC_REPRESENTATION_CONTEXT() REPRESENTATION_CONTEXT('2D SPACE',''
  ) );
#6903 = PCURVE('',#6801,#6904);
#6904 = DEFINITIONAL_REPRESENTATION('',(#6905),#6909);
#6905 = LINE('',#6906,#6907);
#6906 = CARTESIAN_POINT('',(0.,50.));
#6907 = VECTOR('',#6908,1.);
#6908 = DIRECTION('',(1.,0.));
#6909 = ( GEOMETRIC_REPRESENTATION_CONTEXT(2) 
PARAMETRIC_REPRESENTATION_CONTEXT() REPRESENTATION_CONTEXT('2D SPACE',''
  ) );
#6910 = ORIENTED_EDGE('',*,*,#6911,.T.);
#6911 = EDGE_CURVE('',#6889,#6601,#6912,.T.);
#6912 = SURFACE_CURVE('',#6913,(#6917,#6924),.PCURVE_S1.);
#6913 = LINE('',#6914,#6915);
#6914 = CARTESIAN_POINT('',(-32.,25.,139.));
#6915 = VECTOR('',#6916,1.);
#6916 = DIRECTION('',(0.,0.,1.));
#6917 = PCURVE('',#6641,#6918);
#6918 = DEFINITIONAL_REPRESENTATION('',(#6919),#6923);
#6919 = LINE('',#6920,#6921);
#6920 = CARTESIAN_POINT('',(0.,0.));
#6921 = VECTOR('',#6922,1.);
#6922 = DIRECTION('',(1.,0.));
#6923 = ( GEOMETRIC_REPRESENTATION_CONTEXT(2) 
PARAMETRIC_REPRESENTATION_CONTEXT() REPRESENTATION_CONTEXT('2D SPACE',''
  ) );
#6924 = PCURVE('',#6615,#6925);
#6925 = DEFINITIONAL_REPRESENTATION('',(#6926),#6930);
#6926 = LINE('',#6927,#6928);
#6927 = CARTESIAN_POINT('',(0.,-50.));
#6928 = VECTOR('',#6929,1.);
#6929 = DIRECTION('',(1.,0.));
#6930 = ( GEOMETRIC_REPRESENTATION_CONTEXT(2) 
PARAMETRIC_REPRESENTATION_CONTEXT() REPRESENTATION_CONTEXT('2D SPACE',''
  ) );
#6931 = ORIENTED_EDGE('',*,*,#6626,.F.);
#6932 = ADVANCED_FACE('',(#6933),#6615,.T.);
#6933 = FACE_BOUND('',#6934,.T.);
#6934 = EDGE_LOOP('',(#6935,#6936,#6957,#6958));
#6935 = ORIENTED_EDGE('',*,*,#6813,.F.);
#6936 = ORIENTED_EDGE('',*,*,#6937,.T.);
#6937 = EDGE_CURVE('',#6786,#6889,#6938,.T.);
#6938 = SURFACE_CURVE('',#6939,(#6943,#6950),.PCURVE_S1.);
#6939 = LINE('',#6940,#6941);
#6940 = CARTESIAN_POINT('',(-32.,-25.,139.));
#6941 = VECTOR('',#6942,1.);
#6942 = DIRECTION('',(-0.,1.,0.));
#6943 = PCURVE('',#6615,#6944);
#6944 = DEFINITIONAL_REPRESENTATION('',(#6945),#6949);
#6945 = LINE('',#6946,#6947);
#6946 = CARTESIAN_POINT('',(0.,0.));
#6947 = VECTOR('',#6948,1.);
#6948 = DIRECTION('',(0.,-1.));
#6949 = ( GEOMETRIC_REPRESENTATION_CONTEXT(2) 
PARAMETRIC_REPRESENTATION_CONTEXT() REPRESENTATION_CONTEXT('2D SPACE',''
  ) );
#6950 = PCURVE('',#6801,#6951);
#6951 = DEFINITIONAL_REPRESENTATION('',(#6952),#6956);
#6952 = LINE('',#6953,#6954);
#6953 = CARTESIAN_POINT('',(0.,0.));
#6954 = VECTOR('',#6955,1.);
#6955 = DIRECTION('',(0.,1.));
#6956 = ( GEOMETRIC_REPRESENTATION_CONTEXT(2) 
PARAMETRIC_REPRESENTATION_CONTEXT() REPRESENTATION_CONTEXT('2D SPACE',''
  ) );
#6957 = ORIENTED_EDGE('',*,*,#6911,.T.);
#6958 = ORIENTED_EDGE('',*,*,#6600,.F.);
#6959 = ADVANCED_FACE('',(#6960),#6801,.T.);
#6960 = FACE_BOUND('',#6961,.T.);
#6961 = EDGE_LOOP('',(#6962,#6963,#6964,#6965));
#6962 = ORIENTED_EDGE('',*,*,#6937,.F.);
#6963 = ORIENTED_EDGE('',*,*,#6785,.T.);
#6964 = ORIENTED_EDGE('',*,*,#6839,.T.);
#6965 = ORIENTED_EDGE('',*,*,#6888,.F.);
#6966 = ( GEOMETRIC_REPRESENTATION_CONTEXT(3) 
GLOBAL_UNCERTAINTY_ASSIGNED_CONTEXT((#6970)) 
GLOBAL_UNIT_ASSIGNED_CONTEXT((#6967,#6968,#6969)) REPRESENTATION_CONTEXT
('Context #1','3D Context with UNIT and UNCERTAINTY') );
#6967 = ( LENGTH_UNIT() NAMED_UNIT(*) SI_UNIT(.MILLI.,.METRE.) );
#6968 = ( NAMED_UNIT(*) PLANE_ANGLE_UNIT() SI_UNIT($,.RADIAN.) );
#6969 = ( NAMED_UNIT(*) SI_UNIT($,.STERADIAN.) SOLID_ANGLE_UNIT() );
#6970 = UNCERTAINTY_MEASURE_WITH_UNIT(LENGTH_MEASURE(1.E-07),#6967,
  'distance_accuracy_value','confusion accuracy');
#6971 = CONTEXT_DEPENDENT_SHAPE_REPRESENTATION(#6972,#6974);
#6972 = ( REPRESENTATION_RELATIONSHIP('','',#5547,#10) 
REPRESENTATION_RELATIONSHIP_WITH_TRANSFORMATION(#6973) 
SHAPE_REPRESENTATION_RELATIONSHIP() );
#6973 = ITEM_DEFINED_TRANSFORMATION('','',#11,#43);
#6974 = PRODUCT_DEFINITION_SHAPE('Placement','Placement of an item',
  #6975);
#6975 = NEXT_ASSEMBLY_USAGE_OCCURRENCE('8','=>[0:1:1:9]','',#5,#5542,$);
#6976 = PRODUCT_RELATED_PRODUCT_CATEGORY('part',$,(#5544));
#6977 = SHAPE_DEFINITION_REPRESENTATION(#6978,#6984);
#6978 = PRODUCT_DEFINITION_SHAPE('','',#6979);
#6979 = PRODUCT_DEFINITION('design','',#6980,#6983);
#6980 = PRODUCT_DEFINITION_FORMATION('','',#6981);
#6981 = PRODUCT('COMPOUND','COMPOUND','',(#6982));
#6982 = PRODUCT_CONTEXT('',#2,'mechanical');
#6983 = PRODUCT_DEFINITION_CONTEXT('part definition',#2,'design');
#6984 = ADVANCED_BREP_SHAPE_REPRESENTATION('',(#11,#6985),#7959);
#6985 = MANIFOLD_SOLID_BREP('',#6986);
#6986 = CLOSED_SHELL('',(#6987,#7107,#7411,#7460,#7509,#7536,#7543,#7619
    ,#7668,#7717,#7744,#7820,#7869,#7918,#7945,#7952));
#6987 = ADVANCED_FACE('',(#6988),#7002,.F.);
#6988 = FACE_BOUND('',#6989,.F.);
#6989 = EDGE_LOOP('',(#6990,#7025,#7053,#7081));
#6990 = ORIENTED_EDGE('',*,*,#6991,.F.);
#6991 = EDGE_CURVE('',#6992,#6994,#6996,.T.);
#6992 = VERTEX_POINT('',#6993);
#6993 = CARTESIAN_POINT('',(-430.,-75.,0.));
#6994 = VERTEX_POINT('',#6995);
#6995 = CARTESIAN_POINT('',(-430.,-75.,120.));
#6996 = SURFACE_CURVE('',#6997,(#7001,#7013),.PCURVE_S1.);
#6997 = LINE('',#6998,#6999);
#6998 = CARTESIAN_POINT('',(-430.,-75.,0.));
#6999 = VECTOR('',#7000,1.);
#7000 = DIRECTION('',(0.,0.,1.));
#7001 = PCURVE('',#7002,#7007);
#7002 = PLANE('',#7003);
#7003 = AXIS2_PLACEMENT_3D('',#7004,#7005,#7006);
#7004 = CARTESIAN_POINT('',(-430.,-75.,0.));
#7005 = DIRECTION('',(1.,0.,-0.));
#7006 = DIRECTION('',(0.,0.,1.));
#7007 = DEFINITIONAL_REPRESENTATION('',(#7008),#7012);
#7008 = LINE('',#7009,#7010);
#7009 = CARTESIAN_POINT('',(0.,0.));
#7010 = VECTOR('',#7011,1.);
#7011 = DIRECTION('',(1.,0.));
#7012 = ( GEOMETRIC_REPRESENTATION_CONTEXT(2) 
PARAMETRIC_REPRESENTATION_CONTEXT() REPRESENTATION_CONTEXT('2D SPACE',''
  ) );
#7013 = PCURVE('',#7014,#7019);
#7014 = PLANE('',#7015);
#7015 = AXIS2_PLACEMENT_3D('',#7016,#7017,#7018);
#7016 = CARTESIAN_POINT('',(-430.,-75.,0.));
#7017 = DIRECTION('',(-0.,1.,0.));
#7018 = DIRECTION('',(0.,0.,1.));
#7019 = DEFINITIONAL_REPRESENTATION('',(#7020),#7024);
#7020 = LINE('',#7021,#7022);
#7021 = CARTESIAN_POINT('',(0.,0.));
#7022 = VECTOR('',#7023,1.);
#7023 = DIRECTION('',(1.,0.));
#7024 = ( GEOMETRIC_REPRESENTATION_CONTEXT(2) 
PARAMETRIC_REPRESENTATION_CONTEXT() REPRESENTATION_CONTEXT('2D SPACE',''
  ) );
#7025 = ORIENTED_EDGE('',*,*,#7026,.T.);
#7026 = EDGE_CURVE('',#6992,#7027,#7029,.T.);
#7027 = VERTEX_POINT('',#7028);
#7028 = CARTESIAN_POINT('',(-430.,55.,0.));
#7029 = SURFACE_CURVE('',#7030,(#7034,#7041),.PCURVE_S1.);
#7030 = LINE('',#7031,#7032);
#7031 = CARTESIAN_POINT('',(-430.,-75.,0.));
#7032 = VECTOR('',#7033,1.);
#7033 = DIRECTION('',(-0.,1.,0.));
#7034 = PCURVE('',#7002,#7035);
#7035 = DEFINITIONAL_REPRESENTATION('',(#7036),#7040);
#7036 = LINE('',#7037,#7038);
#7037 = CARTESIAN_POINT('',(0.,0.));
#7038 = VECTOR('',#7039,1.);
#7039 = DIRECTION('',(0.,-1.));
#7040 = ( GEOMETRIC_REPRESENTATION_CONTEXT(2) 
PARAMETRIC_REPRESENTATION_CONTEXT() REPRESENTATION_CONTEXT('2D SPACE',''
  ) );
#7041 = PCURVE('',#7042,#7047);
#7042 = PLANE('',#7043);
#7043 = AXIS2_PLACEMENT_3D('',#7044,#7045,#7046);
#7044 = CARTESIAN_POINT('',(-430.,-75.,0.));
#7045 = DIRECTION('',(0.,0.,1.));
#7046 = DIRECTION('',(1.,0.,-0.));
#7047 = DEFINITIONAL_REPRESENTATION('',(#7048),#7052);
#7048 = LINE('',#7049,#7050);
#7049 = CARTESIAN_POINT('',(0.,0.));
#7050 = VECTOR('',#7051,1.);
#7051 = DIRECTION('',(0.,1.));
#7052 = ( GEOMETRIC_REPRESENTATION_CONTEXT(2) 
PARAMETRIC_REPRESENTATION_CONTEXT() REPRESENTATION_CONTEXT('2D SPACE',''
  ) );
#7053 = ORIENTED_EDGE('',*,*,#7054,.T.);
#7054 = EDGE_CURVE('',#7027,#7055,#7057,.T.);
#7055 = VERTEX_POINT('',#7056);
#7056 = CARTESIAN_POINT('',(-430.,55.,120.));
#7057 = SURFACE_CURVE('',#7058,(#7062,#7069),.PCURVE_S1.);
#7058 = LINE('',#7059,#7060);
#7059 = CARTESIAN_POINT('',(-430.,55.,0.));
#7060 = VECTOR('',#7061,1.);
#7061 = DIRECTION('',(0.,0.,1.));
#7062 = PCURVE('',#7002,#7063);
#7063 = DEFINITIONAL_REPRESENTATION('',(#7064),#7068);
#7064 = LINE('',#7065,#7066);
#7065 = CARTESIAN_POINT('',(0.,-130.));
#7066 = VECTOR('',#7067,1.);
#7067 = DIRECTION('',(1.,0.));
#7068 = ( GEOMETRIC_REPRESENTATION_CONTEXT(2) 
PARAMETRIC_REPRESENTATION_CONTEXT() REPRESENTATION_CONTEXT('2D SPACE',''
  ) );
#7069 = PCURVE('',#7070,#7075);
#7070 = PLANE('',#7071);
#7071 = AXIS2_PLACEMENT_3D('',#7072,#7073,#7074);
#7072 = CARTESIAN_POINT('',(-430.,55.,0.));
#7073 = DIRECTION('',(-0.,1.,0.));
#7074 = DIRECTION('',(0.,0.,1.));
#7075 = DEFINITIONAL_REPRESENTATION('',(#7076),#7080);
#7076 = LINE('',#7077,#7078);
#7077 = CARTESIAN_POINT('',(0.,0.));
#7078 = VECTOR('',#7079,1.);
#7079 = DIRECTION('',(1.,0.));
#7080 = ( GEOMETRIC_REPRESENTATION_CONTEXT(2) 
PARAMETRIC_REPRESENTATION_CONTEXT() REPRESENTATION_CONTEXT('2D SPACE',''
  ) );
#7081 = ORIENTED_EDGE('',*,*,#7082,.F.);
#7082 = EDGE_CURVE('',#6994,#7055,#7083,.T.);
#7083 = SURFACE_CURVE('',#7084,(#7088,#7095),.PCURVE_S1.);
#7084 = LINE('',#7085,#7086);
#7085 = CARTESIAN_POINT('',(-430.,-75.,120.));
#7086 = VECTOR('',#7087,1.);
#7087 = DIRECTION('',(-0.,1.,0.));
#7088 = PCURVE('',#7002,#7089);
#7089 = DEFINITIONAL_REPRESENTATION('',(#7090),#7094);
#7090 = LINE('',#7091,#7092);
#7091 = CARTESIAN_POINT('',(120.,0.));
#7092 = VECTOR('',#7093,1.);
#7093 = DIRECTION('',(0.,-1.));
#7094 = ( GEOMETRIC_REPRESENTATION_CONTEXT(2) 
PARAMETRIC_REPRESENTATION_CONTEXT() REPRESENTATION_CONTEXT('2D SPACE',''
  ) );
#7095 = PCURVE('',#7096,#7101);
#7096 = PLANE('',#7097);
#7097 = AXIS2_PLACEMENT_3D('',#7098,#7099,#7100);
#7098 = CARTESIAN_POINT('',(-430.,-75.,120.));
#7099 = DIRECTION('',(0.,0.,1.));
#7100 = DIRECTION('',(1.,0.,-0.));
#7101 = DEFINITIONAL_REPRESENTATION('',(#7102),#7106);
#7102 = LINE('',#7103,#7104);
#7103 = CARTESIAN_POINT('',(0.,0.));
#7104 = VECTOR('',#7105,1.);
#7105 = DIRECTION('',(0.,1.));
#7106 = ( GEOMETRIC_REPRESENTATION_CONTEXT(2) 
PARAMETRIC_REPRESENTATION_CONTEXT() REPRESENTATION_CONTEXT('2D SPACE',''
  ) );
#7107 = ADVANCED_FACE('',(#7108,#7183,#7297),#7014,.F.);
#7108 = FACE_BOUND('',#7109,.F.);
#7109 = EDGE_LOOP('',(#7110,#7133,#7134,#7157));
#7110 = ORIENTED_EDGE('',*,*,#7111,.F.);
#7111 = EDGE_CURVE('',#6992,#7112,#7114,.T.);
#7112 = VERTEX_POINT('',#7113);
#7113 = CARTESIAN_POINT('',(-230.,-75.,0.));
#7114 = SURFACE_CURVE('',#7115,(#7119,#7126),.PCURVE_S1.);
#7115 = LINE('',#7116,#7117);
#7116 = CARTESIAN_POINT('',(-430.,-75.,0.));
#7117 = VECTOR('',#7118,1.);
#7118 = DIRECTION('',(1.,0.,-0.));
#7119 = PCURVE('',#7014,#7120);
#7120 = DEFINITIONAL_REPRESENTATION('',(#7121),#7125);
#7121 = LINE('',#7122,#7123);
#7122 = CARTESIAN_POINT('',(0.,0.));
#7123 = VECTOR('',#7124,1.);
#7124 = DIRECTION('',(0.,1.));
#7125 = ( GEOMETRIC_REPRESENTATION_CONTEXT(2) 
PARAMETRIC_REPRESENTATION_CONTEXT() REPRESENTATION_CONTEXT('2D SPACE',''
  ) );
#7126 = PCURVE('',#7042,#7127);
#7127 = DEFINITIONAL_REPRESENTATION('',(#7128),#7132);
#7128 = LINE('',#7129,#7130);
#7129 = CARTESIAN_POINT('',(0.,0.));
#7130 = VECTOR('',#7131,1.);
#7131 = DIRECTION('',(1.,0.));
#7132 = ( GEOMETRIC_REPRESENTATION_CONTEXT(2) 
PARAMETRIC_REPRESENTATION_CONTEXT() REPRESENTATION_CONTEXT('2D SPACE',''
  ) );
#7133 = ORIENTED_EDGE('',*,*,#6991,.T.);
#7134 = ORIENTED_EDGE('',*,*,#7135,.T.);
#7135 = EDGE_CURVE('',#6994,#7136,#7138,.T.);
#7136 = VERTEX_POINT('',#7137);
#7137 = CARTESIAN_POINT('',(-230.,-75.,120.));
#7138 = SURFACE_CURVE('',#7139,(#7143,#7150),.PCURVE_S1.);
#7139 = LINE('',#7140,#7141);
#7140 = CARTESIAN_POINT('',(-430.,-75.,120.));
#7141 = VECTOR('',#7142,1.);
#7142 = DIRECTION('',(1.,0.,-0.));
#7143 = PCURVE('',#7014,#7144);
#7144 = DEFINITIONAL_REPRESENTATION('',(#7145),#7149);
#7145 = LINE('',#7146,#7147);
#7146 = CARTESIAN_POINT('',(120.,0.));
#7147 = VECTOR('',#7148,1.);
#7148 = DIRECTION('',(0.,1.));
#7149 = ( GEOMETRIC_REPRESENTATION_CONTEXT(2) 
PARAMETRIC_REPRESENTATION_CONTEXT() REPRESENTATION_CONTEXT('2D SPACE',''
  ) );
#7150 = PCURVE('',#7096,#7151);
#7151 = DEFINITIONAL_REPRESENTATION('',(#7152),#7156);
#7152 = LINE('',#7153,#7154);
#7153 = CARTESIAN_POINT('',(0.,0.));
#7154 = VECTOR('',#7155,1.);
#7155 = DIRECTION('',(1.,0.));
#7156 = ( GEOMETRIC_REPRESENTATION_CONTEXT(2) 
PARAMETRIC_REPRESENTATION_CONTEXT() REPRESENTATION_CONTEXT('2D SPACE',''
  ) );
#7157 = ORIENTED_EDGE('',*,*,#7158,.F.);
#7158 = EDGE_CURVE('',#7112,#7136,#7159,.T.);
#7159 = SURFACE_CURVE('',#7160,(#7164,#7171),.PCURVE_S1.);
#7160 = LINE('',#7161,#7162);
#7161 = CARTESIAN_POINT('',(-230.,-75.,0.));
#7162 = VECTOR('',#7163,1.);
#7163 = DIRECTION('',(0.,0.,1.));
#7164 = PCURVE('',#7014,#7165);
#7165 = DEFINITIONAL_REPRESENTATION('',(#7166),#7170);
#7166 = LINE('',#7167,#7168);
#7167 = CARTESIAN_POINT('',(0.,200.));
#7168 = VECTOR('',#7169,1.);
#7169 = DIRECTION('',(1.,0.));
#7170 = ( GEOMETRIC_REPRESENTATION_CONTEXT(2) 
PARAMETRIC_REPRESENTATION_CONTEXT() REPRESENTATION_CONTEXT('2D SPACE',''
  ) );
#7171 = PCURVE('',#7172,#7177);
#7172 = PLANE('',#7173);
#7173 = AXIS2_PLACEMENT_3D('',#7174,#7175,#7176);
#7174 = CARTESIAN_POINT('',(-230.,-75.,0.));
#7175 = DIRECTION('',(1.,0.,-0.));
#7176 = DIRECTION('',(0.,0.,1.));
#7177 = DEFINITIONAL_REPRESENTATION('',(#7178),#7182);
#7178 = LINE('',#7179,#7180);
#7179 = CARTESIAN_POINT('',(0.,0.));
#7180 = VECTOR('',#7181,1.);
#7181 = DIRECTION('',(1.,0.));
#7182 = ( GEOMETRIC_REPRESENTATION_CONTEXT(2) 
PARAMETRIC_REPRESENTATION_CONTEXT() REPRESENTATION_CONTEXT('2D SPACE',''
  ) );
#7183 = FACE_BOUND('',#7184,.F.);
#7184 = EDGE_LOOP('',(#7185,#7215,#7243,#7271));
#7185 = ORIENTED_EDGE('',*,*,#7186,.F.);
#7186 = EDGE_CURVE('',#7187,#7189,#7191,.T.);
#7187 = VERTEX_POINT('',#7188);
#7188 = CARTESIAN_POINT('',(-405.,-75.,98.));
#7189 = VERTEX_POINT('',#7190);
#7190 = CARTESIAN_POINT('',(-345.,-75.,98.));
#7191 = SURFACE_CURVE('',#7192,(#7196,#7203),.PCURVE_S1.);
#7192 = LINE('',#7193,#7194);
#7193 = CARTESIAN_POINT('',(-405.,-75.,98.));
#7194 = VECTOR('',#7195,1.);
#7195 = DIRECTION('',(1.,0.,-0.));
#7196 = PCURVE('',#7014,#7197);
#7197 = DEFINITIONAL_REPRESENTATION('',(#7198),#7202);
#7198 = LINE('',#7199,#7200);
#7199 = CARTESIAN_POINT('',(98.,25.));
#7200 = VECTOR('',#7201,1.);
#7201 = DIRECTION('',(0.,1.));
#7202 = ( GEOMETRIC_REPRESENTATION_CONTEXT(2) 
PARAMETRIC_REPRESENTATION_CONTEXT() REPRESENTATION_CONTEXT('2D SPACE',''
  ) );
#7203 = PCURVE('',#7204,#7209);
#7204 = PLANE('',#7205);
#7205 = AXIS2_PLACEMENT_3D('',#7206,#7207,#7208);
#7206 = CARTESIAN_POINT('',(-405.,-81.,98.));
#7207 = DIRECTION('',(0.,0.,1.));
#7208 = DIRECTION('',(1.,0.,-0.));
#7209 = DEFINITIONAL_REPRESENTATION('',(#7210),#7214);
#7210 = LINE('',#7211,#7212);
#7211 = CARTESIAN_POINT('',(0.,6.));
#7212 = VECTOR('',#7213,1.);
#7213 = DIRECTION('',(1.,0.));
#7214 = ( GEOMETRIC_REPRESENTATION_CONTEXT(2) 
PARAMETRIC_REPRESENTATION_CONTEXT() REPRESENTATION_CONTEXT('2D SPACE',''
  ) );
#7215 = ORIENTED_EDGE('',*,*,#7216,.F.);
#7216 = EDGE_CURVE('',#7217,#7187,#7219,.T.);
#7217 = VERTEX_POINT('',#7218);
#7218 = CARTESIAN_POINT('',(-405.,-75.,62.));
#7219 = SURFACE_CURVE('',#7220,(#7224,#7231),.PCURVE_S1.);
#7220 = LINE('',#7221,#7222);
#7221 = CARTESIAN_POINT('',(-405.,-75.,62.));
#7222 = VECTOR('',#7223,1.);
#7223 = DIRECTION('',(0.,0.,1.));
#7224 = PCURVE('',#7014,#7225);
#7225 = DEFINITIONAL_REPRESENTATION('',(#7226),#7230);
#7226 = LINE('',#7227,#7228);
#7227 = CARTESIAN_POINT('',(62.,25.));
#7228 = VECTOR('',#7229,1.);
#7229 = DIRECTION('',(1.,0.));
#7230 = ( GEOMETRIC_REPRESENTATION_CONTEXT(2) 
PARAMETRIC_REPRESENTATION_CONTEXT() REPRESENTATION_CONTEXT('2D SPACE',''
  ) );
#7231 = PCURVE('',#7232,#7237);
#7232 = PLANE('',#7233);
#7233 = AXIS2_PLACEMENT_3D('',#7234,#7235,#7236);
#7234 = CARTESIAN_POINT('',(-405.,-81.,62.));
#7235 = DIRECTION('',(1.,0.,-0.));
#7236 = DIRECTION('',(0.,0.,1.));
#7237 = DEFINITIONAL_REPRESENTATION('',(#7238),#7242);
#7238 = LINE('',#7239,#7240);
#7239 = CARTESIAN_POINT('',(0.,-6.));
#7240 = VECTOR('',#7241,1.);
#7241 = DIRECTION('',(1.,0.));
#7242 = ( GEOMETRIC_REPRESENTATION_CONTEXT(2) 
PARAMETRIC_REPRESENTATION_CONTEXT() REPRESENTATION_CONTEXT('2D SPACE',''
  ) );
#7243 = ORIENTED_EDGE('',*,*,#7244,.T.);
#7244 = EDGE_CURVE('',#7217,#7245,#7247,.T.);
#7245 = VERTEX_POINT('',#7246);
#7246 = CARTESIAN_POINT('',(-345.,-75.,62.));
#7247 = SURFACE_CURVE('',#7248,(#7252,#7259),.PCURVE_S1.);
#7248 = LINE('',#7249,#7250);
#7249 = CARTESIAN_POINT('',(-405.,-75.,62.));
#7250 = VECTOR('',#7251,1.);
#7251 = DIRECTION('',(1.,0.,-0.));
#7252 = PCURVE('',#7014,#7253);
#7253 = DEFINITIONAL_REPRESENTATION('',(#7254),#7258);
#7254 = LINE('',#7255,#7256);
#7255 = CARTESIAN_POINT('',(62.,25.));
#7256 = VECTOR('',#7257,1.);
#7257 = DIRECTION('',(0.,1.));
#7258 = ( GEOMETRIC_REPRESENTATION_CONTEXT(2) 
PARAMETRIC_REPRESENTATION_CONTEXT() REPRESENTATION_CONTEXT('2D SPACE',''
  ) );
#7259 = PCURVE('',#7260,#7265);
#7260 = PLANE('',#7261);
#7261 = AXIS2_PLACEMENT_3D('',#7262,#7263,#7264);
#7262 = CARTESIAN_POINT('',(-405.,-81.,62.));
#7263 = DIRECTION('',(0.,0.,1.));
#7264 = DIRECTION('',(1.,0.,-0.));
#7265 = DEFINITIONAL_REPRESENTATION('',(#7266),#7270);
#7266 = LINE('',#7267,#7268);
#7267 = CARTESIAN_POINT('',(0.,6.));
#7268 = VECTOR('',#7269,1.);
#7269 = DIRECTION('',(1.,0.));
#7270 = ( GEOMETRIC_REPRESENTATION_CONTEXT(2) 
PARAMETRIC_REPRESENTATION_CONTEXT() REPRESENTATION_CONTEXT('2D SPACE',''
  ) );
#7271 = ORIENTED_EDGE('',*,*,#7272,.T.);
#7272 = EDGE_CURVE('',#7245,#7189,#7273,.T.);
#7273 = SURFACE_CURVE('',#7274,(#7278,#7285),.PCURVE_S1.);
#7274 = LINE('',#7275,#7276);
#7275 = CARTESIAN_POINT('',(-345.,-75.,62.));
#7276 = VECTOR('',#7277,1.);
#7277 = DIRECTION('',(0.,0.,1.));
#7278 = PCURVE('',#7014,#7279);
#7279 = DEFINITIONAL_REPRESENTATION('',(#7280),#7284);
#7280 = LINE('',#7281,#7282);
#7281 = CARTESIAN_POINT('',(62.,85.));
#7282 = VECTOR('',#7283,1.);
#7283 = DIRECTION('',(1.,0.));
#7284 = ( GEOMETRIC_REPRESENTATION_CONTEXT(2) 
PARAMETRIC_REPRESENTATION_CONTEXT() REPRESENTATION_CONTEXT('2D SPACE',''
  ) );
#7285 = PCURVE('',#7286,#7291);
#7286 = PLANE('',#7287);
#7287 = AXIS2_PLACEMENT_3D('',#7288,#7289,#7290);
#7288 = CARTESIAN_POINT('',(-345.,-81.,62.));
#7289 = DIRECTION('',(1.,0.,-0.));
#7290 = DIRECTION('',(0.,0.,1.));
#7291 = DEFINITIONAL_REPRESENTATION('',(#7292),#7296);
#7292 = LINE('',#7293,#7294);
#7293 = CARTESIAN_POINT('',(0.,-6.));
#7294 = VECTOR('',#7295,1.);
#7295 = DIRECTION('',(1.,0.));
#7296 = ( GEOMETRIC_REPRESENTATION_CONTEXT(2) 
PARAMETRIC_REPRESENTATION_CONTEXT() REPRESENTATION_CONTEXT('2D SPACE',''
  ) );
#7297 = FACE_BOUND('',#7298,.F.);
#7298 = EDGE_LOOP('',(#7299,#7329,#7357,#7385));
#7299 = ORIENTED_EDGE('',*,*,#7300,.F.);
#7300 = EDGE_CURVE('',#7301,#7303,#7305,.T.);
#7301 = VERTEX_POINT('',#7302);
#7302 = CARTESIAN_POINT('',(-315.,-75.,98.));
#7303 = VERTEX_POINT('',#7304);
#7304 = CARTESIAN_POINT('',(-255.,-75.,98.));
#7305 = SURFACE_CURVE('',#7306,(#7310,#7317),.PCURVE_S1.);
#7306 = LINE('',#7307,#7308);
#7307 = CARTESIAN_POINT('',(-315.,-75.,98.));
#7308 = VECTOR('',#7309,1.);
#7309 = DIRECTION('',(1.,0.,-0.));
#7310 = PCURVE('',#7014,#7311);
#7311 = DEFINITIONAL_REPRESENTATION('',(#7312),#7316);
#7312 = LINE('',#7313,#7314);
#7313 = CARTESIAN_POINT('',(98.,115.));
#7314 = VECTOR('',#7315,1.);
#7315 = DIRECTION('',(0.,1.));
#7316 = ( GEOMETRIC_REPRESENTATION_CONTEXT(2) 
PARAMETRIC_REPRESENTATION_CONTEXT() REPRESENTATION_CONTEXT('2D SPACE',''
  ) );
#7317 = PCURVE('',#7318,#7323);
#7318 = PLANE('',#7319);
#7319 = AXIS2_PLACEMENT_3D('',#7320,#7321,#7322);
#7320 = CARTESIAN_POINT('',(-315.,-81.,98.));
#7321 = DIRECTION('',(0.,0.,1.));
#7322 = DIRECTION('',(1.,0.,-0.));
#7323 = DEFINITIONAL_REPRESENTATION('',(#7324),#7328);
#7324 = LINE('',#7325,#7326);
#7325 = CARTESIAN_POINT('',(0.,6.));
#7326 = VECTOR('',#7327,1.);
#7327 = DIRECTION('',(1.,0.));
#7328 = ( GEOMETRIC_REPRESENTATION_CONTEXT(2) 
PARAMETRIC_REPRESENTATION_CONTEXT() REPRESENTATION_CONTEXT('2D SPACE',''
  ) );
#7329 = ORIENTED_EDGE('',*,*,#7330,.F.);
#7330 = EDGE_CURVE('',#7331,#7301,#7333,.T.);
#7331 = VERTEX_POINT('',#7332);
#7332 = CARTESIAN_POINT('',(-315.,-75.,62.));
#7333 = SURFACE_CURVE('',#7334,(#7338,#7345),.PCURVE_S1.);
#7334 = LINE('',#7335,#7336);
#7335 = CARTESIAN_POINT('',(-315.,-75.,62.));
#7336 = VECTOR('',#7337,1.);
#7337 = DIRECTION('',(0.,0.,1.));
#7338 = PCURVE('',#7014,#7339);
#7339 = DEFINITIONAL_REPRESENTATION('',(#7340),#7344);
#7340 = LINE('',#7341,#7342);
#7341 = CARTESIAN_POINT('',(62.,115.));
#7342 = VECTOR('',#7343,1.);
#7343 = DIRECTION('',(1.,0.));
#7344 = ( GEOMETRIC_REPRESENTATION_CONTEXT(2) 
PARAMETRIC_REPRESENTATION_CONTEXT() REPRESENTATION_CONTEXT('2D SPACE',''
  ) );
#7345 = PCURVE('',#7346,#7351);
#7346 = PLANE('',#7347);
#7347 = AXIS2_PLACEMENT_3D('',#7348,#7349,#7350);
#7348 = CARTESIAN_POINT('',(-315.,-81.,62.));
#7349 = DIRECTION('',(1.,0.,-0.));
#7350 = DIRECTION('',(0.,0.,1.));
#7351 = DEFINITIONAL_REPRESENTATION('',(#7352),#7356);
#7352 = LINE('',#7353,#7354);
#7353 = CARTESIAN_POINT('',(0.,-6.));
#7354 = VECTOR('',#7355,1.);
#7355 = DIRECTION('',(1.,0.));
#7356 = ( GEOMETRIC_REPRESENTATION_CONTEXT(2) 
PARAMETRIC_REPRESENTATION_CONTEXT() REPRESENTATION_CONTEXT('2D SPACE',''
  ) );
#7357 = ORIENTED_EDGE('',*,*,#7358,.T.);
#7358 = EDGE_CURVE('',#7331,#7359,#7361,.T.);
#7359 = VERTEX_POINT('',#7360);
#7360 = CARTESIAN_POINT('',(-255.,-75.,62.));
#7361 = SURFACE_CURVE('',#7362,(#7366,#7373),.PCURVE_S1.);
#7362 = LINE('',#7363,#7364);
#7363 = CARTESIAN_POINT('',(-315.,-75.,62.));
#7364 = VECTOR('',#7365,1.);
#7365 = DIRECTION('',(1.,0.,-0.));
#7366 = PCURVE('',#7014,#7367);
#7367 = DEFINITIONAL_REPRESENTATION('',(#7368),#7372);
#7368 = LINE('',#7369,#7370);
#7369 = CARTESIAN_POINT('',(62.,115.));
#7370 = VECTOR('',#7371,1.);
#7371 = DIRECTION('',(0.,1.));
#7372 = ( GEOMETRIC_REPRESENTATION_CONTEXT(2) 
PARAMETRIC_REPRESENTATION_CONTEXT() REPRESENTATION_CONTEXT('2D SPACE',''
  ) );
#7373 = PCURVE('',#7374,#7379);
#7374 = PLANE('',#7375);
#7375 = AXIS2_PLACEMENT_3D('',#7376,#7377,#7378);
#7376 = CARTESIAN_POINT('',(-315.,-81.,62.));
#7377 = DIRECTION('',(0.,0.,1.));
#7378 = DIRECTION('',(1.,0.,-0.));
#7379 = DEFINITIONAL_REPRESENTATION('',(#7380),#7384);
#7380 = LINE('',#7381,#7382);
#7381 = CARTESIAN_POINT('',(0.,6.));
#7382 = VECTOR('',#7383,1.);
#7383 = DIRECTION('',(1.,0.));
#7384 = ( GEOMETRIC_REPRESENTATION_CONTEXT(2) 
PARAMETRIC_REPRESENTATION_CONTEXT() REPRESENTATION_CONTEXT('2D SPACE',''
  ) );
#7385 = ORIENTED_EDGE('',*,*,#7386,.T.);
#7386 = EDGE_CURVE('',#7359,#7303,#7387,.T.);
#7387 = SURFACE_CURVE('',#7388,(#7392,#7399),.PCURVE_S1.);
#7388 = LINE('',#7389,#7390);
#7389 = CARTESIAN_POINT('',(-255.,-75.,62.));
#7390 = VECTOR('',#7391,1.);
#7391 = DIRECTION('',(0.,0.,1.));
#7392 = PCURVE('',#7014,#7393);
#7393 = DEFINITIONAL_REPRESENTATION('',(#7394),#7398);
#7394 = LINE('',#7395,#7396);
#7395 = CARTESIAN_POINT('',(62.,175.));
#7396 = VECTOR('',#7397,1.);
#7397 = DIRECTION('',(1.,0.));
#7398 = ( GEOMETRIC_REPRESENTATION_CONTEXT(2) 
PARAMETRIC_REPRESENTATION_CONTEXT() REPRESENTATION_CONTEXT('2D SPACE',''
  ) );
#7399 = PCURVE('',#7400,#7405);
#7400 = PLANE('',#7401);
#7401 = AXIS2_PLACEMENT_3D('',#7402,#7403,#7404);
#7402 = CARTESIAN_POINT('',(-255.,-81.,62.));
#7403 = DIRECTION('',(1.,0.,-0.));
#7404 = DIRECTION('',(0.,0.,1.));
#7405 = DEFINITIONAL_REPRESENTATION('',(#7406),#7410);
#7406 = LINE('',#7407,#7408);
#7407 = CARTESIAN_POINT('',(0.,-6.));
#7408 = VECTOR('',#7409,1.);
#7409 = DIRECTION('',(1.,0.));
#7410 = ( GEOMETRIC_REPRESENTATION_CONTEXT(2) 
PARAMETRIC_REPRESENTATION_CONTEXT() REPRESENTATION_CONTEXT('2D SPACE',''
  ) );
#7411 = ADVANCED_FACE('',(#7412),#7096,.T.);
#7412 = FACE_BOUND('',#7413,.T.);
#7413 = EDGE_LOOP('',(#7414,#7415,#7416,#7439));
#7414 = ORIENTED_EDGE('',*,*,#7082,.F.);
#7415 = ORIENTED_EDGE('',*,*,#7135,.T.);
#7416 = ORIENTED_EDGE('',*,*,#7417,.T.);
#7417 = EDGE_CURVE('',#7136,#7418,#7420,.T.);
#7418 = VERTEX_POINT('',#7419);
#7419 = CARTESIAN_POINT('',(-230.,55.,120.));
#7420 = SURFACE_CURVE('',#7421,(#7425,#7432),.PCURVE_S1.);
#7421 = LINE('',#7422,#7423);
#7422 = CARTESIAN_POINT('',(-230.,-75.,120.));
#7423 = VECTOR('',#7424,1.);
#7424 = DIRECTION('',(-0.,1.,0.));
#7425 = PCURVE('',#7096,#7426);
#7426 = DEFINITIONAL_REPRESENTATION('',(#7427),#7431);
#7427 = LINE('',#7428,#7429);
#7428 = CARTESIAN_POINT('',(200.,0.));
#7429 = VECTOR('',#7430,1.);
#7430 = DIRECTION('',(0.,1.));
#7431 = ( GEOMETRIC_REPRESENTATION_CONTEXT(2) 
PARAMETRIC_REPRESENTATION_CONTEXT() REPRESENTATION_CONTEXT('2D SPACE',''
  ) );
#7432 = PCURVE('',#7172,#7433);
#7433 = DEFINITIONAL_REPRESENTATION('',(#7434),#7438);
#7434 = LINE('',#7435,#7436);
#7435 = CARTESIAN_POINT('',(120.,0.));
#7436 = VECTOR('',#7437,1.);
#7437 = DIRECTION('',(0.,-1.));
#7438 = ( GEOMETRIC_REPRESENTATION_CONTEXT(2) 
PARAMETRIC_REPRESENTATION_CONTEXT() REPRESENTATION_CONTEXT('2D SPACE',''
  ) );
#7439 = ORIENTED_EDGE('',*,*,#7440,.F.);
#7440 = EDGE_CURVE('',#7055,#7418,#7441,.T.);
#7441 = SURFACE_CURVE('',#7442,(#7446,#7453),.PCURVE_S1.);
#7442 = LINE('',#7443,#7444);
#7443 = CARTESIAN_POINT('',(-430.,55.,120.));
#7444 = VECTOR('',#7445,1.);
#7445 = DIRECTION('',(1.,0.,-0.));
#7446 = PCURVE('',#7096,#7447);
#7447 = DEFINITIONAL_REPRESENTATION('',(#7448),#7452);
#7448 = LINE('',#7449,#7450);
#7449 = CARTESIAN_POINT('',(0.,130.));
#7450 = VECTOR('',#7451,1.);
#7451 = DIRECTION('',(1.,0.));
#7452 = ( GEOMETRIC_REPRESENTATION_CONTEXT(2) 
PARAMETRIC_REPRESENTATION_CONTEXT() REPRESENTATION_CONTEXT('2D SPACE',''
  ) );
#7453 = PCURVE('',#7070,#7454);
#7454 = DEFINITIONAL_REPRESENTATION('',(#7455),#7459);
#7455 = LINE('',#7456,#7457);
#7456 = CARTESIAN_POINT('',(120.,0.));
#7457 = VECTOR('',#7458,1.);
#7458 = DIRECTION('',(0.,1.));
#7459 = ( GEOMETRIC_REPRESENTATION_CONTEXT(2) 
PARAMETRIC_REPRESENTATION_CONTEXT() REPRESENTATION_CONTEXT('2D SPACE',''
  ) );
#7460 = ADVANCED_FACE('',(#7461),#7070,.T.);
#7461 = FACE_BOUND('',#7462,.T.);
#7462 = EDGE_LOOP('',(#7463,#7486,#7487,#7488));
#7463 = ORIENTED_EDGE('',*,*,#7464,.F.);
#7464 = EDGE_CURVE('',#7027,#7465,#7467,.T.);
#7465 = VERTEX_POINT('',#7466);
#7466 = CARTESIAN_POINT('',(-230.,55.,0.));
#7467 = SURFACE_CURVE('',#7468,(#7472,#7479),.PCURVE_S1.);
#7468 = LINE('',#7469,#7470);
#7469 = CARTESIAN_POINT('',(-430.,55.,0.));
#7470 = VECTOR('',#7471,1.);
#7471 = DIRECTION('',(1.,0.,-0.));
#7472 = PCURVE('',#7070,#7473);
#7473 = DEFINITIONAL_REPRESENTATION('',(#7474),#7478);
#7474 = LINE('',#7475,#7476);
#7475 = CARTESIAN_POINT('',(0.,0.));
#7476 = VECTOR('',#7477,1.);
#7477 = DIRECTION('',(0.,1.));
#7478 = ( GEOMETRIC_REPRESENTATION_CONTEXT(2) 
PARAMETRIC_REPRESENTATION_CONTEXT() REPRESENTATION_CONTEXT('2D SPACE',''
  ) );
#7479 = PCURVE('',#7042,#7480);
#7480 = DEFINITIONAL_REPRESENTATION('',(#7481),#7485);
#7481 = LINE('',#7482,#7483);
#7482 = CARTESIAN_POINT('',(0.,130.));
#7483 = VECTOR('',#7484,1.);
#7484 = DIRECTION('',(1.,0.));
#7485 = ( GEOMETRIC_REPRESENTATION_CONTEXT(2) 
PARAMETRIC_REPRESENTATION_CONTEXT() REPRESENTATION_CONTEXT('2D SPACE',''
  ) );
#7486 = ORIENTED_EDGE('',*,*,#7054,.T.);
#7487 = ORIENTED_EDGE('',*,*,#7440,.T.);
#7488 = ORIENTED_EDGE('',*,*,#7489,.F.);
#7489 = EDGE_CURVE('',#7465,#7418,#7490,.T.);
#7490 = SURFACE_CURVE('',#7491,(#7495,#7502),.PCURVE_S1.);
#7491 = LINE('',#7492,#7493);
#7492 = CARTESIAN_POINT('',(-230.,55.,0.));
#7493 = VECTOR('',#7494,1.);
#7494 = DIRECTION('',(0.,0.,1.));
#7495 = PCURVE('',#7070,#7496);
#7496 = DEFINITIONAL_REPRESENTATION('',(#7497),#7501);
#7497 = LINE('',#7498,#7499);
#7498 = CARTESIAN_POINT('',(0.,200.));
#7499 = VECTOR('',#7500,1.);
#7500 = DIRECTION('',(1.,0.));
#7501 = ( GEOMETRIC_REPRESENTATION_CONTEXT(2) 
PARAMETRIC_REPRESENTATION_CONTEXT() REPRESENTATION_CONTEXT('2D SPACE',''
  ) );
#7502 = PCURVE('',#7172,#7503);
#7503 = DEFINITIONAL_REPRESENTATION('',(#7504),#7508);
#7504 = LINE('',#7505,#7506);
#7505 = CARTESIAN_POINT('',(0.,-130.));
#7506 = VECTOR('',#7507,1.);
#7507 = DIRECTION('',(1.,0.));
#7508 = ( GEOMETRIC_REPRESENTATION_CONTEXT(2) 
PARAMETRIC_REPRESENTATION_CONTEXT() REPRESENTATION_CONTEXT('2D SPACE',''
  ) );
#7509 = ADVANCED_FACE('',(#7510),#7042,.F.);
#7510 = FACE_BOUND('',#7511,.F.);
#7511 = EDGE_LOOP('',(#7512,#7513,#7514,#7535));
#7512 = ORIENTED_EDGE('',*,*,#7026,.F.);
#7513 = ORIENTED_EDGE('',*,*,#7111,.T.);
#7514 = ORIENTED_EDGE('',*,*,#7515,.T.);
#7515 = EDGE_CURVE('',#7112,#7465,#7516,.T.);
#7516 = SURFACE_CURVE('',#7517,(#7521,#7528),.PCURVE_S1.);
#7517 = LINE('',#7518,#7519);
#7518 = CARTESIAN_POINT('',(-230.,-75.,0.));
#7519 = VECTOR('',#7520,1.);
#7520 = DIRECTION('',(-0.,1.,0.));
#7521 = PCURVE('',#7042,#7522);
#7522 = DEFINITIONAL_REPRESENTATION('',(#7523),#7527);
#7523 = LINE('',#7524,#7525);
#7524 = CARTESIAN_POINT('',(200.,0.));
#7525 = VECTOR('',#7526,1.);
#7526 = DIRECTION('',(0.,1.));
#7527 = ( GEOMETRIC_REPRESENTATION_CONTEXT(2) 
PARAMETRIC_REPRESENTATION_CONTEXT() REPRESENTATION_CONTEXT('2D SPACE',''
  ) );
#7528 = PCURVE('',#7172,#7529);
#7529 = DEFINITIONAL_REPRESENTATION('',(#7530),#7534);
#7530 = LINE('',#7531,#7532);
#7531 = CARTESIAN_POINT('',(0.,0.));
#7532 = VECTOR('',#7533,1.);
#7533 = DIRECTION('',(0.,-1.));
#7534 = ( GEOMETRIC_REPRESENTATION_CONTEXT(2) 
PARAMETRIC_REPRESENTATION_CONTEXT() REPRESENTATION_CONTEXT('2D SPACE',''
  ) );
#7535 = ORIENTED_EDGE('',*,*,#7464,.F.);
#7536 = ADVANCED_FACE('',(#7537),#7172,.T.);
#7537 = FACE_BOUND('',#7538,.T.);
#7538 = EDGE_LOOP('',(#7539,#7540,#7541,#7542));
#7539 = ORIENTED_EDGE('',*,*,#7158,.F.);
#7540 = ORIENTED_EDGE('',*,*,#7515,.T.);
#7541 = ORIENTED_EDGE('',*,*,#7489,.T.);
#7542 = ORIENTED_EDGE('',*,*,#7417,.F.);
#7543 = ADVANCED_FACE('',(#7544),#7204,.T.);
#7544 = FACE_BOUND('',#7545,.T.);
#7545 = EDGE_LOOP('',(#7546,#7569,#7597,#7618));
#7546 = ORIENTED_EDGE('',*,*,#7547,.F.);
#7547 = EDGE_CURVE('',#7548,#7187,#7550,.T.);
#7548 = VERTEX_POINT('',#7549);
#7549 = CARTESIAN_POINT('',(-405.,-81.,98.));
#7550 = SURFACE_CURVE('',#7551,(#7555,#7562),.PCURVE_S1.);
#7551 = LINE('',#7552,#7553);
#7552 = CARTESIAN_POINT('',(-405.,-81.,98.));
#7553 = VECTOR('',#7554,1.);
#7554 = DIRECTION('',(-0.,1.,0.));
#7555 = PCURVE('',#7204,#7556);
#7556 = DEFINITIONAL_REPRESENTATION('',(#7557),#7561);
#7557 = LINE('',#7558,#7559);
#7558 = CARTESIAN_POINT('',(0.,0.));
#7559 = VECTOR('',#7560,1.);
#7560 = DIRECTION('',(0.,1.));
#7561 = ( GEOMETRIC_REPRESENTATION_CONTEXT(2) 
PARAMETRIC_REPRESENTATION_CONTEXT() REPRESENTATION_CONTEXT('2D SPACE',''
  ) );
#7562 = PCURVE('',#7232,#7563);
#7563 = DEFINITIONAL_REPRESENTATION('',(#7564),#7568);
#7564 = LINE('',#7565,#7566);
#7565 = CARTESIAN_POINT('',(36.,0.));
#7566 = VECTOR('',#7567,1.);
#7567 = DIRECTION('',(0.,-1.));
#7568 = ( GEOMETRIC_REPRESENTATION_CONTEXT(2) 
PARAMETRIC_REPRESENTATION_CONTEXT() REPRESENTATION_CONTEXT('2D SPACE',''
  ) );
#7569 = ORIENTED_EDGE('',*,*,#7570,.T.);
#7570 = EDGE_CURVE('',#7548,#7571,#7573,.T.);
#7571 = VERTEX_POINT('',#7572);
#7572 = CARTESIAN_POINT('',(-345.,-81.,98.));
#7573 = SURFACE_CURVE('',#7574,(#7578,#7585),.PCURVE_S1.);
#7574 = LINE('',#7575,#7576);
#7575 = CARTESIAN_POINT('',(-405.,-81.,98.));
#7576 = VECTOR('',#7577,1.);
#7577 = DIRECTION('',(1.,0.,-0.));
#7578 = PCURVE('',#7204,#7579);
#7579 = DEFINITIONAL_REPRESENTATION('',(#7580),#7584);
#7580 = LINE('',#7581,#7582);
#7581 = CARTESIAN_POINT('',(0.,0.));
#7582 = VECTOR('',#7583,1.);
#7583 = DIRECTION('',(1.,0.));
#7584 = ( GEOMETRIC_REPRESENTATION_CONTEXT(2) 
PARAMETRIC_REPRESENTATION_CONTEXT() REPRESENTATION_CONTEXT('2D SPACE',''
  ) );
#7585 = PCURVE('',#7586,#7591);
#7586 = PLANE('',#7587);
#7587 = AXIS2_PLACEMENT_3D('',#7588,#7589,#7590);
#7588 = CARTESIAN_POINT('',(-405.,-81.,62.));
#7589 = DIRECTION('',(-0.,1.,0.));
#7590 = DIRECTION('',(0.,0.,1.));
#7591 = DEFINITIONAL_REPRESENTATION('',(#7592),#7596);
#7592 = LINE('',#7593,#7594);
#7593 = CARTESIAN_POINT('',(36.,0.));
#7594 = VECTOR('',#7595,1.);
#7595 = DIRECTION('',(0.,1.));
#7596 = ( GEOMETRIC_REPRESENTATION_CONTEXT(2) 
PARAMETRIC_REPRESENTATION_CONTEXT() REPRESENTATION_CONTEXT('2D SPACE',''
  ) );
#7597 = ORIENTED_EDGE('',*,*,#7598,.T.);
#7598 = EDGE_CURVE('',#7571,#7189,#7599,.T.);
#7599 = SURFACE_CURVE('',#7600,(#7604,#7611),.PCURVE_S1.);
#7600 = LINE('',#7601,#7602);
#7601 = CARTESIAN_POINT('',(-345.,-81.,98.));
#7602 = VECTOR('',#7603,1.);
#7603 = DIRECTION('',(-0.,1.,0.));
#7604 = PCURVE('',#7204,#7605);
#7605 = DEFINITIONAL_REPRESENTATION('',(#7606),#7610);
#7606 = LINE('',#7607,#7608);
#7607 = CARTESIAN_POINT('',(60.,0.));
#7608 = VECTOR('',#7609,1.);
#7609 = DIRECTION('',(0.,1.));
#7610 = ( GEOMETRIC_REPRESENTATION_CONTEXT(2) 
PARAMETRIC_REPRESENTATION_CONTEXT() REPRESENTATION_CONTEXT('2D SPACE',''
  ) );
#7611 = PCURVE('',#7286,#7612);
#7612 = DEFINITIONAL_REPRESENTATION('',(#7613),#7617);
#7613 = LINE('',#7614,#7615);
#7614 = CARTESIAN_POINT('',(36.,0.));
#7615 = VECTOR('',#7616,1.);
#7616 = DIRECTION('',(0.,-1.));
#7617 = ( GEOMETRIC_REPRESENTATION_CONTEXT(2) 
PARAMETRIC_REPRESENTATION_CONTEXT() REPRESENTATION_CONTEXT('2D SPACE',''
  ) );
#7618 = ORIENTED_EDGE('',*,*,#7186,.F.);
#7619 = ADVANCED_FACE('',(#7620),#7286,.T.);
#7620 = FACE_BOUND('',#7621,.T.);
#7621 = EDGE_LOOP('',(#7622,#7645,#7666,#7667));
#7622 = ORIENTED_EDGE('',*,*,#7623,.F.);
#7623 = EDGE_CURVE('',#7624,#7571,#7626,.T.);
#7624 = VERTEX_POINT('',#7625);
#7625 = CARTESIAN_POINT('',(-345.,-81.,62.));
#7626 = SURFACE_CURVE('',#7627,(#7631,#7638),.PCURVE_S1.);
#7627 = LINE('',#7628,#7629);
#7628 = CARTESIAN_POINT('',(-345.,-81.,62.));
#7629 = VECTOR('',#7630,1.);
#7630 = DIRECTION('',(0.,0.,1.));
#7631 = PCURVE('',#7286,#7632);
#7632 = DEFINITIONAL_REPRESENTATION('',(#7633),#7637);
#7633 = LINE('',#7634,#7635);
#7634 = CARTESIAN_POINT('',(0.,0.));
#7635 = VECTOR('',#7636,1.);
#7636 = DIRECTION('',(1.,0.));
#7637 = ( GEOMETRIC_REPRESENTATION_CONTEXT(2) 
PARAMETRIC_REPRESENTATION_CONTEXT() REPRESENTATION_CONTEXT('2D SPACE',''
  ) );
#7638 = PCURVE('',#7586,#7639);
#7639 = DEFINITIONAL_REPRESENTATION('',(#7640),#7644);
#7640 = LINE('',#7641,#7642);
#7641 = CARTESIAN_POINT('',(0.,60.));
#7642 = VECTOR('',#7643,1.);
#7643 = DIRECTION('',(1.,0.));
#7644 = ( GEOMETRIC_REPRESENTATION_CONTEXT(2) 
PARAMETRIC_REPRESENTATION_CONTEXT() REPRESENTATION_CONTEXT('2D SPACE',''
  ) );
#7645 = ORIENTED_EDGE('',*,*,#7646,.T.);
#7646 = EDGE_CURVE('',#7624,#7245,#7647,.T.);
#7647 = SURFACE_CURVE('',#7648,(#7652,#7659),.PCURVE_S1.);
#7648 = LINE('',#7649,#7650);
#7649 = CARTESIAN_POINT('',(-345.,-81.,62.));
#7650 = VECTOR('',#7651,1.);
#7651 = DIRECTION('',(-0.,1.,0.));
#7652 = PCURVE('',#7286,#7653);
#7653 = DEFINITIONAL_REPRESENTATION('',(#7654),#7658);
#7654 = LINE('',#7655,#7656);
#7655 = CARTESIAN_POINT('',(0.,0.));
#7656 = VECTOR('',#7657,1.);
#7657 = DIRECTION('',(0.,-1.));
#7658 = ( GEOMETRIC_REPRESENTATION_CONTEXT(2) 
PARAMETRIC_REPRESENTATION_CONTEXT() REPRESENTATION_CONTEXT('2D SPACE',''
  ) );
#7659 = PCURVE('',#7260,#7660);
#7660 = DEFINITIONAL_REPRESENTATION('',(#7661),#7665);
#7661 = LINE('',#7662,#7663);
#7662 = CARTESIAN_POINT('',(60.,0.));
#7663 = VECTOR('',#7664,1.);
#7664 = DIRECTION('',(0.,1.));
#7665 = ( GEOMETRIC_REPRESENTATION_CONTEXT(2) 
PARAMETRIC_REPRESENTATION_CONTEXT() REPRESENTATION_CONTEXT('2D SPACE',''
  ) );
#7666 = ORIENTED_EDGE('',*,*,#7272,.T.);
#7667 = ORIENTED_EDGE('',*,*,#7598,.F.);
#7668 = ADVANCED_FACE('',(#7669),#7232,.F.);
#7669 = FACE_BOUND('',#7670,.F.);
#7670 = EDGE_LOOP('',(#7671,#7694,#7715,#7716));
#7671 = ORIENTED_EDGE('',*,*,#7672,.F.);
#7672 = EDGE_CURVE('',#7673,#7548,#7675,.T.);
#7673 = VERTEX_POINT('',#7674);
#7674 = CARTESIAN_POINT('',(-405.,-81.,62.));
#7675 = SURFACE_CURVE('',#7676,(#7680,#7687),.PCURVE_S1.);
#7676 = LINE('',#7677,#7678);
#7677 = CARTESIAN_POINT('',(-405.,-81.,62.));
#7678 = VECTOR('',#7679,1.);
#7679 = DIRECTION('',(0.,0.,1.));
#7680 = PCURVE('',#7232,#7681);
#7681 = DEFINITIONAL_REPRESENTATION('',(#7682),#7686);
#7682 = LINE('',#7683,#7684);
#7683 = CARTESIAN_POINT('',(0.,0.));
#7684 = VECTOR('',#7685,1.);
#7685 = DIRECTION('',(1.,0.));
#7686 = ( GEOMETRIC_REPRESENTATION_CONTEXT(2) 
PARAMETRIC_REPRESENTATION_CONTEXT() REPRESENTATION_CONTEXT('2D SPACE',''
  ) );
#7687 = PCURVE('',#7586,#7688);
#7688 = DEFINITIONAL_REPRESENTATION('',(#7689),#7693);
#7689 = LINE('',#7690,#7691);
#7690 = CARTESIAN_POINT('',(0.,0.));
#7691 = VECTOR('',#7692,1.);
#7692 = DIRECTION('',(1.,0.));
#7693 = ( GEOMETRIC_REPRESENTATION_CONTEXT(2) 
PARAMETRIC_REPRESENTATION_CONTEXT() REPRESENTATION_CONTEXT('2D SPACE',''
  ) );
#7694 = ORIENTED_EDGE('',*,*,#7695,.T.);
#7695 = EDGE_CURVE('',#7673,#7217,#7696,.T.);
#7696 = SURFACE_CURVE('',#7697,(#7701,#7708),.PCURVE_S1.);
#7697 = LINE('',#7698,#7699);
#7698 = CARTESIAN_POINT('',(-405.,-81.,62.));
#7699 = VECTOR('',#7700,1.);
#7700 = DIRECTION('',(-0.,1.,0.));
#7701 = PCURVE('',#7232,#7702);
#7702 = DEFINITIONAL_REPRESENTATION('',(#7703),#7707);
#7703 = LINE('',#7704,#7705);
#7704 = CARTESIAN_POINT('',(0.,0.));
#7705 = VECTOR('',#7706,1.);
#7706 = DIRECTION('',(0.,-1.));
#7707 = ( GEOMETRIC_REPRESENTATION_CONTEXT(2) 
PARAMETRIC_REPRESENTATION_CONTEXT() REPRESENTATION_CONTEXT('2D SPACE',''
  ) );
#7708 = PCURVE('',#7260,#7709);
#7709 = DEFINITIONAL_REPRESENTATION('',(#7710),#7714);
#7710 = LINE('',#7711,#7712);
#7711 = CARTESIAN_POINT('',(0.,0.));
#7712 = VECTOR('',#7713,1.);
#7713 = DIRECTION('',(0.,1.));
#7714 = ( GEOMETRIC_REPRESENTATION_CONTEXT(2) 
PARAMETRIC_REPRESENTATION_CONTEXT() REPRESENTATION_CONTEXT('2D SPACE',''
  ) );
#7715 = ORIENTED_EDGE('',*,*,#7216,.T.);
#7716 = ORIENTED_EDGE('',*,*,#7547,.F.);
#7717 = ADVANCED_FACE('',(#7718),#7260,.F.);
#7718 = FACE_BOUND('',#7719,.F.);
#7719 = EDGE_LOOP('',(#7720,#7721,#7742,#7743));
#7720 = ORIENTED_EDGE('',*,*,#7695,.F.);
#7721 = ORIENTED_EDGE('',*,*,#7722,.T.);
#7722 = EDGE_CURVE('',#7673,#7624,#7723,.T.);
#7723 = SURFACE_CURVE('',#7724,(#7728,#7735),.PCURVE_S1.);
#7724 = LINE('',#7725,#7726);
#7725 = CARTESIAN_POINT('',(-405.,-81.,62.));
#7726 = VECTOR('',#7727,1.);
#7727 = DIRECTION('',(1.,0.,-0.));
#7728 = PCURVE('',#7260,#7729);
#7729 = DEFINITIONAL_REPRESENTATION('',(#7730),#7734);
#7730 = LINE('',#7731,#7732);
#7731 = CARTESIAN_POINT('',(0.,0.));
#7732 = VECTOR('',#7733,1.);
#7733 = DIRECTION('',(1.,0.));
#7734 = ( GEOMETRIC_REPRESENTATION_CONTEXT(2) 
PARAMETRIC_REPRESENTATION_CONTEXT() REPRESENTATION_CONTEXT('2D SPACE',''
  ) );
#7735 = PCURVE('',#7586,#7736);
#7736 = DEFINITIONAL_REPRESENTATION('',(#7737),#7741);
#7737 = LINE('',#7738,#7739);
#7738 = CARTESIAN_POINT('',(0.,0.));
#7739 = VECTOR('',#7740,1.);
#7740 = DIRECTION('',(0.,1.));
#7741 = ( GEOMETRIC_REPRESENTATION_CONTEXT(2) 
PARAMETRIC_REPRESENTATION_CONTEXT() REPRESENTATION_CONTEXT('2D SPACE',''
  ) );
#7742 = ORIENTED_EDGE('',*,*,#7646,.T.);
#7743 = ORIENTED_EDGE('',*,*,#7244,.F.);
#7744 = ADVANCED_FACE('',(#7745),#7318,.T.);
#7745 = FACE_BOUND('',#7746,.T.);
#7746 = EDGE_LOOP('',(#7747,#7770,#7798,#7819));
#7747 = ORIENTED_EDGE('',*,*,#7748,.F.);
#7748 = EDGE_CURVE('',#7749,#7301,#7751,.T.);
#7749 = VERTEX_POINT('',#7750);
#7750 = CARTESIAN_POINT('',(-315.,-81.,98.));
#7751 = SURFACE_CURVE('',#7752,(#7756,#7763),.PCURVE_S1.);
#7752 = LINE('',#7753,#7754);
#7753 = CARTESIAN_POINT('',(-315.,-81.,98.));
#7754 = VECTOR('',#7755,1.);
#7755 = DIRECTION('',(-0.,1.,0.));
#7756 = PCURVE('',#7318,#7757);
#7757 = DEFINITIONAL_REPRESENTATION('',(#7758),#7762);
#7758 = LINE('',#7759,#7760);
#7759 = CARTESIAN_POINT('',(0.,0.));
#7760 = VECTOR('',#7761,1.);
#7761 = DIRECTION('',(0.,1.));
#7762 = ( GEOMETRIC_REPRESENTATION_CONTEXT(2) 
PARAMETRIC_REPRESENTATION_CONTEXT() REPRESENTATION_CONTEXT('2D SPACE',''
  ) );
#7763 = PCURVE('',#7346,#7764);
#7764 = DEFINITIONAL_REPRESENTATION('',(#7765),#7769);
#7765 = LINE('',#7766,#7767);
#7766 = CARTESIAN_POINT('',(36.,0.));
#7767 = VECTOR('',#7768,1.);
#7768 = DIRECTION('',(0.,-1.));
#7769 = ( GEOMETRIC_REPRESENTATION_CONTEXT(2) 
PARAMETRIC_REPRESENTATION_CONTEXT() REPRESENTATION_CONTEXT('2D SPACE',''
  ) );
#7770 = ORIENTED_EDGE('',*,*,#7771,.T.);
#7771 = EDGE_CURVE('',#7749,#7772,#7774,.T.);
#7772 = VERTEX_POINT('',#7773);
#7773 = CARTESIAN_POINT('',(-255.,-81.,98.));
#7774 = SURFACE_CURVE('',#7775,(#7779,#7786),.PCURVE_S1.);
#7775 = LINE('',#7776,#7777);
#7776 = CARTESIAN_POINT('',(-315.,-81.,98.));
#7777 = VECTOR('',#7778,1.);
#7778 = DIRECTION('',(1.,0.,-0.));
#7779 = PCURVE('',#7318,#7780);
#7780 = DEFINITIONAL_REPRESENTATION('',(#7781),#7785);
#7781 = LINE('',#7782,#7783);
#7782 = CARTESIAN_POINT('',(0.,0.));
#7783 = VECTOR('',#7784,1.);
#7784 = DIRECTION('',(1.,0.));
#7785 = ( GEOMETRIC_REPRESENTATION_CONTEXT(2) 
PARAMETRIC_REPRESENTATION_CONTEXT() REPRESENTATION_CONTEXT('2D SPACE',''
  ) );
#7786 = PCURVE('',#7787,#7792);
#7787 = PLANE('',#7788);
#7788 = AXIS2_PLACEMENT_3D('',#7789,#7790,#7791);
#7789 = CARTESIAN_POINT('',(-315.,-81.,62.));
#7790 = DIRECTION('',(-0.,1.,0.));
#7791 = DIRECTION('',(0.,0.,1.));
#7792 = DEFINITIONAL_REPRESENTATION('',(#7793),#7797);
#7793 = LINE('',#7794,#7795);
#7794 = CARTESIAN_POINT('',(36.,0.));
#7795 = VECTOR('',#7796,1.);
#7796 = DIRECTION('',(0.,1.));
#7797 = ( GEOMETRIC_REPRESENTATION_CONTEXT(2) 
PARAMETRIC_REPRESENTATION_CONTEXT() REPRESENTATION_CONTEXT('2D SPACE',''
  ) );
#7798 = ORIENTED_EDGE('',*,*,#7799,.T.);
#7799 = EDGE_CURVE('',#7772,#7303,#7800,.T.);
#7800 = SURFACE_CURVE('',#7801,(#7805,#7812),.PCURVE_S1.);
#7801 = LINE('',#7802,#7803);
#7802 = CARTESIAN_POINT('',(-255.,-81.,98.));
#7803 = VECTOR('',#7804,1.);
#7804 = DIRECTION('',(-0.,1.,0.));
#7805 = PCURVE('',#7318,#7806);
#7806 = DEFINITIONAL_REPRESENTATION('',(#7807),#7811);
#7807 = LINE('',#7808,#7809);
#7808 = CARTESIAN_POINT('',(60.,0.));
#7809 = VECTOR('',#7810,1.);
#7810 = DIRECTION('',(0.,1.));
#7811 = ( GEOMETRIC_REPRESENTATION_CONTEXT(2) 
PARAMETRIC_REPRESENTATION_CONTEXT() REPRESENTATION_CONTEXT('2D SPACE',''
  ) );
#7812 = PCURVE('',#7400,#7813);
#7813 = DEFINITIONAL_REPRESENTATION('',(#7814),#7818);
#7814 = LINE('',#7815,#7816);
#7815 = CARTESIAN_POINT('',(36.,0.));
#7816 = VECTOR('',#7817,1.);
#7817 = DIRECTION('',(0.,-1.));
#7818 = ( GEOMETRIC_REPRESENTATION_CONTEXT(2) 
PARAMETRIC_REPRESENTATION_CONTEXT() REPRESENTATION_CONTEXT('2D SPACE',''
  ) );
#7819 = ORIENTED_EDGE('',*,*,#7300,.F.);
#7820 = ADVANCED_FACE('',(#7821),#7400,.T.);
#7821 = FACE_BOUND('',#7822,.T.);
#7822 = EDGE_LOOP('',(#7823,#7846,#7867,#7868));
#7823 = ORIENTED_EDGE('',*,*,#7824,.F.);
#7824 = EDGE_CURVE('',#7825,#7772,#7827,.T.);
#7825 = VERTEX_POINT('',#7826);
#7826 = CARTESIAN_POINT('',(-255.,-81.,62.));
#7827 = SURFACE_CURVE('',#7828,(#7832,#7839),.PCURVE_S1.);
#7828 = LINE('',#7829,#7830);
#7829 = CARTESIAN_POINT('',(-255.,-81.,62.));
#7830 = VECTOR('',#7831,1.);
#7831 = DIRECTION('',(0.,0.,1.));
#7832 = PCURVE('',#7400,#7833);
#7833 = DEFINITIONAL_REPRESENTATION('',(#7834),#7838);
#7834 = LINE('',#7835,#7836);
#7835 = CARTESIAN_POINT('',(0.,0.));
#7836 = VECTOR('',#7837,1.);
#7837 = DIRECTION('',(1.,0.));
#7838 = ( GEOMETRIC_REPRESENTATION_CONTEXT(2) 
PARAMETRIC_REPRESENTATION_CONTEXT() REPRESENTATION_CONTEXT('2D SPACE',''
  ) );
#7839 = PCURVE('',#7787,#7840);
#7840 = DEFINITIONAL_REPRESENTATION('',(#7841),#7845);
#7841 = LINE('',#7842,#7843);
#7842 = CARTESIAN_POINT('',(0.,60.));
#7843 = VECTOR('',#7844,1.);
#7844 = DIRECTION('',(1.,0.));
#7845 = ( GEOMETRIC_REPRESENTATION_CONTEXT(2) 
PARAMETRIC_REPRESENTATION_CONTEXT() REPRESENTATION_CONTEXT('2D SPACE',''
  ) );
#7846 = ORIENTED_EDGE('',*,*,#7847,.T.);
#7847 = EDGE_CURVE('',#7825,#7359,#7848,.T.);
#7848 = SURFACE_CURVE('',#7849,(#7853,#7860),.PCURVE_S1.);
#7849 = LINE('',#7850,#7851);
#7850 = CARTESIAN_POINT('',(-255.,-81.,62.));
#7851 = VECTOR('',#7852,1.);
#7852 = DIRECTION('',(-0.,1.,0.));
#7853 = PCURVE('',#7400,#7854);
#7854 = DEFINITIONAL_REPRESENTATION('',(#7855),#7859);
#7855 = LINE('',#7856,#7857);
#7856 = CARTESIAN_POINT('',(0.,0.));
#7857 = VECTOR('',#7858,1.);
#7858 = DIRECTION('',(0.,-1.));
#7859 = ( GEOMETRIC_REPRESENTATION_CONTEXT(2) 
PARAMETRIC_REPRESENTATION_CONTEXT() REPRESENTATION_CONTEXT('2D SPACE',''
  ) );
#7860 = PCURVE('',#7374,#7861);
#7861 = DEFINITIONAL_REPRESENTATION('',(#7862),#7866);
#7862 = LINE('',#7863,#7864);
#7863 = CARTESIAN_POINT('',(60.,0.));
#7864 = VECTOR('',#7865,1.);
#7865 = DIRECTION('',(0.,1.));
#7866 = ( GEOMETRIC_REPRESENTATION_CONTEXT(2) 
PARAMETRIC_REPRESENTATION_CONTEXT() REPRESENTATION_CONTEXT('2D SPACE',''
  ) );
#7867 = ORIENTED_EDGE('',*,*,#7386,.T.);
#7868 = ORIENTED_EDGE('',*,*,#7799,.F.);
#7869 = ADVANCED_FACE('',(#7870),#7374,.F.);
#7870 = FACE_BOUND('',#7871,.F.);
#7871 = EDGE_LOOP('',(#7872,#7895,#7916,#7917));
#7872 = ORIENTED_EDGE('',*,*,#7873,.F.);
#7873 = EDGE_CURVE('',#7874,#7331,#7876,.T.);
#7874 = VERTEX_POINT('',#7875);
#7875 = CARTESIAN_POINT('',(-315.,-81.,62.));
#7876 = SURFACE_CURVE('',#7877,(#7881,#7888),.PCURVE_S1.);
#7877 = LINE('',#7878,#7879);
#7878 = CARTESIAN_POINT('',(-315.,-81.,62.));
#7879 = VECTOR('',#7880,1.);
#7880 = DIRECTION('',(-0.,1.,0.));
#7881 = PCURVE('',#7374,#7882);
#7882 = DEFINITIONAL_REPRESENTATION('',(#7883),#7887);
#7883 = LINE('',#7884,#7885);
#7884 = CARTESIAN_POINT('',(0.,0.));
#7885 = VECTOR('',#7886,1.);
#7886 = DIRECTION('',(0.,1.));
#7887 = ( GEOMETRIC_REPRESENTATION_CONTEXT(2) 
PARAMETRIC_REPRESENTATION_CONTEXT() REPRESENTATION_CONTEXT('2D SPACE',''
  ) );
#7888 = PCURVE('',#7346,#7889);
#7889 = DEFINITIONAL_REPRESENTATION('',(#7890),#7894);
#7890 = LINE('',#7891,#7892);
#7891 = CARTESIAN_POINT('',(0.,0.));
#7892 = VECTOR('',#7893,1.);
#7893 = DIRECTION('',(0.,-1.));
#7894 = ( GEOMETRIC_REPRESENTATION_CONTEXT(2) 
PARAMETRIC_REPRESENTATION_CONTEXT() REPRESENTATION_CONTEXT('2D SPACE',''
  ) );
#7895 = ORIENTED_EDGE('',*,*,#7896,.T.);
#7896 = EDGE_CURVE('',#7874,#7825,#7897,.T.);
#7897 = SURFACE_CURVE('',#7898,(#7902,#7909),.PCURVE_S1.);
#7898 = LINE('',#7899,#7900);
#7899 = CARTESIAN_POINT('',(-315.,-81.,62.));
#7900 = VECTOR('',#7901,1.);
#7901 = DIRECTION('',(1.,0.,-0.));
#7902 = PCURVE('',#7374,#7903);
#7903 = DEFINITIONAL_REPRESENTATION('',(#7904),#7908);
#7904 = LINE('',#7905,#7906);
#7905 = CARTESIAN_POINT('',(0.,0.));
#7906 = VECTOR('',#7907,1.);
#7907 = DIRECTION('',(1.,0.));
#7908 = ( GEOMETRIC_REPRESENTATION_CONTEXT(2) 
PARAMETRIC_REPRESENTATION_CONTEXT() REPRESENTATION_CONTEXT('2D SPACE',''
  ) );
#7909 = PCURVE('',#7787,#7910);
#7910 = DEFINITIONAL_REPRESENTATION('',(#7911),#7915);
#7911 = LINE('',#7912,#7913);
#7912 = CARTESIAN_POINT('',(0.,0.));
#7913 = VECTOR('',#7914,1.);
#7914 = DIRECTION('',(0.,1.));
#7915 = ( GEOMETRIC_REPRESENTATION_CONTEXT(2) 
PARAMETRIC_REPRESENTATION_CONTEXT() REPRESENTATION_CONTEXT('2D SPACE',''
  ) );
#7916 = ORIENTED_EDGE('',*,*,#7847,.T.);
#7917 = ORIENTED_EDGE('',*,*,#7358,.F.);
#7918 = ADVANCED_FACE('',(#7919),#7346,.F.);
#7919 = FACE_BOUND('',#7920,.F.);
#7920 = EDGE_LOOP('',(#7921,#7942,#7943,#7944));
#7921 = ORIENTED_EDGE('',*,*,#7922,.F.);
#7922 = EDGE_CURVE('',#7874,#7749,#7923,.T.);
#7923 = SURFACE_CURVE('',#7924,(#7928,#7935),.PCURVE_S1.);
#7924 = LINE('',#7925,#7926);
#7925 = CARTESIAN_POINT('',(-315.,-81.,62.));
#7926 = VECTOR('',#7927,1.);
#7927 = DIRECTION('',(0.,0.,1.));
#7928 = PCURVE('',#7346,#7929);
#7929 = DEFINITIONAL_REPRESENTATION('',(#7930),#7934);
#7930 = LINE('',#7931,#7932);
#7931 = CARTESIAN_POINT('',(0.,0.));
#7932 = VECTOR('',#7933,1.);
#7933 = DIRECTION('',(1.,0.));
#7934 = ( GEOMETRIC_REPRESENTATION_CONTEXT(2) 
PARAMETRIC_REPRESENTATION_CONTEXT() REPRESENTATION_CONTEXT('2D SPACE',''
  ) );
#7935 = PCURVE('',#7787,#7936);
#7936 = DEFINITIONAL_REPRESENTATION('',(#7937),#7941);
#7937 = LINE('',#7938,#7939);
#7938 = CARTESIAN_POINT('',(0.,0.));
#7939 = VECTOR('',#7940,1.);
#7940 = DIRECTION('',(1.,0.));
#7941 = ( GEOMETRIC_REPRESENTATION_CONTEXT(2) 
PARAMETRIC_REPRESENTATION_CONTEXT() REPRESENTATION_CONTEXT('2D SPACE',''
  ) );
#7942 = ORIENTED_EDGE('',*,*,#7873,.T.);
#7943 = ORIENTED_EDGE('',*,*,#7330,.T.);
#7944 = ORIENTED_EDGE('',*,*,#7748,.F.);
#7945 = ADVANCED_FACE('',(#7946),#7586,.F.);
#7946 = FACE_BOUND('',#7947,.F.);
#7947 = EDGE_LOOP('',(#7948,#7949,#7950,#7951));
#7948 = ORIENTED_EDGE('',*,*,#7722,.F.);
#7949 = ORIENTED_EDGE('',*,*,#7672,.T.);
#7950 = ORIENTED_EDGE('',*,*,#7570,.T.);
#7951 = ORIENTED_EDGE('',*,*,#7623,.F.);
#7952 = ADVANCED_FACE('',(#7953),#7787,.F.);
#7953 = FACE_BOUND('',#7954,.F.);
#7954 = EDGE_LOOP('',(#7955,#7956,#7957,#7958));
#7955 = ORIENTED_EDGE('',*,*,#7896,.F.);
#7956 = ORIENTED_EDGE('',*,*,#7922,.T.);
#7957 = ORIENTED_EDGE('',*,*,#7771,.T.);
#7958 = ORIENTED_EDGE('',*,*,#7824,.F.);
#7959 = ( GEOMETRIC_REPRESENTATION_CONTEXT(3) 
GLOBAL_UNCERTAINTY_ASSIGNED_CONTEXT((#7963)) 
GLOBAL_UNIT_ASSIGNED_CONTEXT((#7960,#7961,#7962)) REPRESENTATION_CONTEXT
('Context #1','3D Context with UNIT and UNCERTAINTY') );
#7960 = ( LENGTH_UNIT() NAMED_UNIT(*) SI_UNIT(.MILLI.,.METRE.) );
#7961 = ( NAMED_UNIT(*) PLANE_ANGLE_UNIT() SI_UNIT($,.RADIAN.) );
#7962 = ( NAMED_UNIT(*) SI_UNIT($,.STERADIAN.) SOLID_ANGLE_UNIT() );
#7963 = UNCERTAINTY_MEASURE_WITH_UNIT(LENGTH_MEASURE(1.E-07),#7960,
  'distance_accuracy_value','confusion accuracy');
#7964 = CONTEXT_DEPENDENT_SHAPE_REPRESENTATION(#7965,#7967);
#7965 = ( REPRESENTATION_RELATIONSHIP('','',#6984,#10) 
REPRESENTATION_RELATIONSHIP_WITH_TRANSFORMATION(#7966) 
SHAPE_REPRESENTATION_RELATIONSHIP() );
#7966 = ITEM_DEFINED_TRANSFORMATION('','',#11,#47);
#7967 = PRODUCT_DEFINITION_SHAPE('Placement','Placement of an item',
  #7968);
#7968 = NEXT_ASSEMBLY_USAGE_OCCURRENCE('9','=>[0:1:1:10]','',#5,#6979,$
  );
#7969 = PRODUCT_RELATED_PRODUCT_CATEGORY('part',$,(#6981));
#7970 = SHAPE_DEFINITION_REPRESENTATION(#7971,#7977);
#7971 = PRODUCT_DEFINITION_SHAPE('','',#7972);
#7972 = PRODUCT_DEFINITION('design','',#7973,#7976);
#7973 = PRODUCT_DEFINITION_FORMATION('','',#7974);
#7974 = PRODUCT('SOLID','SOLID','',(#7975));
#7975 = PRODUCT_CONTEXT('',#2,'mechanical');
#7976 = PRODUCT_DEFINITION_CONTEXT('part definition',#2,'design');
#7977 = ADVANCED_BREP_SHAPE_REPRESENTATION('',(#11,#7978),#8291);
#7978 = MANIFOLD_SOLID_BREP('',#7979);
#7979 = CLOSED_SHELL('',(#7980,#8147,#8151,#8180,#8281,#8287));
#7980 = ADVANCED_FACE('',(#7981),#7995,.T.);
#7981 = FACE_BOUND('',#7982,.T.);
#7982 = EDGE_LOOP('',(#7983,#8013,#8042,#8097,#8119,#8120));
#7983 = ORIENTED_EDGE('',*,*,#7984,.T.);
#7984 = EDGE_CURVE('',#7985,#7987,#7989,.T.);
#7985 = VERTEX_POINT('',#7986);
#7986 = CARTESIAN_POINT('',(-232.9768336301,25.209458852747,100.));
#7987 = VERTEX_POINT('',#7988);
#7988 = CARTESIAN_POINT('',(-162.9768336301,65.209458852747,120.));
#7989 = SEAM_CURVE('',#7990,(#7994,#8006),.PCURVE_S1.);
#7990 = LINE('',#7991,#7992);
#7991 = CARTESIAN_POINT('',(-232.9768336301,25.209458852747,100.));
#7992 = VECTOR('',#7993,1.);
#7993 = DIRECTION('',(0.8427009716,0.481543412343,0.240771706172));
#7994 = PCURVE('',#7995,#8000);
#7995 = CYLINDRICAL_SURFACE('',#7996,6.);
#7996 = AXIS2_PLACEMENT_3D('',#7997,#7998,#7999);
#7997 = CARTESIAN_POINT('',(-230.,20.,100.));
#7998 = DIRECTION('',(0.8427009716,0.481543412343,0.240771706172));
#7999 = DIRECTION('',(-0.496138938357,0.868243142124,1.387778780781E-17)
  );
#8000 = DEFINITIONAL_REPRESENTATION('',(#8001),#8005);
#8001 = LINE('',#8002,#8003);
#8002 = CARTESIAN_POINT('',(6.28318530718,-0.));
#8003 = VECTOR('',#8004,1.);
#8004 = DIRECTION('',(0.,1.));
#8005 = ( GEOMETRIC_REPRESENTATION_CONTEXT(2) 
PARAMETRIC_REPRESENTATION_CONTEXT() REPRESENTATION_CONTEXT('2D SPACE',''
  ) );
#8006 = PCURVE('',#7995,#8007);
#8007 = DEFINITIONAL_REPRESENTATION('',(#8008),#8012);
#8008 = LINE('',#8009,#8010);
#8009 = CARTESIAN_POINT('',(0.,-0.));
#8010 = VECTOR('',#8011,1.);
#8011 = DIRECTION('',(0.,1.));
#8012 = ( GEOMETRIC_REPRESENTATION_CONTEXT(2) 
PARAMETRIC_REPRESENTATION_CONTEXT() REPRESENTATION_CONTEXT('2D SPACE',''
  ) );
#8013 = ORIENTED_EDGE('',*,*,#8014,.F.);
#8014 = EDGE_CURVE('',#8015,#7987,#8017,.T.);
#8015 = VERTEX_POINT('',#8016);
#8016 = CARTESIAN_POINT('',(-156.7699975354,55.442107633294,
    117.81077610733));
#8017 = SURFACE_CURVE('',#8018,(#8023,#8030),.PCURVE_S1.);
#8018 = CIRCLE('',#8019,6.);
#8019 = AXIS2_PLACEMENT_3D('',#8020,#8021,#8022);
#8020 = CARTESIAN_POINT('',(-160.,60.,120.));
#8021 = DIRECTION('',(0.8427009716,0.481543412343,0.240771706172));
#8022 = DIRECTION('',(-0.496138938357,0.868243142124,2.775557561563E-17)
  );
#8023 = PCURVE('',#7995,#8024);
#8024 = DEFINITIONAL_REPRESENTATION('',(#8025),#8029);
#8025 = LINE('',#8026,#8027);
#8026 = CARTESIAN_POINT('',(0.,83.066238629181));
#8027 = VECTOR('',#8028,1.);
#8028 = DIRECTION('',(1.,0.));
#8029 = ( GEOMETRIC_REPRESENTATION_CONTEXT(2) 
PARAMETRIC_REPRESENTATION_CONTEXT() REPRESENTATION_CONTEXT('2D SPACE',''
  ) );
#8030 = PCURVE('',#8031,#8036);
#8031 = PLANE('',#8032);
#8032 = AXIS2_PLACEMENT_3D('',#8033,#8034,#8035);
#8033 = CARTESIAN_POINT('',(-160.,60.,120.));
#8034 = DIRECTION('',(0.8427009716,0.481543412343,0.240771706172));
#8035 = DIRECTION('',(-0.496138938357,0.868243142124,1.387778780781E-17)
  );
#8036 = DEFINITIONAL_REPRESENTATION('',(#8037),#8041);
#8037 = CIRCLE('',#8038,6.);
#8038 = AXIS2_PLACEMENT_2D('',#8039,#8040);
#8039 = CARTESIAN_POINT('',(0.,0.));
#8040 = DIRECTION('',(1.,0.));
#8041 = ( GEOMETRIC_REPRESENTATION_CONTEXT(2) 
PARAMETRIC_REPRESENTATION_CONTEXT() REPRESENTATION_CONTEXT('2D SPACE',''
  ) );
#8042 = ORIENTED_EDGE('',*,*,#8043,.F.);
#8043 = EDGE_CURVE('',#8044,#8015,#8046,.T.);
#8044 = VERTEX_POINT('',#8045);
#8045 = CARTESIAN_POINT('',(-163.2300024645,64.557892366706,
    122.18922389267));
#8046 = SURFACE_CURVE('',#8047,(#8052,#8072),.PCURVE_S1.);
#8047 = ELLIPSE('',#8048,6.897629415203,6.);
#8048 = AXIS2_PLACEMENT_3D('',#8049,#8050,#8051);
#8049 = CARTESIAN_POINT('',(-160.,60.,120.));
#8050 = DIRECTION('',(0.729483172907,0.203263357182,0.65309900327));
#8051 = DIRECTION('',(0.421960993943,0.617752230269,-0.663574488349));
#8052 = PCURVE('',#7995,#8053);
#8053 = DEFINITIONAL_REPRESENTATION('',(#8054),#8071);
#8054 = B_SPLINE_CURVE_WITH_KNOTS('',8,(#8055,#8056,#8057,#8058,#8059,
    #8060,#8061,#8062,#8063,#8064,#8065,#8066,#8067,#8068,#8069,#8070),
  .UNSPECIFIED.,.F.,.F.,(9,7,9),(1.570796314731,3.141592643563,
    4.712388972395),.UNSPECIFIED.);
#8055 = CARTESIAN_POINT('',(0.385399999314,83.066238670227));
#8056 = CARTESIAN_POINT('',(0.581749540418,82.398151124721));
#8057 = CARTESIAN_POINT('',(0.778099081523,81.730063418683));
#8058 = CARTESIAN_POINT('',(0.97444862262,81.10122557907));
#8059 = CARTESIAN_POINT('',(1.170798163736,80.550879764021));
#8060 = CARTESIAN_POINT('',(1.367147704827,80.113451364683));
#8061 = CARTESIAN_POINT('',(1.56349724594,79.813615355699));
#8062 = CARTESIAN_POINT('',(1.759846787042,79.663696711159));
#8063 = CARTESIAN_POINT('',(2.15254586925,79.663696697762));
#8064 = CARTESIAN_POINT('',(2.34889541035,79.813615328952));
#8065 = CARTESIAN_POINT('',(2.545244951463,80.113451324753));
#8066 = CARTESIAN_POINT('',(2.741594492538,80.550879713963));
#8067 = CARTESIAN_POINT('',(2.937944033674,81.101225519669));
#8068 = CARTESIAN_POINT('',(3.134293574764,81.730063353549));
#8069 = CARTESIAN_POINT('',(3.330643115874,82.398151056489));
#8070 = CARTESIAN_POINT('',(3.526992656978,83.066238601994));
#8071 = ( GEOMETRIC_REPRESENTATION_CONTEXT(2) 
PARAMETRIC_REPRESENTATION_CONTEXT() REPRESENTATION_CONTEXT('2D SPACE',''
  ) );
#8072 = PCURVE('',#8073,#8078);
#8073 = CYLINDRICAL_SURFACE('',#8074,6.);
#8074 = AXIS2_PLACEMENT_3D('',#8075,#8076,#8077);
#8075 = CARTESIAN_POINT('',(-160.,60.,120.));
#8076 = DIRECTION('',(0.426401432711,-0.127920429813,0.895443008694));
#8077 = DIRECTION('',(0.902860518824,-6.938893903907E-18,-0.429933580392
    ));
#8078 = DEFINITIONAL_REPRESENTATION('',(#8079),#8096);
#8079 = B_SPLINE_CURVE_WITH_KNOTS('',8,(#8080,#8081,#8082,#8083,#8084,
    #8085,#8086,#8087,#8088,#8089,#8090,#8091,#8092,#8093,#8094,#8095),
  .UNSPECIFIED.,.F.,.F.,(9,7,9),(1.570796314731,3.141592643563,
    4.712388972395),.UNSPECIFIED.);
#8080 = CARTESIAN_POINT('',(2.269088354116,-4.104651907255E-08));
#8081 = CARTESIAN_POINT('',(2.46543789522,0.668087504459));
#8082 = CARTESIAN_POINT('',(2.661787436323,1.336175210394));
#8083 = CARTESIAN_POINT('',(2.858136977422,1.965013050181));
#8084 = CARTESIAN_POINT('',(3.054486518517,2.515358864543));
#8085 = CARTESIAN_POINT('',(3.25083605964,2.952787264832));
#8086 = CARTESIAN_POINT('',(3.447185600738,3.252623273403));
#8087 = CARTESIAN_POINT('',(3.643535141844,3.402541918022));
#8088 = CARTESIAN_POINT('',(4.036234224052,3.402541931419));
#8089 = CARTESIAN_POINT('',(4.232583765153,3.252623300199));
#8090 = CARTESIAN_POINT('',(4.428933306248,2.952787304242));
#8091 = CARTESIAN_POINT('',(4.625282847363,2.515358914998));
#8092 = CARTESIAN_POINT('',(4.821632388459,1.965013109391));
#8093 = CARTESIAN_POINT('',(5.017981929571,1.336175275621));
#8094 = CARTESIAN_POINT('',(5.214331470675,0.668087572692));
#8095 = CARTESIAN_POINT('',(5.410681011779,2.718641667343E-08));
#8096 = ( GEOMETRIC_REPRESENTATION_CONTEXT(2) 
PARAMETRIC_REPRESENTATION_CONTEXT() REPRESENTATION_CONTEXT('2D SPACE',''
  ) );
#8097 = ORIENTED_EDGE('',*,*,#8098,.F.);
#8098 = EDGE_CURVE('',#7987,#8044,#8099,.T.);
#8099 = SURFACE_CURVE('',#8100,(#8105,#8112),.PCURVE_S1.);
#8100 = CIRCLE('',#8101,6.);
#8101 = AXIS2_PLACEMENT_3D('',#8102,#8103,#8104);
#8102 = CARTESIAN_POINT('',(-160.,60.,120.));
#8103 = DIRECTION('',(0.8427009716,0.481543412343,0.240771706172));
#8104 = DIRECTION('',(-0.496138938357,0.868243142124,2.775557561563E-17)
  );
#8105 = PCURVE('',#7995,#8106);
#8106 = DEFINITIONAL_REPRESENTATION('',(#8107),#8111);
#8107 = LINE('',#8108,#8109);
#8108 = CARTESIAN_POINT('',(0.,83.066238629181));
#8109 = VECTOR('',#8110,1.);
#8110 = DIRECTION('',(1.,0.));
#8111 = ( GEOMETRIC_REPRESENTATION_CONTEXT(2) 
PARAMETRIC_REPRESENTATION_CONTEXT() REPRESENTATION_CONTEXT('2D SPACE',''
  ) );
#8112 = PCURVE('',#8031,#8113);
#8113 = DEFINITIONAL_REPRESENTATION('',(#8114),#8118);
#8114 = CIRCLE('',#8115,6.);
#8115 = AXIS2_PLACEMENT_2D('',#8116,#8117);
#8116 = CARTESIAN_POINT('',(0.,0.));
#8117 = DIRECTION('',(1.,0.));
#8118 = ( GEOMETRIC_REPRESENTATION_CONTEXT(2) 
PARAMETRIC_REPRESENTATION_CONTEXT() REPRESENTATION_CONTEXT('2D SPACE',''
  ) );
#8119 = ORIENTED_EDGE('',*,*,#7984,.F.);
#8120 = ORIENTED_EDGE('',*,*,#8121,.T.);
#8121 = EDGE_CURVE('',#7985,#7985,#8122,.T.);
#8122 = SURFACE_CURVE('',#8123,(#8128,#8135),.PCURVE_S1.);
#8123 = CIRCLE('',#8124,6.);
#8124 = AXIS2_PLACEMENT_3D('',#8125,#8126,#8127);
#8125 = CARTESIAN_POINT('',(-230.,20.,100.));
#8126 = DIRECTION('',(0.8427009716,0.481543412343,0.240771706172));
#8127 = DIRECTION('',(-0.496138938357,0.868243142124,2.775557561563E-17)
  );
#8128 = PCURVE('',#7995,#8129);
#8129 = DEFINITIONAL_REPRESENTATION('',(#8130),#8134);
#8130 = LINE('',#8131,#8132);
#8131 = CARTESIAN_POINT('',(0.,0.));
#8132 = VECTOR('',#8133,1.);
#8133 = DIRECTION('',(1.,0.));
#8134 = ( GEOMETRIC_REPRESENTATION_CONTEXT(2) 
PARAMETRIC_REPRESENTATION_CONTEXT() REPRESENTATION_CONTEXT('2D SPACE',''
  ) );
#8135 = PCURVE('',#8136,#8141);
#8136 = PLANE('',#8137);
#8137 = AXIS2_PLACEMENT_3D('',#8138,#8139,#8140);
#8138 = CARTESIAN_POINT('',(-230.,20.,100.));
#8139 = DIRECTION('',(0.8427009716,0.481543412343,0.240771706172));
#8140 = DIRECTION('',(-0.496138938357,0.868243142124,1.387778780781E-17)
  );
#8141 = DEFINITIONAL_REPRESENTATION('',(#8142),#8146);
#8142 = CIRCLE('',#8143,6.);
#8143 = AXIS2_PLACEMENT_2D('',#8144,#8145);
#8144 = CARTESIAN_POINT('',(0.,0.));
#8145 = DIRECTION('',(1.,0.));
#8146 = ( GEOMETRIC_REPRESENTATION_CONTEXT(2) 
PARAMETRIC_REPRESENTATION_CONTEXT() REPRESENTATION_CONTEXT('2D SPACE',''
  ) );
#8147 = ADVANCED_FACE('',(#8148),#8136,.F.);
#8148 = FACE_BOUND('',#8149,.T.);
#8149 = EDGE_LOOP('',(#8150));
#8150 = ORIENTED_EDGE('',*,*,#8121,.F.);
#8151 = ADVANCED_FACE('',(#8152),#8031,.T.);
#8152 = FACE_BOUND('',#8153,.T.);
#8153 = EDGE_LOOP('',(#8154,#8155,#8156));
#8154 = ORIENTED_EDGE('',*,*,#8014,.T.);
#8155 = ORIENTED_EDGE('',*,*,#8098,.T.);
#8156 = ORIENTED_EDGE('',*,*,#8157,.T.);
#8157 = EDGE_CURVE('',#8044,#8015,#8158,.T.);
#8158 = SURFACE_CURVE('',#8159,(#8163,#8169),.PCURVE_S1.);
#8159 = LINE('',#8160,#8161);
#8160 = CARTESIAN_POINT('',(-160.,60.,120.));
#8161 = VECTOR('',#8162,1.);
#8162 = DIRECTION('',(0.538333744099,-0.759648727784,-0.364870648778));
#8163 = PCURVE('',#8031,#8164);
#8164 = DEFINITIONAL_REPRESENTATION('',(#8165),#8168);
#8165 = B_SPLINE_CURVE_WITH_KNOTS('',1,(#8166,#8167),.UNSPECIFIED.,.F.,
  .F.,(2,2),(-6.474949661968,6.474949661968),.PIECEWISE_BEZIER_KNOTS.);
#8166 = CARTESIAN_POINT('',(6.,2.434126768477));
#8167 = CARTESIAN_POINT('',(-6.,-2.434126768477));
#8168 = ( GEOMETRIC_REPRESENTATION_CONTEXT(2) 
PARAMETRIC_REPRESENTATION_CONTEXT() REPRESENTATION_CONTEXT('2D SPACE',''
  ) );
#8169 = PCURVE('',#8170,#8175);
#8170 = PLANE('',#8171);
#8171 = AXIS2_PLACEMENT_3D('',#8172,#8173,#8174);
#8172 = CARTESIAN_POINT('',(-160.,60.,120.));
#8173 = DIRECTION('',(0.426401432711,-0.127920429813,0.895443008694));
#8174 = DIRECTION('',(0.902860518824,-6.938893903907E-18,-0.429933580392
    ));
#8175 = DEFINITIONAL_REPRESENTATION('',(#8176),#8179);
#8176 = B_SPLINE_CURVE_WITH_KNOTS('',1,(#8177,#8178),.UNSPECIFIED.,.F.,
  .F.,(2,2),(-6.474949661968,6.474949661968),.PIECEWISE_BEZIER_KNOTS.);
#8177 = CARTESIAN_POINT('',(-4.162812657853,4.959431812278));
#8178 = CARTESIAN_POINT('',(4.162812657853,-4.959431812278));
#8179 = ( GEOMETRIC_REPRESENTATION_CONTEXT(2) 
PARAMETRIC_REPRESENTATION_CONTEXT() REPRESENTATION_CONTEXT('2D SPACE',''
  ) );
#8180 = ADVANCED_FACE('',(#8181),#8073,.T.);
#8181 = FACE_BOUND('',#8182,.T.);
#8182 = EDGE_LOOP('',(#8183,#8208,#8235,#8236,#8258,#8259));
#8183 = ORIENTED_EDGE('',*,*,#8184,.T.);
#8184 = EDGE_CURVE('',#8185,#8187,#8189,.T.);
#8185 = VERTEX_POINT('',#8186);
#8186 = CARTESIAN_POINT('',(-154.582836887,60.,117.42039851764));
#8187 = VERTEX_POINT('',#8188);
#8188 = CARTESIAN_POINT('',(-54.58283688705,30.,327.42039851764));
#8189 = SEAM_CURVE('',#8190,(#8194,#8201),.PCURVE_S1.);
#8190 = LINE('',#8191,#8192);
#8191 = CARTESIAN_POINT('',(-154.582836887,60.,117.42039851764));
#8192 = VECTOR('',#8193,1.);
#8193 = DIRECTION('',(0.426401432711,-0.127920429813,0.895443008694));
#8194 = PCURVE('',#8073,#8195);
#8195 = DEFINITIONAL_REPRESENTATION('',(#8196),#8200);
#8196 = LINE('',#8197,#8198);
#8197 = CARTESIAN_POINT('',(6.28318530718,-0.));
#8198 = VECTOR('',#8199,1.);
#8199 = DIRECTION('',(0.,1.));
#8200 = ( GEOMETRIC_REPRESENTATION_CONTEXT(2) 
PARAMETRIC_REPRESENTATION_CONTEXT() REPRESENTATION_CONTEXT('2D SPACE',''
  ) );
#8201 = PCURVE('',#8073,#8202);
#8202 = DEFINITIONAL_REPRESENTATION('',(#8203),#8207);
#8203 = LINE('',#8204,#8205);
#8204 = CARTESIAN_POINT('',(0.,-0.));
#8205 = VECTOR('',#8206,1.);
#8206 = DIRECTION('',(0.,1.));
#8207 = ( GEOMETRIC_REPRESENTATION_CONTEXT(2) 
PARAMETRIC_REPRESENTATION_CONTEXT() REPRESENTATION_CONTEXT('2D SPACE',''
  ) );
#8208 = ORIENTED_EDGE('',*,*,#8209,.F.);
#8209 = EDGE_CURVE('',#8187,#8187,#8210,.T.);
#8210 = SURFACE_CURVE('',#8211,(#8216,#8223),.PCURVE_S1.);
#8211 = CIRCLE('',#8212,6.);
#8212 = AXIS2_PLACEMENT_3D('',#8213,#8214,#8215);
#8213 = CARTESIAN_POINT('',(-60.,30.,330.));
#8214 = DIRECTION('',(0.426401432711,-0.127920429813,0.895443008694));
#8215 = DIRECTION('',(0.902860518824,-1.387778780781E-17,-0.429933580392
    ));
#8216 = PCURVE('',#8073,#8217);
#8217 = DEFINITIONAL_REPRESENTATION('',(#8218),#8222);
#8218 = LINE('',#8219,#8220);
#8219 = CARTESIAN_POINT('',(0.,234.52078799117));
#8220 = VECTOR('',#8221,1.);
#8221 = DIRECTION('',(1.,0.));
#8222 = ( GEOMETRIC_REPRESENTATION_CONTEXT(2) 
PARAMETRIC_REPRESENTATION_CONTEXT() REPRESENTATION_CONTEXT('2D SPACE',''
  ) );
#8223 = PCURVE('',#8224,#8229);
#8224 = PLANE('',#8225);
#8225 = AXIS2_PLACEMENT_3D('',#8226,#8227,#8228);
#8226 = CARTESIAN_POINT('',(-60.,30.,330.));
#8227 = DIRECTION('',(0.426401432711,-0.127920429813,0.895443008694));
#8228 = DIRECTION('',(0.902860518824,-6.938893903907E-18,-0.429933580392
    ));
#8229 = DEFINITIONAL_REPRESENTATION('',(#8230),#8234);
#8230 = CIRCLE('',#8231,6.);
#8231 = AXIS2_PLACEMENT_2D('',#8232,#8233);
#8232 = CARTESIAN_POINT('',(0.,0.));
#8233 = DIRECTION('',(1.,0.));
#8234 = ( GEOMETRIC_REPRESENTATION_CONTEXT(2) 
PARAMETRIC_REPRESENTATION_CONTEXT() REPRESENTATION_CONTEXT('2D SPACE',''
  ) );
#8235 = ORIENTED_EDGE('',*,*,#8184,.F.);
#8236 = ORIENTED_EDGE('',*,*,#8237,.T.);
#8237 = EDGE_CURVE('',#8185,#8044,#8238,.T.);
#8238 = SURFACE_CURVE('',#8239,(#8244,#8251),.PCURVE_S1.);
#8239 = CIRCLE('',#8240,6.);
#8240 = AXIS2_PLACEMENT_3D('',#8241,#8242,#8243);
#8241 = CARTESIAN_POINT('',(-160.,60.,120.));
#8242 = DIRECTION('',(0.426401432711,-0.127920429813,0.895443008694));
#8243 = DIRECTION('',(0.902860518824,-1.387778780781E-17,-0.429933580392
    ));
#8244 = PCURVE('',#8073,#8245);
#8245 = DEFINITIONAL_REPRESENTATION('',(#8246),#8250);
#8246 = LINE('',#8247,#8248);
#8247 = CARTESIAN_POINT('',(0.,0.));
#8248 = VECTOR('',#8249,1.);
#8249 = DIRECTION('',(1.,0.));
#8250 = ( GEOMETRIC_REPRESENTATION_CONTEXT(2) 
PARAMETRIC_REPRESENTATION_CONTEXT() REPRESENTATION_CONTEXT('2D SPACE',''
  ) );
#8251 = PCURVE('',#8170,#8252);
#8252 = DEFINITIONAL_REPRESENTATION('',(#8253),#8257);
#8253 = CIRCLE('',#8254,6.);
#8254 = AXIS2_PLACEMENT_2D('',#8255,#8256);
#8255 = CARTESIAN_POINT('',(0.,0.));
#8256 = DIRECTION('',(1.,0.));
#8257 = ( GEOMETRIC_REPRESENTATION_CONTEXT(2) 
PARAMETRIC_REPRESENTATION_CONTEXT() REPRESENTATION_CONTEXT('2D SPACE',''
  ) );
#8258 = ORIENTED_EDGE('',*,*,#8043,.T.);
#8259 = ORIENTED_EDGE('',*,*,#8260,.T.);
#8260 = EDGE_CURVE('',#8015,#8185,#8261,.T.);
#8261 = SURFACE_CURVE('',#8262,(#8267,#8274),.PCURVE_S1.);
#8262 = CIRCLE('',#8263,6.);
#8263 = AXIS2_PLACEMENT_3D('',#8264,#8265,#8266);
#8264 = CARTESIAN_POINT('',(-160.,60.,120.));
#8265 = DIRECTION('',(0.426401432711,-0.127920429813,0.895443008694));
#8266 = DIRECTION('',(0.902860518824,-1.387778780781E-17,-0.429933580392
    ));
#8267 = PCURVE('',#8073,#8268);
#8268 = DEFINITIONAL_REPRESENTATION('',(#8269),#8273);
#8269 = LINE('',#8270,#8271);
#8270 = CARTESIAN_POINT('',(0.,0.));
#8271 = VECTOR('',#8272,1.);
#8272 = DIRECTION('',(1.,0.));
#8273 = ( GEOMETRIC_REPRESENTATION_CONTEXT(2) 
PARAMETRIC_REPRESENTATION_CONTEXT() REPRESENTATION_CONTEXT('2D SPACE',''
  ) );
#8274 = PCURVE('',#8170,#8275);
#8275 = DEFINITIONAL_REPRESENTATION('',(#8276),#8280);
#8276 = CIRCLE('',#8277,6.);
#8277 = AXIS2_PLACEMENT_2D('',#8278,#8279);
#8278 = CARTESIAN_POINT('',(0.,0.));
#8279 = DIRECTION('',(1.,0.));
#8280 = ( GEOMETRIC_REPRESENTATION_CONTEXT(2) 
PARAMETRIC_REPRESENTATION_CONTEXT() REPRESENTATION_CONTEXT('2D SPACE',''
  ) );
#8281 = ADVANCED_FACE('',(#8282),#8170,.F.);
#8282 = FACE_BOUND('',#8283,.F.);
#8283 = EDGE_LOOP('',(#8284,#8285,#8286));
#8284 = ORIENTED_EDGE('',*,*,#8260,.T.);
#8285 = ORIENTED_EDGE('',*,*,#8237,.T.);
#8286 = ORIENTED_EDGE('',*,*,#8157,.T.);
#8287 = ADVANCED_FACE('',(#8288),#8224,.T.);
#8288 = FACE_BOUND('',#8289,.T.);
#8289 = EDGE_LOOP('',(#8290));
#8290 = ORIENTED_EDGE('',*,*,#8209,.T.);
#8291 = ( GEOMETRIC_REPRESENTATION_CONTEXT(3) 
GLOBAL_UNCERTAINTY_ASSIGNED_CONTEXT((#8295)) 
GLOBAL_UNIT_ASSIGNED_CONTEXT((#8292,#8293,#8294)) REPRESENTATION_CONTEXT
('Context #1','3D Context with UNIT and UNCERTAINTY') );
#8292 = ( LENGTH_UNIT() NAMED_UNIT(*) SI_UNIT(.MILLI.,.METRE.) );
#8293 = ( NAMED_UNIT(*) PLANE_ANGLE_UNIT() SI_UNIT($,.RADIAN.) );
#8294 = ( NAMED_UNIT(*) SI_UNIT($,.STERADIAN.) SOLID_ANGLE_UNIT() );
#8295 = UNCERTAINTY_MEASURE_WITH_UNIT(LENGTH_MEASURE(1.E-07),#8292,
  'distance_accuracy_value','confusion accuracy');
#8296 = CONTEXT_DEPENDENT_SHAPE_REPRESENTATION(#8297,#8299);
#8297 = ( REPRESENTATION_RELATIONSHIP('','',#7977,#10) 
REPRESENTATION_RELATIONSHIP_WITH_TRANSFORMATION(#8298) 
SHAPE_REPRESENTATION_RELATIONSHIP() );
#8298 = ITEM_DEFINED_TRANSFORMATION('','',#11,#51);
#8299 = PRODUCT_DEFINITION_SHAPE('Placement','Placement of an item',
  #8300);
#8300 = NEXT_ASSEMBLY_USAGE_OCCURRENCE('10','=>[0:1:1:11]','',#5,#7972,$
  );
#8301 = PRODUCT_RELATED_PRODUCT_CATEGORY('part',$,(#7974));
#8302 = SHAPE_DEFINITION_REPRESENTATION(#8303,#8309);
#8303 = PRODUCT_DEFINITION_SHAPE('','',#8304);
#8304 = PRODUCT_DEFINITION('design','',#8305,#8308);
#8305 = PRODUCT_DEFINITION_FORMATION('','',#8306);
#8306 = PRODUCT('COMPOUND','COMPOUND','',(#8307));
#8307 = PRODUCT_CONTEXT('',#2,'mechanical');
#8308 = PRODUCT_DEFINITION_CONTEXT('part definition',#2,'design');
#8309 = ADVANCED_BREP_SHAPE_REPRESENTATION('',(#11,#8310),#9556);
#8310 = MANIFOLD_SOLID_BREP('',#8311);
#8311 = CLOSED_SHELL('',(#8312,#8432,#8506,#8779,#8828,#9039,#9066,#9091
    ,#9224,#9335,#9360,#9407,#9434,#9461,#9468,#9495,#9522,#9549));
#8312 = ADVANCED_FACE('',(#8313),#8327,.F.);
#8313 = FACE_BOUND('',#8314,.F.);
#8314 = EDGE_LOOP('',(#8315,#8350,#8378,#8406));
#8315 = ORIENTED_EDGE('',*,*,#8316,.F.);
#8316 = EDGE_CURVE('',#8317,#8319,#8321,.T.);
#8317 = VERTEX_POINT('',#8318);
#8318 = CARTESIAN_POINT('',(-115.75,-95.,52.));
#8319 = VERTEX_POINT('',#8320);
#8320 = CARTESIAN_POINT('',(-115.75,-95.,270.));
#8321 = SURFACE_CURVE('',#8322,(#8326,#8338),.PCURVE_S1.);
#8322 = LINE('',#8323,#8324);
#8323 = CARTESIAN_POINT('',(-115.75,-95.,52.));
#8324 = VECTOR('',#8325,1.);
#8325 = DIRECTION('',(0.,0.,1.));
#8326 = PCURVE('',#8327,#8332);
#8327 = PLANE('',#8328);
#8328 = AXIS2_PLACEMENT_3D('',#8329,#8330,#8331);
#8329 = CARTESIAN_POINT('',(-115.75,-95.,52.));
#8330 = DIRECTION('',(1.,0.,-0.));
#8331 = DIRECTION('',(0.,0.,1.));
#8332 = DEFINITIONAL_REPRESENTATION('',(#8333),#8337);
#8333 = LINE('',#8334,#8335);
#8334 = CARTESIAN_POINT('',(0.,0.));
#8335 = VECTOR('',#8336,1.);
#8336 = DIRECTION('',(1.,0.));
#8337 = ( GEOMETRIC_REPRESENTATION_CONTEXT(2) 
PARAMETRIC_REPRESENTATION_CONTEXT() REPRESENTATION_CONTEXT('2D SPACE',''
  ) );
#8338 = PCURVE('',#8339,#8344);
#8339 = PLANE('',#8340);
#8340 = AXIS2_PLACEMENT_3D('',#8341,#8342,#8343);
#8341 = CARTESIAN_POINT('',(-115.75,-95.,52.));
#8342 = DIRECTION('',(-0.,1.,0.));
#8343 = DIRECTION('',(0.,0.,1.));
#8344 = DEFINITIONAL_REPRESENTATION('',(#8345),#8349);
#8345 = LINE('',#8346,#8347);
#8346 = CARTESIAN_POINT('',(0.,0.));
#8347 = VECTOR('',#8348,1.);
#8348 = DIRECTION('',(1.,0.));
#8349 = ( GEOMETRIC_REPRESENTATION_CONTEXT(2) 
PARAMETRIC_REPRESENTATION_CONTEXT() REPRESENTATION_CONTEXT('2D SPACE',''
  ) );
#8350 = ORIENTED_EDGE('',*,*,#8351,.T.);
#8351 = EDGE_CURVE('',#8317,#8352,#8354,.T.);
#8352 = VERTEX_POINT('',#8353);
#8353 = CARTESIAN_POINT('',(-115.75,75.,52.));
#8354 = SURFACE_CURVE('',#8355,(#8359,#8366),.PCURVE_S1.);
#8355 = LINE('',#8356,#8357);
#8356 = CARTESIAN_POINT('',(-115.75,-95.,52.));
#8357 = VECTOR('',#8358,1.);
#8358 = DIRECTION('',(-0.,1.,0.));
#8359 = PCURVE('',#8327,#8360);
#8360 = DEFINITIONAL_REPRESENTATION('',(#8361),#8365);
#8361 = LINE('',#8362,#8363);
#8362 = CARTESIAN_POINT('',(0.,0.));
#8363 = VECTOR('',#8364,1.);
#8364 = DIRECTION('',(0.,-1.));
#8365 = ( GEOMETRIC_REPRESENTATION_CONTEXT(2) 
PARAMETRIC_REPRESENTATION_CONTEXT() REPRESENTATION_CONTEXT('2D SPACE',''
  ) );
#8366 = PCURVE('',#8367,#8372);
#8367 = PLANE('',#8368);
#8368 = AXIS2_PLACEMENT_3D('',#8369,#8370,#8371);
#8369 = CARTESIAN_POINT('',(-115.75,-95.,52.));
#8370 = DIRECTION('',(0.,0.,1.));
#8371 = DIRECTION('',(1.,0.,-0.));
#8372 = DEFINITIONAL_REPRESENTATION('',(#8373),#8377);
#8373 = LINE('',#8374,#8375);
#8374 = CARTESIAN_POINT('',(0.,0.));
#8375 = VECTOR('',#8376,1.);
#8376 = DIRECTION('',(0.,1.));
#8377 = ( GEOMETRIC_REPRESENTATION_CONTEXT(2) 
PARAMETRIC_REPRESENTATION_CONTEXT() REPRESENTATION_CONTEXT('2D SPACE',''
  ) );
#8378 = ORIENTED_EDGE('',*,*,#8379,.T.);
#8379 = EDGE_CURVE('',#8352,#8380,#8382,.T.);
#8380 = VERTEX_POINT('',#8381);
#8381 = CARTESIAN_POINT('',(-115.75,75.,270.));
#8382 = SURFACE_CURVE('',#8383,(#8387,#8394),.PCURVE_S1.);
#8383 = LINE('',#8384,#8385);
#8384 = CARTESIAN_POINT('',(-115.75,75.,52.));
#8385 = VECTOR('',#8386,1.);
#8386 = DIRECTION('',(0.,0.,1.));
#8387 = PCURVE('',#8327,#8388);
#8388 = DEFINITIONAL_REPRESENTATION('',(#8389),#8393);
#8389 = LINE('',#8390,#8391);
#8390 = CARTESIAN_POINT('',(0.,-170.));
#8391 = VECTOR('',#8392,1.);
#8392 = DIRECTION('',(1.,0.));
#8393 = ( GEOMETRIC_REPRESENTATION_CONTEXT(2) 
PARAMETRIC_REPRESENTATION_CONTEXT() REPRESENTATION_CONTEXT('2D SPACE',''
  ) );
#8394 = PCURVE('',#8395,#8400);
#8395 = PLANE('',#8396);
#8396 = AXIS2_PLACEMENT_3D('',#8397,#8398,#8399);
#8397 = CARTESIAN_POINT('',(-115.75,75.,52.));
#8398 = DIRECTION('',(-0.,1.,0.));
#8399 = DIRECTION('',(0.,0.,1.));
#8400 = DEFINITIONAL_REPRESENTATION('',(#8401),#8405);
#8401 = LINE('',#8402,#8403);
#8402 = CARTESIAN_POINT('',(0.,0.));
#8403 = VECTOR('',#8404,1.);
#8404 = DIRECTION('',(1.,0.));
#8405 = ( GEOMETRIC_REPRESENTATION_CONTEXT(2) 
PARAMETRIC_REPRESENTATION_CONTEXT() REPRESENTATION_CONTEXT('2D SPACE',''
  ) );
#8406 = ORIENTED_EDGE('',*,*,#8407,.F.);
#8407 = EDGE_CURVE('',#8319,#8380,#8408,.T.);
#8408 = SURFACE_CURVE('',#8409,(#8413,#8420),.PCURVE_S1.);
#8409 = LINE('',#8410,#8411);
#8410 = CARTESIAN_POINT('',(-115.75,-95.,270.));
#8411 = VECTOR('',#8412,1.);
#8412 = DIRECTION('',(-0.,1.,0.));
#8413 = PCURVE('',#8327,#8414);
#8414 = DEFINITIONAL_REPRESENTATION('',(#8415),#8419);
#8415 = LINE('',#8416,#8417);
#8416 = CARTESIAN_POINT('',(218.,0.));
#8417 = VECTOR('',#8418,1.);
#8418 = DIRECTION('',(0.,-1.));
#8419 = ( GEOMETRIC_REPRESENTATION_CONTEXT(2) 
PARAMETRIC_REPRESENTATION_CONTEXT() REPRESENTATION_CONTEXT('2D SPACE',''
  ) );
#8420 = PCURVE('',#8421,#8426);
#8421 = PLANE('',#8422);
#8422 = AXIS2_PLACEMENT_3D('',#8423,#8424,#8425);
#8423 = CARTESIAN_POINT('',(-115.75,-95.,270.));
#8424 = DIRECTION('',(0.,0.,1.));
#8425 = DIRECTION('',(1.,0.,-0.));
#8426 = DEFINITIONAL_REPRESENTATION('',(#8427),#8431);
#8427 = LINE('',#8428,#8429);
#8428 = CARTESIAN_POINT('',(0.,0.));
#8429 = VECTOR('',#8430,1.);
#8430 = DIRECTION('',(0.,1.));
#8431 = ( GEOMETRIC_REPRESENTATION_CONTEXT(2) 
PARAMETRIC_REPRESENTATION_CONTEXT() REPRESENTATION_CONTEXT('2D SPACE',''
  ) );
#8432 = ADVANCED_FACE('',(#8433),#8339,.F.);
#8433 = FACE_BOUND('',#8434,.F.);
#8434 = EDGE_LOOP('',(#8435,#8458,#8459,#8482));
#8435 = ORIENTED_EDGE('',*,*,#8436,.F.);
#8436 = EDGE_CURVE('',#8317,#8437,#8439,.T.);
#8437 = VERTEX_POINT('',#8438);
#8438 = CARTESIAN_POINT('',(-115.,-95.,52.));
#8439 = SURFACE_CURVE('',#8440,(#8444,#8451),.PCURVE_S1.);
#8440 = LINE('',#8441,#8442);
#8441 = CARTESIAN_POINT('',(-115.75,-95.,52.));
#8442 = VECTOR('',#8443,1.);
#8443 = DIRECTION('',(1.,0.,-0.));
#8444 = PCURVE('',#8339,#8445);
#8445 = DEFINITIONAL_REPRESENTATION('',(#8446),#8450);
#8446 = LINE('',#8447,#8448);
#8447 = CARTESIAN_POINT('',(0.,0.));
#8448 = VECTOR('',#8449,1.);
#8449 = DIRECTION('',(0.,1.));
#8450 = ( GEOMETRIC_REPRESENTATION_CONTEXT(2) 
PARAMETRIC_REPRESENTATION_CONTEXT() REPRESENTATION_CONTEXT('2D SPACE',''
  ) );
#8451 = PCURVE('',#8367,#8452);
#8452 = DEFINITIONAL_REPRESENTATION('',(#8453),#8457);
#8453 = LINE('',#8454,#8455);
#8454 = CARTESIAN_POINT('',(0.,0.));
#8455 = VECTOR('',#8456,1.);
#8456 = DIRECTION('',(1.,0.));
#8457 = ( GEOMETRIC_REPRESENTATION_CONTEXT(2) 
PARAMETRIC_REPRESENTATION_CONTEXT() REPRESENTATION_CONTEXT('2D SPACE',''
  ) );
#8458 = ORIENTED_EDGE('',*,*,#8316,.T.);
#8459 = ORIENTED_EDGE('',*,*,#8460,.T.);
#8460 = EDGE_CURVE('',#8319,#8461,#8463,.T.);
#8461 = VERTEX_POINT('',#8462);
#8462 = CARTESIAN_POINT('',(-115.,-95.,270.));
#8463 = SURFACE_CURVE('',#8464,(#8468,#8475),.PCURVE_S1.);
#8464 = LINE('',#8465,#8466);
#8465 = CARTESIAN_POINT('',(-115.75,-95.,270.));
#8466 = VECTOR('',#8467,1.);
#8467 = DIRECTION('',(1.,0.,-0.));
#8468 = PCURVE('',#8339,#8469);
#8469 = DEFINITIONAL_REPRESENTATION('',(#8470),#8474);
#8470 = LINE('',#8471,#8472);
#8471 = CARTESIAN_POINT('',(218.,0.));
#8472 = VECTOR('',#8473,1.);
#8473 = DIRECTION('',(0.,1.));
#8474 = ( GEOMETRIC_REPRESENTATION_CONTEXT(2) 
PARAMETRIC_REPRESENTATION_CONTEXT() REPRESENTATION_CONTEXT('2D SPACE',''
  ) );
#8475 = PCURVE('',#8421,#8476);
#8476 = DEFINITIONAL_REPRESENTATION('',(#8477),#8481);
#8477 = LINE('',#8478,#8479);
#8478 = CARTESIAN_POINT('',(0.,0.));
#8479 = VECTOR('',#8480,1.);
#8480 = DIRECTION('',(1.,0.));
#8481 = ( GEOMETRIC_REPRESENTATION_CONTEXT(2) 
PARAMETRIC_REPRESENTATION_CONTEXT() REPRESENTATION_CONTEXT('2D SPACE',''
  ) );
#8482 = ORIENTED_EDGE('',*,*,#8483,.T.);
#8483 = EDGE_CURVE('',#8461,#8437,#8484,.T.);
#8484 = SURFACE_CURVE('',#8485,(#8489,#8495),.PCURVE_S1.);
#8485 = LINE('',#8486,#8487);
#8486 = CARTESIAN_POINT('',(-115.,-95.,52.));
#8487 = VECTOR('',#8488,1.);
#8488 = DIRECTION('',(-0.,0.,-1.));
#8489 = PCURVE('',#8339,#8490);
#8490 = DEFINITIONAL_REPRESENTATION('',(#8491),#8494);
#8491 = B_SPLINE_CURVE_WITH_KNOTS('',1,(#8492,#8493),.UNSPECIFIED.,.F.,
  .F.,(2,2),(-218.,0.),.PIECEWISE_BEZIER_KNOTS.);
#8492 = CARTESIAN_POINT('',(218.,0.75));
#8493 = CARTESIAN_POINT('',(0.,0.75));
#8494 = ( GEOMETRIC_REPRESENTATION_CONTEXT(2) 
PARAMETRIC_REPRESENTATION_CONTEXT() REPRESENTATION_CONTEXT('2D SPACE',''
  ) );
#8495 = PCURVE('',#8496,#8501);
#8496 = PLANE('',#8497);
#8497 = AXIS2_PLACEMENT_3D('',#8498,#8499,#8500);
#8498 = CARTESIAN_POINT('',(-115.,-95.75,52.));
#8499 = DIRECTION('',(1.,0.,-0.));
#8500 = DIRECTION('',(0.,0.,1.));
#8501 = DEFINITIONAL_REPRESENTATION('',(#8502),#8505);
#8502 = B_SPLINE_CURVE_WITH_KNOTS('',1,(#8503,#8504),.UNSPECIFIED.,.F.,
  .F.,(2,2),(-218.,0.),.PIECEWISE_BEZIER_KNOTS.);
#8503 = CARTESIAN_POINT('',(218.,-0.75));
#8504 = CARTESIAN_POINT('',(0.,-0.75));
#8505 = ( GEOMETRIC_REPRESENTATION_CONTEXT(2) 
PARAMETRIC_REPRESENTATION_CONTEXT() REPRESENTATION_CONTEXT('2D SPACE',''
  ) );
#8506 = ADVANCED_FACE('',(#8507),#8421,.T.);
#8507 = FACE_BOUND('',#8508,.T.);
#8508 = EDGE_LOOP('',(#8509,#8532,#8533,#8534,#8557,#8585,#8613,#8641,
    #8669,#8697,#8725,#8753));
#8509 = ORIENTED_EDGE('',*,*,#8510,.F.);
#8510 = EDGE_CURVE('',#8380,#8511,#8513,.T.);
#8511 = VERTEX_POINT('',#8512);
#8512 = CARTESIAN_POINT('',(-114.25,75.,270.));
#8513 = SURFACE_CURVE('',#8514,(#8518,#8525),.PCURVE_S1.);
#8514 = LINE('',#8515,#8516);
#8515 = CARTESIAN_POINT('',(-115.75,75.,270.));
#8516 = VECTOR('',#8517,1.);
#8517 = DIRECTION('',(1.,0.,-0.));
#8518 = PCURVE('',#8421,#8519);
#8519 = DEFINITIONAL_REPRESENTATION('',(#8520),#8524);
#8520 = LINE('',#8521,#8522);
#8521 = CARTESIAN_POINT('',(0.,170.));
#8522 = VECTOR('',#8523,1.);
#8523 = DIRECTION('',(1.,0.));
#8524 = ( GEOMETRIC_REPRESENTATION_CONTEXT(2) 
PARAMETRIC_REPRESENTATION_CONTEXT() REPRESENTATION_CONTEXT('2D SPACE',''
  ) );
#8525 = PCURVE('',#8395,#8526);
#8526 = DEFINITIONAL_REPRESENTATION('',(#8527),#8531);
#8527 = LINE('',#8528,#8529);
#8528 = CARTESIAN_POINT('',(218.,0.));
#8529 = VECTOR('',#8530,1.);
#8530 = DIRECTION('',(0.,1.));
#8531 = ( GEOMETRIC_REPRESENTATION_CONTEXT(2) 
PARAMETRIC_REPRESENTATION_CONTEXT() REPRESENTATION_CONTEXT('2D SPACE',''
  ) );
#8532 = ORIENTED_EDGE('',*,*,#8407,.F.);
#8533 = ORIENTED_EDGE('',*,*,#8460,.T.);
#8534 = ORIENTED_EDGE('',*,*,#8535,.F.);
#8535 = EDGE_CURVE('',#8536,#8461,#8538,.T.);
#8536 = VERTEX_POINT('',#8537);
#8537 = CARTESIAN_POINT('',(-115.,-95.75,270.));
#8538 = SURFACE_CURVE('',#8539,(#8543,#8550),.PCURVE_S1.);
#8539 = LINE('',#8540,#8541);
#8540 = CARTESIAN_POINT('',(-115.,-95.75,270.));
#8541 = VECTOR('',#8542,1.);
#8542 = DIRECTION('',(-0.,1.,0.));
#8543 = PCURVE('',#8421,#8544);
#8544 = DEFINITIONAL_REPRESENTATION('',(#8545),#8549);
#8545 = LINE('',#8546,#8547);
#8546 = CARTESIAN_POINT('',(0.75,-0.75));
#8547 = VECTOR('',#8548,1.);
#8548 = DIRECTION('',(0.,1.));
#8549 = ( GEOMETRIC_REPRESENTATION_CONTEXT(2) 
PARAMETRIC_REPRESENTATION_CONTEXT() REPRESENTATION_CONTEXT('2D SPACE',''
  ) );
#8550 = PCURVE('',#8496,#8551);
#8551 = DEFINITIONAL_REPRESENTATION('',(#8552),#8556);
#8552 = LINE('',#8553,#8554);
#8553 = CARTESIAN_POINT('',(218.,0.));
#8554 = VECTOR('',#8555,1.);
#8555 = DIRECTION('',(0.,-1.));
#8556 = ( GEOMETRIC_REPRESENTATION_CONTEXT(2) 
PARAMETRIC_REPRESENTATION_CONTEXT() REPRESENTATION_CONTEXT('2D SPACE',''
  ) );
#8557 = ORIENTED_EDGE('',*,*,#8558,.T.);
#8558 = EDGE_CURVE('',#8536,#8559,#8561,.T.);
#8559 = VERTEX_POINT('',#8560);
#8560 = CARTESIAN_POINT('',(115.,-95.75,270.));
#8561 = SURFACE_CURVE('',#8562,(#8566,#8573),.PCURVE_S1.);
#8562 = LINE('',#8563,#8564);
#8563 = CARTESIAN_POINT('',(-115.,-95.75,270.));
#8564 = VECTOR('',#8565,1.);
#8565 = DIRECTION('',(1.,0.,-0.));
#8566 = PCURVE('',#8421,#8567);
#8567 = DEFINITIONAL_REPRESENTATION('',(#8568),#8572);
#8568 = LINE('',#8569,#8570);
#8569 = CARTESIAN_POINT('',(0.75,-0.75));
#8570 = VECTOR('',#8571,1.);
#8571 = DIRECTION('',(1.,0.));
#8572 = ( GEOMETRIC_REPRESENTATION_CONTEXT(2) 
PARAMETRIC_REPRESENTATION_CONTEXT() REPRESENTATION_CONTEXT('2D SPACE',''
  ) );
#8573 = PCURVE('',#8574,#8579);
#8574 = PLANE('',#8575);
#8575 = AXIS2_PLACEMENT_3D('',#8576,#8577,#8578);
#8576 = CARTESIAN_POINT('',(-115.,-95.75,52.));
#8577 = DIRECTION('',(-0.,1.,0.));
#8578 = DIRECTION('',(0.,0.,1.));
#8579 = DEFINITIONAL_REPRESENTATION('',(#8580),#8584);
#8580 = LINE('',#8581,#8582);
#8581 = CARTESIAN_POINT('',(218.,0.));
#8582 = VECTOR('',#8583,1.);
#8583 = DIRECTION('',(0.,1.));
#8584 = ( GEOMETRIC_REPRESENTATION_CONTEXT(2) 
PARAMETRIC_REPRESENTATION_CONTEXT() REPRESENTATION_CONTEXT('2D SPACE',''
  ) );
#8585 = ORIENTED_EDGE('',*,*,#8586,.T.);
#8586 = EDGE_CURVE('',#8559,#8587,#8589,.T.);
#8587 = VERTEX_POINT('',#8588);
#8588 = CARTESIAN_POINT('',(115.,-95.,270.));
#8589 = SURFACE_CURVE('',#8590,(#8594,#8601),.PCURVE_S1.);
#8590 = LINE('',#8591,#8592);
#8591 = CARTESIAN_POINT('',(115.,-95.75,270.));
#8592 = VECTOR('',#8593,1.);
#8593 = DIRECTION('',(-0.,1.,0.));
#8594 = PCURVE('',#8421,#8595);
#8595 = DEFINITIONAL_REPRESENTATION('',(#8596),#8600);
#8596 = LINE('',#8597,#8598);
#8597 = CARTESIAN_POINT('',(230.75,-0.75));
#8598 = VECTOR('',#8599,1.);
#8599 = DIRECTION('',(0.,1.));
#8600 = ( GEOMETRIC_REPRESENTATION_CONTEXT(2) 
PARAMETRIC_REPRESENTATION_CONTEXT() REPRESENTATION_CONTEXT('2D SPACE',''
  ) );
#8601 = PCURVE('',#8602,#8607);
#8602 = PLANE('',#8603);
#8603 = AXIS2_PLACEMENT_3D('',#8604,#8605,#8606);
#8604 = CARTESIAN_POINT('',(115.,-95.75,52.));
#8605 = DIRECTION('',(1.,0.,-0.));
#8606 = DIRECTION('',(0.,0.,1.));
#8607 = DEFINITIONAL_REPRESENTATION('',(#8608),#8612);
#8608 = LINE('',#8609,#8610);
#8609 = CARTESIAN_POINT('',(218.,0.));
#8610 = VECTOR('',#8611,1.);
#8611 = DIRECTION('',(0.,-1.));
#8612 = ( GEOMETRIC_REPRESENTATION_CONTEXT(2) 
PARAMETRIC_REPRESENTATION_CONTEXT() REPRESENTATION_CONTEXT('2D SPACE',''
  ) );
#8613 = ORIENTED_EDGE('',*,*,#8614,.T.);
#8614 = EDGE_CURVE('',#8587,#8615,#8617,.T.);
#8615 = VERTEX_POINT('',#8616);
#8616 = CARTESIAN_POINT('',(115.75,-95.,270.));
#8617 = SURFACE_CURVE('',#8618,(#8622,#8629),.PCURVE_S1.);
#8618 = LINE('',#8619,#8620);
#8619 = CARTESIAN_POINT('',(114.25,-95.,270.));
#8620 = VECTOR('',#8621,1.);
#8621 = DIRECTION('',(1.,0.,-0.));
#8622 = PCURVE('',#8421,#8623);
#8623 = DEFINITIONAL_REPRESENTATION('',(#8624),#8628);
#8624 = LINE('',#8625,#8626);
#8625 = CARTESIAN_POINT('',(230.,0.));
#8626 = VECTOR('',#8627,1.);
#8627 = DIRECTION('',(1.,0.));
#8628 = ( GEOMETRIC_REPRESENTATION_CONTEXT(2) 
PARAMETRIC_REPRESENTATION_CONTEXT() REPRESENTATION_CONTEXT('2D SPACE',''
  ) );
#8629 = PCURVE('',#8630,#8635);
#8630 = PLANE('',#8631);
#8631 = AXIS2_PLACEMENT_3D('',#8632,#8633,#8634);
#8632 = CARTESIAN_POINT('',(114.25,-95.,52.));
#8633 = DIRECTION('',(-0.,1.,0.));
#8634 = DIRECTION('',(0.,0.,1.));
#8635 = DEFINITIONAL_REPRESENTATION('',(#8636),#8640);
#8636 = LINE('',#8637,#8638);
#8637 = CARTESIAN_POINT('',(218.,0.));
#8638 = VECTOR('',#8639,1.);
#8639 = DIRECTION('',(0.,1.));
#8640 = ( GEOMETRIC_REPRESENTATION_CONTEXT(2) 
PARAMETRIC_REPRESENTATION_CONTEXT() REPRESENTATION_CONTEXT('2D SPACE',''
  ) );
#8641 = ORIENTED_EDGE('',*,*,#8642,.T.);
#8642 = EDGE_CURVE('',#8615,#8643,#8645,.T.);
#8643 = VERTEX_POINT('',#8644);
#8644 = CARTESIAN_POINT('',(115.75,75.,270.));
#8645 = SURFACE_CURVE('',#8646,(#8650,#8657),.PCURVE_S1.);
#8646 = LINE('',#8647,#8648);
#8647 = CARTESIAN_POINT('',(115.75,-95.,270.));
#8648 = VECTOR('',#8649,1.);
#8649 = DIRECTION('',(-0.,1.,0.));
#8650 = PCURVE('',#8421,#8651);
#8651 = DEFINITIONAL_REPRESENTATION('',(#8652),#8656);
#8652 = LINE('',#8653,#8654);
#8653 = CARTESIAN_POINT('',(231.5,0.));
#8654 = VECTOR('',#8655,1.);
#8655 = DIRECTION('',(0.,1.));
#8656 = ( GEOMETRIC_REPRESENTATION_CONTEXT(2) 
PARAMETRIC_REPRESENTATION_CONTEXT() REPRESENTATION_CONTEXT('2D SPACE',''
  ) );
#8657 = PCURVE('',#8658,#8663);
#8658 = PLANE('',#8659);
#8659 = AXIS2_PLACEMENT_3D('',#8660,#8661,#8662);
#8660 = CARTESIAN_POINT('',(115.75,-95.,52.));
#8661 = DIRECTION('',(1.,0.,-0.));
#8662 = DIRECTION('',(0.,0.,1.));
#8663 = DEFINITIONAL_REPRESENTATION('',(#8664),#8668);
#8664 = LINE('',#8665,#8666);
#8665 = CARTESIAN_POINT('',(218.,0.));
#8666 = VECTOR('',#8667,1.);
#8667 = DIRECTION('',(0.,-1.));
#8668 = ( GEOMETRIC_REPRESENTATION_CONTEXT(2) 
PARAMETRIC_REPRESENTATION_CONTEXT() REPRESENTATION_CONTEXT('2D SPACE',''
  ) );
#8669 = ORIENTED_EDGE('',*,*,#8670,.F.);
#8670 = EDGE_CURVE('',#8671,#8643,#8673,.T.);
#8671 = VERTEX_POINT('',#8672);
#8672 = CARTESIAN_POINT('',(114.25,75.,270.));
#8673 = SURFACE_CURVE('',#8674,(#8678,#8685),.PCURVE_S1.);
#8674 = LINE('',#8675,#8676);
#8675 = CARTESIAN_POINT('',(114.25,75.,270.));
#8676 = VECTOR('',#8677,1.);
#8677 = DIRECTION('',(1.,0.,-0.));
#8678 = PCURVE('',#8421,#8679);
#8679 = DEFINITIONAL_REPRESENTATION('',(#8680),#8684);
#8680 = LINE('',#8681,#8682);
#8681 = CARTESIAN_POINT('',(230.,170.));
#8682 = VECTOR('',#8683,1.);
#8683 = DIRECTION('',(1.,0.));
#8684 = ( GEOMETRIC_REPRESENTATION_CONTEXT(2) 
PARAMETRIC_REPRESENTATION_CONTEXT() REPRESENTATION_CONTEXT('2D SPACE',''
  ) );
#8685 = PCURVE('',#8686,#8691);
#8686 = PLANE('',#8687);
#8687 = AXIS2_PLACEMENT_3D('',#8688,#8689,#8690);
#8688 = CARTESIAN_POINT('',(114.25,75.,52.));
#8689 = DIRECTION('',(-0.,1.,0.));
#8690 = DIRECTION('',(0.,0.,1.));
#8691 = DEFINITIONAL_REPRESENTATION('',(#8692),#8696);
#8692 = LINE('',#8693,#8694);
#8693 = CARTESIAN_POINT('',(218.,0.));
#8694 = VECTOR('',#8695,1.);
#8695 = DIRECTION('',(0.,1.));
#8696 = ( GEOMETRIC_REPRESENTATION_CONTEXT(2) 
PARAMETRIC_REPRESENTATION_CONTEXT() REPRESENTATION_CONTEXT('2D SPACE',''
  ) );
#8697 = ORIENTED_EDGE('',*,*,#8698,.F.);
#8698 = EDGE_CURVE('',#8699,#8671,#8701,.T.);
#8699 = VERTEX_POINT('',#8700);
#8700 = CARTESIAN_POINT('',(114.25,-94.25,270.));
#8701 = SURFACE_CURVE('',#8702,(#8706,#8713),.PCURVE_S1.);
#8702 = LINE('',#8703,#8704);
#8703 = CARTESIAN_POINT('',(114.25,-95.,270.));
#8704 = VECTOR('',#8705,1.);
#8705 = DIRECTION('',(-0.,1.,0.));
#8706 = PCURVE('',#8421,#8707);
#8707 = DEFINITIONAL_REPRESENTATION('',(#8708),#8712);
#8708 = LINE('',#8709,#8710);
#8709 = CARTESIAN_POINT('',(230.,0.));
#8710 = VECTOR('',#8711,1.);
#8711 = DIRECTION('',(0.,1.));
#8712 = ( GEOMETRIC_REPRESENTATION_CONTEXT(2) 
PARAMETRIC_REPRESENTATION_CONTEXT() REPRESENTATION_CONTEXT('2D SPACE',''
  ) );
#8713 = PCURVE('',#8714,#8719);
#8714 = PLANE('',#8715);
#8715 = AXIS2_PLACEMENT_3D('',#8716,#8717,#8718);
#8716 = CARTESIAN_POINT('',(114.25,-95.,52.));
#8717 = DIRECTION('',(1.,0.,-0.));
#8718 = DIRECTION('',(0.,0.,1.));
#8719 = DEFINITIONAL_REPRESENTATION('',(#8720),#8724);
#8720 = LINE('',#8721,#8722);
#8721 = CARTESIAN_POINT('',(218.,0.));
#8722 = VECTOR('',#8723,1.);
#8723 = DIRECTION('',(0.,-1.));
#8724 = ( GEOMETRIC_REPRESENTATION_CONTEXT(2) 
PARAMETRIC_REPRESENTATION_CONTEXT() REPRESENTATION_CONTEXT('2D SPACE',''
  ) );
#8725 = ORIENTED_EDGE('',*,*,#8726,.F.);
#8726 = EDGE_CURVE('',#8727,#8699,#8729,.T.);
#8727 = VERTEX_POINT('',#8728);
#8728 = CARTESIAN_POINT('',(-114.25,-94.25,270.));
#8729 = SURFACE_CURVE('',#8730,(#8734,#8741),.PCURVE_S1.);
#8730 = LINE('',#8731,#8732);
#8731 = CARTESIAN_POINT('',(-115.,-94.25,270.));
#8732 = VECTOR('',#8733,1.);
#8733 = DIRECTION('',(1.,0.,-0.));
#8734 = PCURVE('',#8421,#8735);
#8735 = DEFINITIONAL_REPRESENTATION('',(#8736),#8740);
#8736 = LINE('',#8737,#8738);
#8737 = CARTESIAN_POINT('',(0.75,0.75));
#8738 = VECTOR('',#8739,1.);
#8739 = DIRECTION('',(1.,0.));
#8740 = ( GEOMETRIC_REPRESENTATION_CONTEXT(2) 
PARAMETRIC_REPRESENTATION_CONTEXT() REPRESENTATION_CONTEXT('2D SPACE',''
  ) );
#8741 = PCURVE('',#8742,#8747);
#8742 = PLANE('',#8743);
#8743 = AXIS2_PLACEMENT_3D('',#8744,#8745,#8746);
#8744 = CARTESIAN_POINT('',(-115.,-94.25,52.));
#8745 = DIRECTION('',(-0.,1.,0.));
#8746 = DIRECTION('',(0.,0.,1.));
#8747 = DEFINITIONAL_REPRESENTATION('',(#8748),#8752);
#8748 = LINE('',#8749,#8750);
#8749 = CARTESIAN_POINT('',(218.,0.));
#8750 = VECTOR('',#8751,1.);
#8751 = DIRECTION('',(0.,1.));
#8752 = ( GEOMETRIC_REPRESENTATION_CONTEXT(2) 
PARAMETRIC_REPRESENTATION_CONTEXT() REPRESENTATION_CONTEXT('2D SPACE',''
  ) );
#8753 = ORIENTED_EDGE('',*,*,#8754,.T.);
#8754 = EDGE_CURVE('',#8727,#8511,#8755,.T.);
#8755 = SURFACE_CURVE('',#8756,(#8760,#8767),.PCURVE_S1.);
#8756 = LINE('',#8757,#8758);
#8757 = CARTESIAN_POINT('',(-114.25,-95.,270.));
#8758 = VECTOR('',#8759,1.);
#8759 = DIRECTION('',(-0.,1.,0.));
#8760 = PCURVE('',#8421,#8761);
#8761 = DEFINITIONAL_REPRESENTATION('',(#8762),#8766);
#8762 = LINE('',#8763,#8764);
#8763 = CARTESIAN_POINT('',(1.5,0.));
#8764 = VECTOR('',#8765,1.);
#8765 = DIRECTION('',(0.,1.));
#8766 = ( GEOMETRIC_REPRESENTATION_CONTEXT(2) 
PARAMETRIC_REPRESENTATION_CONTEXT() REPRESENTATION_CONTEXT('2D SPACE',''
  ) );
#8767 = PCURVE('',#8768,#8773);
#8768 = PLANE('',#8769);
#8769 = AXIS2_PLACEMENT_3D('',#8770,#8771,#8772);
#8770 = CARTESIAN_POINT('',(-114.25,-95.,52.));
#8771 = DIRECTION('',(1.,0.,-0.));
#8772 = DIRECTION('',(0.,0.,1.));
#8773 = DEFINITIONAL_REPRESENTATION('',(#8774),#8778);
#8774 = LINE('',#8775,#8776);
#8775 = CARTESIAN_POINT('',(218.,0.));
#8776 = VECTOR('',#8777,1.);
#8777 = DIRECTION('',(0.,-1.));
#8778 = ( GEOMETRIC_REPRESENTATION_CONTEXT(2) 
PARAMETRIC_REPRESENTATION_CONTEXT() REPRESENTATION_CONTEXT('2D SPACE',''
  ) );
#8779 = ADVANCED_FACE('',(#8780),#8395,.T.);
#8780 = FACE_BOUND('',#8781,.T.);
#8781 = EDGE_LOOP('',(#8782,#8805,#8806,#8807));
#8782 = ORIENTED_EDGE('',*,*,#8783,.F.);
#8783 = EDGE_CURVE('',#8352,#8784,#8786,.T.);
#8784 = VERTEX_POINT('',#8785);
#8785 = CARTESIAN_POINT('',(-114.25,75.,52.));
#8786 = SURFACE_CURVE('',#8787,(#8791,#8798),.PCURVE_S1.);
#8787 = LINE('',#8788,#8789);
#8788 = CARTESIAN_POINT('',(-115.75,75.,52.));
#8789 = VECTOR('',#8790,1.);
#8790 = DIRECTION('',(1.,0.,-0.));
#8791 = PCURVE('',#8395,#8792);
#8792 = DEFINITIONAL_REPRESENTATION('',(#8793),#8797);
#8793 = LINE('',#8794,#8795);
#8794 = CARTESIAN_POINT('',(0.,0.));
#8795 = VECTOR('',#8796,1.);
#8796 = DIRECTION('',(0.,1.));
#8797 = ( GEOMETRIC_REPRESENTATION_CONTEXT(2) 
PARAMETRIC_REPRESENTATION_CONTEXT() REPRESENTATION_CONTEXT('2D SPACE',''
  ) );
#8798 = PCURVE('',#8367,#8799);
#8799 = DEFINITIONAL_REPRESENTATION('',(#8800),#8804);
#8800 = LINE('',#8801,#8802);
#8801 = CARTESIAN_POINT('',(0.,170.));
#8802 = VECTOR('',#8803,1.);
#8803 = DIRECTION('',(1.,0.));
#8804 = ( GEOMETRIC_REPRESENTATION_CONTEXT(2) 
PARAMETRIC_REPRESENTATION_CONTEXT() REPRESENTATION_CONTEXT('2D SPACE',''
  ) );
#8805 = ORIENTED_EDGE('',*,*,#8379,.T.);
#8806 = ORIENTED_EDGE('',*,*,#8510,.T.);
#8807 = ORIENTED_EDGE('',*,*,#8808,.F.);
#8808 = EDGE_CURVE('',#8784,#8511,#8809,.T.);
#8809 = SURFACE_CURVE('',#8810,(#8814,#8821),.PCURVE_S1.);
#8810 = LINE('',#8811,#8812);
#8811 = CARTESIAN_POINT('',(-114.25,75.,52.));
#8812 = VECTOR('',#8813,1.);
#8813 = DIRECTION('',(0.,0.,1.));
#8814 = PCURVE('',#8395,#8815);
#8815 = DEFINITIONAL_REPRESENTATION('',(#8816),#8820);
#8816 = LINE('',#8817,#8818);
#8817 = CARTESIAN_POINT('',(0.,1.5));
#8818 = VECTOR('',#8819,1.);
#8819 = DIRECTION('',(1.,0.));
#8820 = ( GEOMETRIC_REPRESENTATION_CONTEXT(2) 
PARAMETRIC_REPRESENTATION_CONTEXT() REPRESENTATION_CONTEXT('2D SPACE',''
  ) );
#8821 = PCURVE('',#8768,#8822);
#8822 = DEFINITIONAL_REPRESENTATION('',(#8823),#8827);
#8823 = LINE('',#8824,#8825);
#8824 = CARTESIAN_POINT('',(0.,-170.));
#8825 = VECTOR('',#8826,1.);
#8826 = DIRECTION('',(1.,0.));
#8827 = ( GEOMETRIC_REPRESENTATION_CONTEXT(2) 
PARAMETRIC_REPRESENTATION_CONTEXT() REPRESENTATION_CONTEXT('2D SPACE',''
  ) );
#8828 = ADVANCED_FACE('',(#8829),#8367,.F.);
#8829 = FACE_BOUND('',#8830,.F.);
#8830 = EDGE_LOOP('',(#8831,#8832,#8833,#8834,#8857,#8880,#8903,#8926,
    #8949,#8972,#8995,#9018));
#8831 = ORIENTED_EDGE('',*,*,#8783,.F.);
#8832 = ORIENTED_EDGE('',*,*,#8351,.F.);
#8833 = ORIENTED_EDGE('',*,*,#8436,.T.);
#8834 = ORIENTED_EDGE('',*,*,#8835,.F.);
#8835 = EDGE_CURVE('',#8836,#8437,#8838,.T.);
#8836 = VERTEX_POINT('',#8837);
#8837 = CARTESIAN_POINT('',(-115.,-95.75,52.));
#8838 = SURFACE_CURVE('',#8839,(#8843,#8850),.PCURVE_S1.);
#8839 = LINE('',#8840,#8841);
#8840 = CARTESIAN_POINT('',(-115.,-95.75,52.));
#8841 = VECTOR('',#8842,1.);
#8842 = DIRECTION('',(-0.,1.,0.));
#8843 = PCURVE('',#8367,#8844);
#8844 = DEFINITIONAL_REPRESENTATION('',(#8845),#8849);
#8845 = LINE('',#8846,#8847);
#8846 = CARTESIAN_POINT('',(0.75,-0.75));
#8847 = VECTOR('',#8848,1.);
#8848 = DIRECTION('',(0.,1.));
#8849 = ( GEOMETRIC_REPRESENTATION_CONTEXT(2) 
PARAMETRIC_REPRESENTATION_CONTEXT() REPRESENTATION_CONTEXT('2D SPACE',''
  ) );
#8850 = PCURVE('',#8496,#8851);
#8851 = DEFINITIONAL_REPRESENTATION('',(#8852),#8856);
#8852 = LINE('',#8853,#8854);
#8853 = CARTESIAN_POINT('',(0.,0.));
#8854 = VECTOR('',#8855,1.);
#8855 = DIRECTION('',(0.,-1.));
#8856 = ( GEOMETRIC_REPRESENTATION_CONTEXT(2) 
PARAMETRIC_REPRESENTATION_CONTEXT() REPRESENTATION_CONTEXT('2D SPACE',''
  ) );
#8857 = ORIENTED_EDGE('',*,*,#8858,.T.);
#8858 = EDGE_CURVE('',#8836,#8859,#8861,.T.);
#8859 = VERTEX_POINT('',#8860);
#8860 = CARTESIAN_POINT('',(115.,-95.75,52.));
#8861 = SURFACE_CURVE('',#8862,(#8866,#8873),.PCURVE_S1.);
#8862 = LINE('',#8863,#8864);
#8863 = CARTESIAN_POINT('',(-115.,-95.75,52.));
#8864 = VECTOR('',#8865,1.);
#8865 = DIRECTION('',(1.,0.,-0.));
#8866 = PCURVE('',#8367,#8867);
#8867 = DEFINITIONAL_REPRESENTATION('',(#8868),#8872);
#8868 = LINE('',#8869,#8870);
#8869 = CARTESIAN_POINT('',(0.75,-0.75));
#8870 = VECTOR('',#8871,1.);
#8871 = DIRECTION('',(1.,0.));
#8872 = ( GEOMETRIC_REPRESENTATION_CONTEXT(2) 
PARAMETRIC_REPRESENTATION_CONTEXT() REPRESENTATION_CONTEXT('2D SPACE',''
  ) );
#8873 = PCURVE('',#8574,#8874);
#8874 = DEFINITIONAL_REPRESENTATION('',(#8875),#8879);
#8875 = LINE('',#8876,#8877);
#8876 = CARTESIAN_POINT('',(0.,0.));
#8877 = VECTOR('',#8878,1.);
#8878 = DIRECTION('',(0.,1.));
#8879 = ( GEOMETRIC_REPRESENTATION_CONTEXT(2) 
PARAMETRIC_REPRESENTATION_CONTEXT() REPRESENTATION_CONTEXT('2D SPACE',''
  ) );
#8880 = ORIENTED_EDGE('',*,*,#8881,.T.);
#8881 = EDGE_CURVE('',#8859,#8882,#8884,.T.);
#8882 = VERTEX_POINT('',#8883);
#8883 = CARTESIAN_POINT('',(115.,-95.,52.));
#8884 = SURFACE_CURVE('',#8885,(#8889,#8896),.PCURVE_S1.);
#8885 = LINE('',#8886,#8887);
#8886 = CARTESIAN_POINT('',(115.,-95.75,52.));
#8887 = VECTOR('',#8888,1.);
#8888 = DIRECTION('',(-0.,1.,0.));
#8889 = PCURVE('',#8367,#8890);
#8890 = DEFINITIONAL_REPRESENTATION('',(#8891),#8895);
#8891 = LINE('',#8892,#8893);
#8892 = CARTESIAN_POINT('',(230.75,-0.75));
#8893 = VECTOR('',#8894,1.);
#8894 = DIRECTION('',(0.,1.));
#8895 = ( GEOMETRIC_REPRESENTATION_CONTEXT(2) 
PARAMETRIC_REPRESENTATION_CONTEXT() REPRESENTATION_CONTEXT('2D SPACE',''
  ) );
#8896 = PCURVE('',#8602,#8897);
#8897 = DEFINITIONAL_REPRESENTATION('',(#8898),#8902);
#8898 = LINE('',#8899,#8900);
#8899 = CARTESIAN_POINT('',(0.,0.));
#8900 = VECTOR('',#8901,1.);
#8901 = DIRECTION('',(0.,-1.));
#8902 = ( GEOMETRIC_REPRESENTATION_CONTEXT(2) 
PARAMETRIC_REPRESENTATION_CONTEXT() REPRESENTATION_CONTEXT('2D SPACE',''
  ) );
#8903 = ORIENTED_EDGE('',*,*,#8904,.T.);
#8904 = EDGE_CURVE('',#8882,#8905,#8907,.T.);
#8905 = VERTEX_POINT('',#8906);
#8906 = CARTESIAN_POINT('',(115.75,-95.,52.));
#8907 = SURFACE_CURVE('',#8908,(#8912,#8919),.PCURVE_S1.);
#8908 = LINE('',#8909,#8910);
#8909 = CARTESIAN_POINT('',(114.25,-95.,52.));
#8910 = VECTOR('',#8911,1.);
#8911 = DIRECTION('',(1.,0.,-0.));
#8912 = PCURVE('',#8367,#8913);
#8913 = DEFINITIONAL_REPRESENTATION('',(#8914),#8918);
#8914 = LINE('',#8915,#8916);
#8915 = CARTESIAN_POINT('',(230.,0.));
#8916 = VECTOR('',#8917,1.);
#8917 = DIRECTION('',(1.,0.));
#8918 = ( GEOMETRIC_REPRESENTATION_CONTEXT(2) 
PARAMETRIC_REPRESENTATION_CONTEXT() REPRESENTATION_CONTEXT('2D SPACE',''
  ) );
#8919 = PCURVE('',#8630,#8920);
#8920 = DEFINITIONAL_REPRESENTATION('',(#8921),#8925);
#8921 = LINE('',#8922,#8923);
#8922 = CARTESIAN_POINT('',(0.,0.));
#8923 = VECTOR('',#8924,1.);
#8924 = DIRECTION('',(0.,1.));
#8925 = ( GEOMETRIC_REPRESENTATION_CONTEXT(2) 
PARAMETRIC_REPRESENTATION_CONTEXT() REPRESENTATION_CONTEXT('2D SPACE',''
  ) );
#8926 = ORIENTED_EDGE('',*,*,#8927,.T.);
#8927 = EDGE_CURVE('',#8905,#8928,#8930,.T.);
#8928 = VERTEX_POINT('',#8929);
#8929 = CARTESIAN_POINT('',(115.75,75.,52.));
#8930 = SURFACE_CURVE('',#8931,(#8935,#8942),.PCURVE_S1.);
#8931 = LINE('',#8932,#8933);
#8932 = CARTESIAN_POINT('',(115.75,-95.,52.));
#8933 = VECTOR('',#8934,1.);
#8934 = DIRECTION('',(-0.,1.,0.));
#8935 = PCURVE('',#8367,#8936);
#8936 = DEFINITIONAL_REPRESENTATION('',(#8937),#8941);
#8937 = LINE('',#8938,#8939);
#8938 = CARTESIAN_POINT('',(231.5,0.));
#8939 = VECTOR('',#8940,1.);
#8940 = DIRECTION('',(0.,1.));
#8941 = ( GEOMETRIC_REPRESENTATION_CONTEXT(2) 
PARAMETRIC_REPRESENTATION_CONTEXT() REPRESENTATION_CONTEXT('2D SPACE',''
  ) );
#8942 = PCURVE('',#8658,#8943);
#8943 = DEFINITIONAL_REPRESENTATION('',(#8944),#8948);
#8944 = LINE('',#8945,#8946);
#8945 = CARTESIAN_POINT('',(0.,0.));
#8946 = VECTOR('',#8947,1.);
#8947 = DIRECTION('',(0.,-1.));
#8948 = ( GEOMETRIC_REPRESENTATION_CONTEXT(2) 
PARAMETRIC_REPRESENTATION_CONTEXT() REPRESENTATION_CONTEXT('2D SPACE',''
  ) );
#8949 = ORIENTED_EDGE('',*,*,#8950,.F.);
#8950 = EDGE_CURVE('',#8951,#8928,#8953,.T.);
#8951 = VERTEX_POINT('',#8952);
#8952 = CARTESIAN_POINT('',(114.25,75.,52.));
#8953 = SURFACE_CURVE('',#8954,(#8958,#8965),.PCURVE_S1.);
#8954 = LINE('',#8955,#8956);
#8955 = CARTESIAN_POINT('',(114.25,75.,52.));
#8956 = VECTOR('',#8957,1.);
#8957 = DIRECTION('',(1.,0.,-0.));
#8958 = PCURVE('',#8367,#8959);
#8959 = DEFINITIONAL_REPRESENTATION('',(#8960),#8964);
#8960 = LINE('',#8961,#8962);
#8961 = CARTESIAN_POINT('',(230.,170.));
#8962 = VECTOR('',#8963,1.);
#8963 = DIRECTION('',(1.,0.));
#8964 = ( GEOMETRIC_REPRESENTATION_CONTEXT(2) 
PARAMETRIC_REPRESENTATION_CONTEXT() REPRESENTATION_CONTEXT('2D SPACE',''
  ) );
#8965 = PCURVE('',#8686,#8966);
#8966 = DEFINITIONAL_REPRESENTATION('',(#8967),#8971);
#8967 = LINE('',#8968,#8969);
#8968 = CARTESIAN_POINT('',(0.,0.));
#8969 = VECTOR('',#8970,1.);
#8970 = DIRECTION('',(0.,1.));
#8971 = ( GEOMETRIC_REPRESENTATION_CONTEXT(2) 
PARAMETRIC_REPRESENTATION_CONTEXT() REPRESENTATION_CONTEXT('2D SPACE',''
  ) );
#8972 = ORIENTED_EDGE('',*,*,#8973,.F.);
#8973 = EDGE_CURVE('',#8974,#8951,#8976,.T.);
#8974 = VERTEX_POINT('',#8975);
#8975 = CARTESIAN_POINT('',(114.25,-94.25,52.));
#8976 = SURFACE_CURVE('',#8977,(#8981,#8988),.PCURVE_S1.);
#8977 = LINE('',#8978,#8979);
#8978 = CARTESIAN_POINT('',(114.25,-95.,52.));
#8979 = VECTOR('',#8980,1.);
#8980 = DIRECTION('',(-0.,1.,0.));
#8981 = PCURVE('',#8367,#8982);
#8982 = DEFINITIONAL_REPRESENTATION('',(#8983),#8987);
#8983 = LINE('',#8984,#8985);
#8984 = CARTESIAN_POINT('',(230.,0.));
#8985 = VECTOR('',#8986,1.);
#8986 = DIRECTION('',(0.,1.));
#8987 = ( GEOMETRIC_REPRESENTATION_CONTEXT(2) 
PARAMETRIC_REPRESENTATION_CONTEXT() REPRESENTATION_CONTEXT('2D SPACE',''
  ) );
#8988 = PCURVE('',#8714,#8989);
#8989 = DEFINITIONAL_REPRESENTATION('',(#8990),#8994);
#8990 = LINE('',#8991,#8992);
#8991 = CARTESIAN_POINT('',(0.,0.));
#8992 = VECTOR('',#8993,1.);
#8993 = DIRECTION('',(0.,-1.));
#8994 = ( GEOMETRIC_REPRESENTATION_CONTEXT(2) 
PARAMETRIC_REPRESENTATION_CONTEXT() REPRESENTATION_CONTEXT('2D SPACE',''
  ) );
#8995 = ORIENTED_EDGE('',*,*,#8996,.F.);
#8996 = EDGE_CURVE('',#8997,#8974,#8999,.T.);
#8997 = VERTEX_POINT('',#8998);
#8998 = CARTESIAN_POINT('',(-114.25,-94.25,52.));
#8999 = SURFACE_CURVE('',#9000,(#9004,#9011),.PCURVE_S1.);
#9000 = LINE('',#9001,#9002);
#9001 = CARTESIAN_POINT('',(-115.,-94.25,52.));
#9002 = VECTOR('',#9003,1.);
#9003 = DIRECTION('',(1.,0.,-0.));
#9004 = PCURVE('',#8367,#9005);
#9005 = DEFINITIONAL_REPRESENTATION('',(#9006),#9010);
#9006 = LINE('',#9007,#9008);
#9007 = CARTESIAN_POINT('',(0.75,0.75));
#9008 = VECTOR('',#9009,1.);
#9009 = DIRECTION('',(1.,0.));
#9010 = ( GEOMETRIC_REPRESENTATION_CONTEXT(2) 
PARAMETRIC_REPRESENTATION_CONTEXT() REPRESENTATION_CONTEXT('2D SPACE',''
  ) );
#9011 = PCURVE('',#8742,#9012);
#9012 = DEFINITIONAL_REPRESENTATION('',(#9013),#9017);
#9013 = LINE('',#9014,#9015);
#9014 = CARTESIAN_POINT('',(0.,0.));
#9015 = VECTOR('',#9016,1.);
#9016 = DIRECTION('',(0.,1.));
#9017 = ( GEOMETRIC_REPRESENTATION_CONTEXT(2) 
PARAMETRIC_REPRESENTATION_CONTEXT() REPRESENTATION_CONTEXT('2D SPACE',''
  ) );
#9018 = ORIENTED_EDGE('',*,*,#9019,.T.);
#9019 = EDGE_CURVE('',#8997,#8784,#9020,.T.);
#9020 = SURFACE_CURVE('',#9021,(#9025,#9032),.PCURVE_S1.);
#9021 = LINE('',#9022,#9023);
#9022 = CARTESIAN_POINT('',(-114.25,-95.,52.));
#9023 = VECTOR('',#9024,1.);
#9024 = DIRECTION('',(-0.,1.,0.));
#9025 = PCURVE('',#8367,#9026);
#9026 = DEFINITIONAL_REPRESENTATION('',(#9027),#9031);
#9027 = LINE('',#9028,#9029);
#9028 = CARTESIAN_POINT('',(1.5,0.));
#9029 = VECTOR('',#9030,1.);
#9030 = DIRECTION('',(0.,1.));
#9031 = ( GEOMETRIC_REPRESENTATION_CONTEXT(2) 
PARAMETRIC_REPRESENTATION_CONTEXT() REPRESENTATION_CONTEXT('2D SPACE',''
  ) );
#9032 = PCURVE('',#8768,#9033);
#9033 = DEFINITIONAL_REPRESENTATION('',(#9034),#9038);
#9034 = LINE('',#9035,#9036);
#9035 = CARTESIAN_POINT('',(0.,0.));
#9036 = VECTOR('',#9037,1.);
#9037 = DIRECTION('',(0.,-1.));
#9038 = ( GEOMETRIC_REPRESENTATION_CONTEXT(2) 
PARAMETRIC_REPRESENTATION_CONTEXT() REPRESENTATION_CONTEXT('2D SPACE',''
  ) );
#9039 = ADVANCED_FACE('',(#9040),#8496,.F.);
#9040 = FACE_BOUND('',#9041,.F.);
#9041 = EDGE_LOOP('',(#9042,#9043,#9064,#9065));
#9042 = ORIENTED_EDGE('',*,*,#8535,.F.);
#9043 = ORIENTED_EDGE('',*,*,#9044,.F.);
#9044 = EDGE_CURVE('',#8836,#8536,#9045,.T.);
#9045 = SURFACE_CURVE('',#9046,(#9050,#9057),.PCURVE_S1.);
#9046 = LINE('',#9047,#9048);
#9047 = CARTESIAN_POINT('',(-115.,-95.75,52.));
#9048 = VECTOR('',#9049,1.);
#9049 = DIRECTION('',(0.,0.,1.));
#9050 = PCURVE('',#8496,#9051);
#9051 = DEFINITIONAL_REPRESENTATION('',(#9052),#9056);
#9052 = LINE('',#9053,#9054);
#9053 = CARTESIAN_POINT('',(0.,0.));
#9054 = VECTOR('',#9055,1.);
#9055 = DIRECTION('',(1.,0.));
#9056 = ( GEOMETRIC_REPRESENTATION_CONTEXT(2) 
PARAMETRIC_REPRESENTATION_CONTEXT() REPRESENTATION_CONTEXT('2D SPACE',''
  ) );
#9057 = PCURVE('',#8574,#9058);
#9058 = DEFINITIONAL_REPRESENTATION('',(#9059),#9063);
#9059 = LINE('',#9060,#9061);
#9060 = CARTESIAN_POINT('',(0.,0.));
#9061 = VECTOR('',#9062,1.);
#9062 = DIRECTION('',(1.,0.));
#9063 = ( GEOMETRIC_REPRESENTATION_CONTEXT(2) 
PARAMETRIC_REPRESENTATION_CONTEXT() REPRESENTATION_CONTEXT('2D SPACE',''
  ) );
#9064 = ORIENTED_EDGE('',*,*,#8835,.T.);
#9065 = ORIENTED_EDGE('',*,*,#8483,.F.);
#9066 = ADVANCED_FACE('',(#9067),#8768,.T.);
#9067 = FACE_BOUND('',#9068,.T.);
#9068 = EDGE_LOOP('',(#9069,#9070,#9089,#9090));
#9069 = ORIENTED_EDGE('',*,*,#8754,.F.);
#9070 = ORIENTED_EDGE('',*,*,#9071,.F.);
#9071 = EDGE_CURVE('',#8997,#8727,#9072,.T.);
#9072 = SURFACE_CURVE('',#9073,(#9077,#9083),.PCURVE_S1.);
#9073 = LINE('',#9074,#9075);
#9074 = CARTESIAN_POINT('',(-114.25,-94.25,52.));
#9075 = VECTOR('',#9076,1.);
#9076 = DIRECTION('',(0.,0.,1.));
#9077 = PCURVE('',#8768,#9078);
#9078 = DEFINITIONAL_REPRESENTATION('',(#9079),#9082);
#9079 = B_SPLINE_CURVE_WITH_KNOTS('',1,(#9080,#9081),.UNSPECIFIED.,.F.,
  .F.,(2,2),(0.,218.),.PIECEWISE_BEZIER_KNOTS.);
#9080 = CARTESIAN_POINT('',(0.,-0.75));
#9081 = CARTESIAN_POINT('',(218.,-0.75));
#9082 = ( GEOMETRIC_REPRESENTATION_CONTEXT(2) 
PARAMETRIC_REPRESENTATION_CONTEXT() REPRESENTATION_CONTEXT('2D SPACE',''
  ) );
#9083 = PCURVE('',#8742,#9084);
#9084 = DEFINITIONAL_REPRESENTATION('',(#9085),#9088);
#9085 = B_SPLINE_CURVE_WITH_KNOTS('',1,(#9086,#9087),.UNSPECIFIED.,.F.,
  .F.,(2,2),(0.,218.),.PIECEWISE_BEZIER_KNOTS.);
#9086 = CARTESIAN_POINT('',(0.,0.75));
#9087 = CARTESIAN_POINT('',(218.,0.75));
#9088 = ( GEOMETRIC_REPRESENTATION_CONTEXT(2) 
PARAMETRIC_REPRESENTATION_CONTEXT() REPRESENTATION_CONTEXT('2D SPACE',''
  ) );
#9089 = ORIENTED_EDGE('',*,*,#9019,.T.);
#9090 = ORIENTED_EDGE('',*,*,#8808,.T.);
#9091 = ADVANCED_FACE('',(#9092,#9118),#8574,.F.);
#9092 = FACE_BOUND('',#9093,.F.);
#9093 = EDGE_LOOP('',(#9094,#9095,#9096,#9097));
#9094 = ORIENTED_EDGE('',*,*,#8858,.F.);
#9095 = ORIENTED_EDGE('',*,*,#9044,.T.);
#9096 = ORIENTED_EDGE('',*,*,#8558,.T.);
#9097 = ORIENTED_EDGE('',*,*,#9098,.F.);
#9098 = EDGE_CURVE('',#8859,#8559,#9099,.T.);
#9099 = SURFACE_CURVE('',#9100,(#9104,#9111),.PCURVE_S1.);
#9100 = LINE('',#9101,#9102);
#9101 = CARTESIAN_POINT('',(115.,-95.75,52.));
#9102 = VECTOR('',#9103,1.);
#9103 = DIRECTION('',(0.,0.,1.));
#9104 = PCURVE('',#8574,#9105);
#9105 = DEFINITIONAL_REPRESENTATION('',(#9106),#9110);
#9106 = LINE('',#9107,#9108);
#9107 = CARTESIAN_POINT('',(0.,230.));
#9108 = VECTOR('',#9109,1.);
#9109 = DIRECTION('',(1.,0.));
#9110 = ( GEOMETRIC_REPRESENTATION_CONTEXT(2) 
PARAMETRIC_REPRESENTATION_CONTEXT() REPRESENTATION_CONTEXT('2D SPACE',''
  ) );
#9111 = PCURVE('',#8602,#9112);
#9112 = DEFINITIONAL_REPRESENTATION('',(#9113),#9117);
#9113 = LINE('',#9114,#9115);
#9114 = CARTESIAN_POINT('',(0.,0.));
#9115 = VECTOR('',#9116,1.);
#9116 = DIRECTION('',(1.,0.));
#9117 = ( GEOMETRIC_REPRESENTATION_CONTEXT(2) 
PARAMETRIC_REPRESENTATION_CONTEXT() REPRESENTATION_CONTEXT('2D SPACE',''
  ) );
#9118 = FACE_BOUND('',#9119,.F.);
#9119 = EDGE_LOOP('',(#9120,#9148,#9174,#9200));
#9120 = ORIENTED_EDGE('',*,*,#9121,.F.);
#9121 = EDGE_CURVE('',#9122,#9124,#9126,.T.);
#9122 = VERTEX_POINT('',#9123);
#9123 = CARTESIAN_POINT('',(-85.,-95.75,220.));
#9124 = VERTEX_POINT('',#9125);
#9125 = CARTESIAN_POINT('',(85.,-95.75,220.));
#9126 = SURFACE_CURVE('',#9127,(#9131,#9137),.PCURVE_S1.);
#9127 = LINE('',#9128,#9129);
#9128 = CARTESIAN_POINT('',(-100.,-95.75,220.));
#9129 = VECTOR('',#9130,1.);
#9130 = DIRECTION('',(1.,0.,-0.));
#9131 = PCURVE('',#8574,#9132);
#9132 = DEFINITIONAL_REPRESENTATION('',(#9133),#9136);
#9133 = B_SPLINE_CURVE_WITH_KNOTS('',1,(#9134,#9135),.UNSPECIFIED.,.F.,
  .F.,(2,2),(15.,185.),.PIECEWISE_BEZIER_KNOTS.);
#9134 = CARTESIAN_POINT('',(168.,30.));
#9135 = CARTESIAN_POINT('',(168.,200.));
#9136 = ( GEOMETRIC_REPRESENTATION_CONTEXT(2) 
PARAMETRIC_REPRESENTATION_CONTEXT() REPRESENTATION_CONTEXT('2D SPACE',''
  ) );
#9137 = PCURVE('',#9138,#9143);
#9138 = PLANE('',#9139);
#9139 = AXIS2_PLACEMENT_3D('',#9140,#9141,#9142);
#9140 = CARTESIAN_POINT('',(-85.,-96.75,220.));
#9141 = DIRECTION('',(0.,0.,1.));
#9142 = DIRECTION('',(1.,0.,-0.));
#9143 = DEFINITIONAL_REPRESENTATION('',(#9144),#9147);
#9144 = B_SPLINE_CURVE_WITH_KNOTS('',1,(#9145,#9146),.UNSPECIFIED.,.F.,
  .F.,(2,2),(15.,185.),.PIECEWISE_BEZIER_KNOTS.);
#9145 = CARTESIAN_POINT('',(0.,1.));
#9146 = CARTESIAN_POINT('',(170.,1.));
#9147 = ( GEOMETRIC_REPRESENTATION_CONTEXT(2) 
PARAMETRIC_REPRESENTATION_CONTEXT() REPRESENTATION_CONTEXT('2D SPACE',''
  ) );
#9148 = ORIENTED_EDGE('',*,*,#9149,.T.);
#9149 = EDGE_CURVE('',#9122,#9150,#9152,.T.);
#9150 = VERTEX_POINT('',#9151);
#9151 = CARTESIAN_POINT('',(-85.,-95.75,82.));
#9152 = SURFACE_CURVE('',#9153,(#9157,#9163),.PCURVE_S1.);
#9153 = LINE('',#9154,#9155);
#9154 = CARTESIAN_POINT('',(-85.,-95.75,67.));
#9155 = VECTOR('',#9156,1.);
#9156 = DIRECTION('',(-0.,0.,-1.));
#9157 = PCURVE('',#8574,#9158);
#9158 = DEFINITIONAL_REPRESENTATION('',(#9159),#9162);
#9159 = B_SPLINE_CURVE_WITH_KNOTS('',1,(#9160,#9161),.UNSPECIFIED.,.F.,
  .F.,(2,2),(-153.,-15.),.PIECEWISE_BEZIER_KNOTS.);
#9160 = CARTESIAN_POINT('',(168.,30.));
#9161 = CARTESIAN_POINT('',(30.,30.));
#9162 = ( GEOMETRIC_REPRESENTATION_CONTEXT(2) 
PARAMETRIC_REPRESENTATION_CONTEXT() REPRESENTATION_CONTEXT('2D SPACE',''
  ) );
#9163 = PCURVE('',#9164,#9169);
#9164 = PLANE('',#9165);
#9165 = AXIS2_PLACEMENT_3D('',#9166,#9167,#9168);
#9166 = CARTESIAN_POINT('',(-85.,-96.75,82.));
#9167 = DIRECTION('',(1.,0.,-0.));
#9168 = DIRECTION('',(0.,0.,1.));
#9169 = DEFINITIONAL_REPRESENTATION('',(#9170),#9173);
#9170 = B_SPLINE_CURVE_WITH_KNOTS('',1,(#9171,#9172),.UNSPECIFIED.,.F.,
  .F.,(2,2),(-153.,-15.),.PIECEWISE_BEZIER_KNOTS.);
#9171 = CARTESIAN_POINT('',(138.,-1.));
#9172 = CARTESIAN_POINT('',(0.,-1.));
#9173 = ( GEOMETRIC_REPRESENTATION_CONTEXT(2) 
PARAMETRIC_REPRESENTATION_CONTEXT() REPRESENTATION_CONTEXT('2D SPACE',''
  ) );
#9174 = ORIENTED_EDGE('',*,*,#9175,.T.);
#9175 = EDGE_CURVE('',#9150,#9176,#9178,.T.);
#9176 = VERTEX_POINT('',#9177);
#9177 = CARTESIAN_POINT('',(85.,-95.75,82.));
#9178 = SURFACE_CURVE('',#9179,(#9183,#9189),.PCURVE_S1.);
#9179 = LINE('',#9180,#9181);
#9180 = CARTESIAN_POINT('',(-100.,-95.75,82.));
#9181 = VECTOR('',#9182,1.);
#9182 = DIRECTION('',(1.,0.,-0.));
#9183 = PCURVE('',#8574,#9184);
#9184 = DEFINITIONAL_REPRESENTATION('',(#9185),#9188);
#9185 = B_SPLINE_CURVE_WITH_KNOTS('',1,(#9186,#9187),.UNSPECIFIED.,.F.,
  .F.,(2,2),(15.,185.),.PIECEWISE_BEZIER_KNOTS.);
#9186 = CARTESIAN_POINT('',(30.,30.));
#9187 = CARTESIAN_POINT('',(30.,200.));
#9188 = ( GEOMETRIC_REPRESENTATION_CONTEXT(2) 
PARAMETRIC_REPRESENTATION_CONTEXT() REPRESENTATION_CONTEXT('2D SPACE',''
  ) );
#9189 = PCURVE('',#9190,#9195);
#9190 = PLANE('',#9191);
#9191 = AXIS2_PLACEMENT_3D('',#9192,#9193,#9194);
#9192 = CARTESIAN_POINT('',(-85.,-96.75,82.));
#9193 = DIRECTION('',(0.,0.,1.));
#9194 = DIRECTION('',(1.,0.,-0.));
#9195 = DEFINITIONAL_REPRESENTATION('',(#9196),#9199);
#9196 = B_SPLINE_CURVE_WITH_KNOTS('',1,(#9197,#9198),.UNSPECIFIED.,.F.,
  .F.,(2,2),(15.,185.),.PIECEWISE_BEZIER_KNOTS.);
#9197 = CARTESIAN_POINT('',(0.,1.));
#9198 = CARTESIAN_POINT('',(170.,1.));
#9199 = ( GEOMETRIC_REPRESENTATION_CONTEXT(2) 
PARAMETRIC_REPRESENTATION_CONTEXT() REPRESENTATION_CONTEXT('2D SPACE',''
  ) );
#9200 = ORIENTED_EDGE('',*,*,#9201,.F.);
#9201 = EDGE_CURVE('',#9124,#9176,#9202,.T.);
#9202 = SURFACE_CURVE('',#9203,(#9207,#9213),.PCURVE_S1.);
#9203 = LINE('',#9204,#9205);
#9204 = CARTESIAN_POINT('',(85.,-95.75,67.));
#9205 = VECTOR('',#9206,1.);
#9206 = DIRECTION('',(-0.,0.,-1.));
#9207 = PCURVE('',#8574,#9208);
#9208 = DEFINITIONAL_REPRESENTATION('',(#9209),#9212);
#9209 = B_SPLINE_CURVE_WITH_KNOTS('',1,(#9210,#9211),.UNSPECIFIED.,.F.,
  .F.,(2,2),(-153.,-15.),.PIECEWISE_BEZIER_KNOTS.);
#9210 = CARTESIAN_POINT('',(168.,200.));
#9211 = CARTESIAN_POINT('',(30.,200.));
#9212 = ( GEOMETRIC_REPRESENTATION_CONTEXT(2) 
PARAMETRIC_REPRESENTATION_CONTEXT() REPRESENTATION_CONTEXT('2D SPACE',''
  ) );
#9213 = PCURVE('',#9214,#9219);
#9214 = PLANE('',#9215);
#9215 = AXIS2_PLACEMENT_3D('',#9216,#9217,#9218);
#9216 = CARTESIAN_POINT('',(85.,-96.75,82.));
#9217 = DIRECTION('',(1.,0.,-0.));
#9218 = DIRECTION('',(0.,0.,1.));
#9219 = DEFINITIONAL_REPRESENTATION('',(#9220),#9223);
#9220 = B_SPLINE_CURVE_WITH_KNOTS('',1,(#9221,#9222),.UNSPECIFIED.,.F.,
  .F.,(2,2),(-153.,-15.),.PIECEWISE_BEZIER_KNOTS.);
#9221 = CARTESIAN_POINT('',(138.,-1.));
#9222 = CARTESIAN_POINT('',(0.,-1.));
#9223 = ( GEOMETRIC_REPRESENTATION_CONTEXT(2) 
PARAMETRIC_REPRESENTATION_CONTEXT() REPRESENTATION_CONTEXT('2D SPACE',''
  ) );
#9224 = ADVANCED_FACE('',(#9225,#9249),#8742,.T.);
#9225 = FACE_BOUND('',#9226,.T.);
#9226 = EDGE_LOOP('',(#9227,#9228,#9229,#9230));
#9227 = ORIENTED_EDGE('',*,*,#8996,.F.);
#9228 = ORIENTED_EDGE('',*,*,#9071,.T.);
#9229 = ORIENTED_EDGE('',*,*,#8726,.T.);
#9230 = ORIENTED_EDGE('',*,*,#9231,.F.);
#9231 = EDGE_CURVE('',#8974,#8699,#9232,.T.);
#9232 = SURFACE_CURVE('',#9233,(#9237,#9243),.PCURVE_S1.);
#9233 = LINE('',#9234,#9235);
#9234 = CARTESIAN_POINT('',(114.25,-94.25,52.));
#9235 = VECTOR('',#9236,1.);
#9236 = DIRECTION('',(0.,0.,1.));
#9237 = PCURVE('',#8742,#9238);
#9238 = DEFINITIONAL_REPRESENTATION('',(#9239),#9242);
#9239 = B_SPLINE_CURVE_WITH_KNOTS('',1,(#9240,#9241),.UNSPECIFIED.,.F.,
  .F.,(2,2),(0.,218.),.PIECEWISE_BEZIER_KNOTS.);
#9240 = CARTESIAN_POINT('',(0.,229.25));
#9241 = CARTESIAN_POINT('',(218.,229.25));
#9242 = ( GEOMETRIC_REPRESENTATION_CONTEXT(2) 
PARAMETRIC_REPRESENTATION_CONTEXT() REPRESENTATION_CONTEXT('2D SPACE',''
  ) );
#9243 = PCURVE('',#8714,#9244);
#9244 = DEFINITIONAL_REPRESENTATION('',(#9245),#9248);
#9245 = B_SPLINE_CURVE_WITH_KNOTS('',1,(#9246,#9247),.UNSPECIFIED.,.F.,
  .F.,(2,2),(0.,218.),.PIECEWISE_BEZIER_KNOTS.);
#9246 = CARTESIAN_POINT('',(0.,-0.75));
#9247 = CARTESIAN_POINT('',(218.,-0.75));
#9248 = ( GEOMETRIC_REPRESENTATION_CONTEXT(2) 
PARAMETRIC_REPRESENTATION_CONTEXT() REPRESENTATION_CONTEXT('2D SPACE',''
  ) );
#9249 = FACE_BOUND('',#9250,.T.);
#9250 = EDGE_LOOP('',(#9251,#9274,#9295,#9316));
#9251 = ORIENTED_EDGE('',*,*,#9252,.F.);
#9252 = EDGE_CURVE('',#9253,#9255,#9257,.T.);
#9253 = VERTEX_POINT('',#9254);
#9254 = CARTESIAN_POINT('',(-85.,-94.25,220.));
#9255 = VERTEX_POINT('',#9256);
#9256 = CARTESIAN_POINT('',(85.,-94.25,220.));
#9257 = SURFACE_CURVE('',#9258,(#9262,#9268),.PCURVE_S1.);
#9258 = LINE('',#9259,#9260);
#9259 = CARTESIAN_POINT('',(-100.,-94.25,220.));
#9260 = VECTOR('',#9261,1.);
#9261 = DIRECTION('',(1.,0.,-0.));
#9262 = PCURVE('',#8742,#9263);
#9263 = DEFINITIONAL_REPRESENTATION('',(#9264),#9267);
#9264 = B_SPLINE_CURVE_WITH_KNOTS('',1,(#9265,#9266),.UNSPECIFIED.,.F.,
  .F.,(2,2),(15.,185.),.PIECEWISE_BEZIER_KNOTS.);
#9265 = CARTESIAN_POINT('',(168.,30.));
#9266 = CARTESIAN_POINT('',(168.,200.));
#9267 = ( GEOMETRIC_REPRESENTATION_CONTEXT(2) 
PARAMETRIC_REPRESENTATION_CONTEXT() REPRESENTATION_CONTEXT('2D SPACE',''
  ) );
#9268 = PCURVE('',#9138,#9269);
#9269 = DEFINITIONAL_REPRESENTATION('',(#9270),#9273);
#9270 = B_SPLINE_CURVE_WITH_KNOTS('',1,(#9271,#9272),.UNSPECIFIED.,.F.,
  .F.,(2,2),(15.,185.),.PIECEWISE_BEZIER_KNOTS.);
#9271 = CARTESIAN_POINT('',(0.,2.5));
#9272 = CARTESIAN_POINT('',(170.,2.5));
#9273 = ( GEOMETRIC_REPRESENTATION_CONTEXT(2) 
PARAMETRIC_REPRESENTATION_CONTEXT() REPRESENTATION_CONTEXT('2D SPACE',''
  ) );
#9274 = ORIENTED_EDGE('',*,*,#9275,.T.);
#9275 = EDGE_CURVE('',#9253,#9276,#9278,.T.);
#9276 = VERTEX_POINT('',#9277);
#9277 = CARTESIAN_POINT('',(-85.,-94.25,82.));
#9278 = SURFACE_CURVE('',#9279,(#9283,#9289),.PCURVE_S1.);
#9279 = LINE('',#9280,#9281);
#9280 = CARTESIAN_POINT('',(-85.,-94.25,67.));
#9281 = VECTOR('',#9282,1.);
#9282 = DIRECTION('',(-0.,0.,-1.));
#9283 = PCURVE('',#8742,#9284);
#9284 = DEFINITIONAL_REPRESENTATION('',(#9285),#9288);
#9285 = B_SPLINE_CURVE_WITH_KNOTS('',1,(#9286,#9287),.UNSPECIFIED.,.F.,
  .F.,(2,2),(-153.,-15.),.PIECEWISE_BEZIER_KNOTS.);
#9286 = CARTESIAN_POINT('',(168.,30.));
#9287 = CARTESIAN_POINT('',(30.,30.));
#9288 = ( GEOMETRIC_REPRESENTATION_CONTEXT(2) 
PARAMETRIC_REPRESENTATION_CONTEXT() REPRESENTATION_CONTEXT('2D SPACE',''
  ) );
#9289 = PCURVE('',#9164,#9290);
#9290 = DEFINITIONAL_REPRESENTATION('',(#9291),#9294);
#9291 = B_SPLINE_CURVE_WITH_KNOTS('',1,(#9292,#9293),.UNSPECIFIED.,.F.,
  .F.,(2,2),(-153.,-15.),.PIECEWISE_BEZIER_KNOTS.);
#9292 = CARTESIAN_POINT('',(138.,-2.5));
#9293 = CARTESIAN_POINT('',(0.,-2.5));
#9294 = ( GEOMETRIC_REPRESENTATION_CONTEXT(2) 
PARAMETRIC_REPRESENTATION_CONTEXT() REPRESENTATION_CONTEXT('2D SPACE',''
  ) );
#9295 = ORIENTED_EDGE('',*,*,#9296,.T.);
#9296 = EDGE_CURVE('',#9276,#9297,#9299,.T.);
#9297 = VERTEX_POINT('',#9298);
#9298 = CARTESIAN_POINT('',(85.,-94.25,82.));
#9299 = SURFACE_CURVE('',#9300,(#9304,#9310),.PCURVE_S1.);
#9300 = LINE('',#9301,#9302);
#9301 = CARTESIAN_POINT('',(-100.,-94.25,82.));
#9302 = VECTOR('',#9303,1.);
#9303 = DIRECTION('',(1.,0.,-0.));
#9304 = PCURVE('',#8742,#9305);
#9305 = DEFINITIONAL_REPRESENTATION('',(#9306),#9309);
#9306 = B_SPLINE_CURVE_WITH_KNOTS('',1,(#9307,#9308),.UNSPECIFIED.,.F.,
  .F.,(2,2),(15.,185.),.PIECEWISE_BEZIER_KNOTS.);
#9307 = CARTESIAN_POINT('',(30.,30.));
#9308 = CARTESIAN_POINT('',(30.,200.));
#9309 = ( GEOMETRIC_REPRESENTATION_CONTEXT(2) 
PARAMETRIC_REPRESENTATION_CONTEXT() REPRESENTATION_CONTEXT('2D SPACE',''
  ) );
#9310 = PCURVE('',#9190,#9311);
#9311 = DEFINITIONAL_REPRESENTATION('',(#9312),#9315);
#9312 = B_SPLINE_CURVE_WITH_KNOTS('',1,(#9313,#9314),.UNSPECIFIED.,.F.,
  .F.,(2,2),(15.,185.),.PIECEWISE_BEZIER_KNOTS.);
#9313 = CARTESIAN_POINT('',(0.,2.5));
#9314 = CARTESIAN_POINT('',(170.,2.5));
#9315 = ( GEOMETRIC_REPRESENTATION_CONTEXT(2) 
PARAMETRIC_REPRESENTATION_CONTEXT() REPRESENTATION_CONTEXT('2D SPACE',''
  ) );
#9316 = ORIENTED_EDGE('',*,*,#9317,.F.);
#9317 = EDGE_CURVE('',#9255,#9297,#9318,.T.);
#9318 = SURFACE_CURVE('',#9319,(#9323,#9329),.PCURVE_S1.);
#9319 = LINE('',#9320,#9321);
#9320 = CARTESIAN_POINT('',(85.,-94.25,67.));
#9321 = VECTOR('',#9322,1.);
#9322 = DIRECTION('',(-0.,0.,-1.));
#9323 = PCURVE('',#8742,#9324);
#9324 = DEFINITIONAL_REPRESENTATION('',(#9325),#9328);
#9325 = B_SPLINE_CURVE_WITH_KNOTS('',1,(#9326,#9327),.UNSPECIFIED.,.F.,
  .F.,(2,2),(-153.,-15.),.PIECEWISE_BEZIER_KNOTS.);
#9326 = CARTESIAN_POINT('',(168.,200.));
#9327 = CARTESIAN_POINT('',(30.,200.));
#9328 = ( GEOMETRIC_REPRESENTATION_CONTEXT(2) 
PARAMETRIC_REPRESENTATION_CONTEXT() REPRESENTATION_CONTEXT('2D SPACE',''
  ) );
#9329 = PCURVE('',#9214,#9330);
#9330 = DEFINITIONAL_REPRESENTATION('',(#9331),#9334);
#9331 = B_SPLINE_CURVE_WITH_KNOTS('',1,(#9332,#9333),.UNSPECIFIED.,.F.,
  .F.,(2,2),(-153.,-15.),.PIECEWISE_BEZIER_KNOTS.);
#9332 = CARTESIAN_POINT('',(138.,-2.5));
#9333 = CARTESIAN_POINT('',(0.,-2.5));
#9334 = ( GEOMETRIC_REPRESENTATION_CONTEXT(2) 
PARAMETRIC_REPRESENTATION_CONTEXT() REPRESENTATION_CONTEXT('2D SPACE',''
  ) );
#9335 = ADVANCED_FACE('',(#9336),#8602,.T.);
#9336 = FACE_BOUND('',#9337,.T.);
#9337 = EDGE_LOOP('',(#9338,#9339,#9340,#9341));
#9338 = ORIENTED_EDGE('',*,*,#8586,.F.);
#9339 = ORIENTED_EDGE('',*,*,#9098,.F.);
#9340 = ORIENTED_EDGE('',*,*,#8881,.T.);
#9341 = ORIENTED_EDGE('',*,*,#9342,.F.);
#9342 = EDGE_CURVE('',#8587,#8882,#9343,.T.);
#9343 = SURFACE_CURVE('',#9344,(#9348,#9354),.PCURVE_S1.);
#9344 = LINE('',#9345,#9346);
#9345 = CARTESIAN_POINT('',(115.,-95.,52.));
#9346 = VECTOR('',#9347,1.);
#9347 = DIRECTION('',(-0.,0.,-1.));
#9348 = PCURVE('',#8602,#9349);
#9349 = DEFINITIONAL_REPRESENTATION('',(#9350),#9353);
#9350 = B_SPLINE_CURVE_WITH_KNOTS('',1,(#9351,#9352),.UNSPECIFIED.,.F.,
  .F.,(2,2),(-218.,0.),.PIECEWISE_BEZIER_KNOTS.);
#9351 = CARTESIAN_POINT('',(218.,-0.75));
#9352 = CARTESIAN_POINT('',(0.,-0.75));
#9353 = ( GEOMETRIC_REPRESENTATION_CONTEXT(2) 
PARAMETRIC_REPRESENTATION_CONTEXT() REPRESENTATION_CONTEXT('2D SPACE',''
  ) );
#9354 = PCURVE('',#8630,#9355);
#9355 = DEFINITIONAL_REPRESENTATION('',(#9356),#9359);
#9356 = B_SPLINE_CURVE_WITH_KNOTS('',1,(#9357,#9358),.UNSPECIFIED.,.F.,
  .F.,(2,2),(-218.,0.),.PIECEWISE_BEZIER_KNOTS.);
#9357 = CARTESIAN_POINT('',(218.,0.75));
#9358 = CARTESIAN_POINT('',(0.,0.75));
#9359 = ( GEOMETRIC_REPRESENTATION_CONTEXT(2) 
PARAMETRIC_REPRESENTATION_CONTEXT() REPRESENTATION_CONTEXT('2D SPACE',''
  ) );
#9360 = ADVANCED_FACE('',(#9361),#9138,.F.);
#9361 = FACE_BOUND('',#9362,.F.);
#9362 = EDGE_LOOP('',(#9363,#9384,#9385,#9406));
#9363 = ORIENTED_EDGE('',*,*,#9364,.F.);
#9364 = EDGE_CURVE('',#9122,#9253,#9365,.T.);
#9365 = SURFACE_CURVE('',#9366,(#9370,#9377),.PCURVE_S1.);
#9366 = LINE('',#9367,#9368);
#9367 = CARTESIAN_POINT('',(-85.,-96.75,220.));
#9368 = VECTOR('',#9369,1.);
#9369 = DIRECTION('',(-0.,1.,0.));
#9370 = PCURVE('',#9138,#9371);
#9371 = DEFINITIONAL_REPRESENTATION('',(#9372),#9376);
#9372 = LINE('',#9373,#9374);
#9373 = CARTESIAN_POINT('',(0.,0.));
#9374 = VECTOR('',#9375,1.);
#9375 = DIRECTION('',(0.,1.));
#9376 = ( GEOMETRIC_REPRESENTATION_CONTEXT(2) 
PARAMETRIC_REPRESENTATION_CONTEXT() REPRESENTATION_CONTEXT('2D SPACE',''
  ) );
#9377 = PCURVE('',#9164,#9378);
#9378 = DEFINITIONAL_REPRESENTATION('',(#9379),#9383);
#9379 = LINE('',#9380,#9381);
#9380 = CARTESIAN_POINT('',(138.,0.));
#9381 = VECTOR('',#9382,1.);
#9382 = DIRECTION('',(0.,-1.));
#9383 = ( GEOMETRIC_REPRESENTATION_CONTEXT(2) 
PARAMETRIC_REPRESENTATION_CONTEXT() REPRESENTATION_CONTEXT('2D SPACE',''
  ) );
#9384 = ORIENTED_EDGE('',*,*,#9121,.T.);
#9385 = ORIENTED_EDGE('',*,*,#9386,.T.);
#9386 = EDGE_CURVE('',#9124,#9255,#9387,.T.);
#9387 = SURFACE_CURVE('',#9388,(#9392,#9399),.PCURVE_S1.);
#9388 = LINE('',#9389,#9390);
#9389 = CARTESIAN_POINT('',(85.,-96.75,220.));
#9390 = VECTOR('',#9391,1.);
#9391 = DIRECTION('',(-0.,1.,0.));
#9392 = PCURVE('',#9138,#9393);
#9393 = DEFINITIONAL_REPRESENTATION('',(#9394),#9398);
#9394 = LINE('',#9395,#9396);
#9395 = CARTESIAN_POINT('',(170.,0.));
#9396 = VECTOR('',#9397,1.);
#9397 = DIRECTION('',(0.,1.));
#9398 = ( GEOMETRIC_REPRESENTATION_CONTEXT(2) 
PARAMETRIC_REPRESENTATION_CONTEXT() REPRESENTATION_CONTEXT('2D SPACE',''
  ) );
#9399 = PCURVE('',#9214,#9400);
#9400 = DEFINITIONAL_REPRESENTATION('',(#9401),#9405);
#9401 = LINE('',#9402,#9403);
#9402 = CARTESIAN_POINT('',(138.,0.));
#9403 = VECTOR('',#9404,1.);
#9404 = DIRECTION('',(0.,-1.));
#9405 = ( GEOMETRIC_REPRESENTATION_CONTEXT(2) 
PARAMETRIC_REPRESENTATION_CONTEXT() REPRESENTATION_CONTEXT('2D SPACE',''
  ) );
#9406 = ORIENTED_EDGE('',*,*,#9252,.F.);
#9407 = ADVANCED_FACE('',(#9408),#9214,.F.);
#9408 = FACE_BOUND('',#9409,.F.);
#9409 = EDGE_LOOP('',(#9410,#9411,#9412,#9433));
#9410 = ORIENTED_EDGE('',*,*,#9386,.F.);
#9411 = ORIENTED_EDGE('',*,*,#9201,.T.);
#9412 = ORIENTED_EDGE('',*,*,#9413,.T.);
#9413 = EDGE_CURVE('',#9176,#9297,#9414,.T.);
#9414 = SURFACE_CURVE('',#9415,(#9419,#9426),.PCURVE_S1.);
#9415 = LINE('',#9416,#9417);
#9416 = CARTESIAN_POINT('',(85.,-96.75,82.));
#9417 = VECTOR('',#9418,1.);
#9418 = DIRECTION('',(-0.,1.,0.));
#9419 = PCURVE('',#9214,#9420);
#9420 = DEFINITIONAL_REPRESENTATION('',(#9421),#9425);
#9421 = LINE('',#9422,#9423);
#9422 = CARTESIAN_POINT('',(0.,0.));
#9423 = VECTOR('',#9424,1.);
#9424 = DIRECTION('',(0.,-1.));
#9425 = ( GEOMETRIC_REPRESENTATION_CONTEXT(2) 
PARAMETRIC_REPRESENTATION_CONTEXT() REPRESENTATION_CONTEXT('2D SPACE',''
  ) );
#9426 = PCURVE('',#9190,#9427);
#9427 = DEFINITIONAL_REPRESENTATION('',(#9428),#9432);
#9428 = LINE('',#9429,#9430);
#9429 = CARTESIAN_POINT('',(170.,0.));
#9430 = VECTOR('',#9431,1.);
#9431 = DIRECTION('',(0.,1.));
#9432 = ( GEOMETRIC_REPRESENTATION_CONTEXT(2) 
PARAMETRIC_REPRESENTATION_CONTEXT() REPRESENTATION_CONTEXT('2D SPACE',''
  ) );
#9433 = ORIENTED_EDGE('',*,*,#9317,.F.);
#9434 = ADVANCED_FACE('',(#9435),#9190,.T.);
#9435 = FACE_BOUND('',#9436,.T.);
#9436 = EDGE_LOOP('',(#9437,#9458,#9459,#9460));
#9437 = ORIENTED_EDGE('',*,*,#9438,.F.);
#9438 = EDGE_CURVE('',#9150,#9276,#9439,.T.);
#9439 = SURFACE_CURVE('',#9440,(#9444,#9451),.PCURVE_S1.);
#9440 = LINE('',#9441,#9442);
#9441 = CARTESIAN_POINT('',(-85.,-96.75,82.));
#9442 = VECTOR('',#9443,1.);
#9443 = DIRECTION('',(-0.,1.,0.));
#9444 = PCURVE('',#9190,#9445);
#9445 = DEFINITIONAL_REPRESENTATION('',(#9446),#9450);
#9446 = LINE('',#9447,#9448);
#9447 = CARTESIAN_POINT('',(0.,0.));
#9448 = VECTOR('',#9449,1.);
#9449 = DIRECTION('',(0.,1.));
#9450 = ( GEOMETRIC_REPRESENTATION_CONTEXT(2) 
PARAMETRIC_REPRESENTATION_CONTEXT() REPRESENTATION_CONTEXT('2D SPACE',''
  ) );
#9451 = PCURVE('',#9164,#9452);
#9452 = DEFINITIONAL_REPRESENTATION('',(#9453),#9457);
#9453 = LINE('',#9454,#9455);
#9454 = CARTESIAN_POINT('',(0.,0.));
#9455 = VECTOR('',#9456,1.);
#9456 = DIRECTION('',(0.,-1.));
#9457 = ( GEOMETRIC_REPRESENTATION_CONTEXT(2) 
PARAMETRIC_REPRESENTATION_CONTEXT() REPRESENTATION_CONTEXT('2D SPACE',''
  ) );
#9458 = ORIENTED_EDGE('',*,*,#9175,.T.);
#9459 = ORIENTED_EDGE('',*,*,#9413,.T.);
#9460 = ORIENTED_EDGE('',*,*,#9296,.F.);
#9461 = ADVANCED_FACE('',(#9462),#9164,.T.);
#9462 = FACE_BOUND('',#9463,.T.);
#9463 = EDGE_LOOP('',(#9464,#9465,#9466,#9467));
#9464 = ORIENTED_EDGE('',*,*,#9364,.F.);
#9465 = ORIENTED_EDGE('',*,*,#9149,.T.);
#9466 = ORIENTED_EDGE('',*,*,#9438,.T.);
#9467 = ORIENTED_EDGE('',*,*,#9275,.F.);
#9468 = ADVANCED_FACE('',(#9469),#8714,.F.);
#9469 = FACE_BOUND('',#9470,.F.);
#9470 = EDGE_LOOP('',(#9471,#9472,#9473,#9474));
#9471 = ORIENTED_EDGE('',*,*,#8698,.F.);
#9472 = ORIENTED_EDGE('',*,*,#9231,.F.);
#9473 = ORIENTED_EDGE('',*,*,#8973,.T.);
#9474 = ORIENTED_EDGE('',*,*,#9475,.T.);
#9475 = EDGE_CURVE('',#8951,#8671,#9476,.T.);
#9476 = SURFACE_CURVE('',#9477,(#9481,#9488),.PCURVE_S1.);
#9477 = LINE('',#9478,#9479);
#9478 = CARTESIAN_POINT('',(114.25,75.,52.));
#9479 = VECTOR('',#9480,1.);
#9480 = DIRECTION('',(0.,0.,1.));
#9481 = PCURVE('',#8714,#9482);
#9482 = DEFINITIONAL_REPRESENTATION('',(#9483),#9487);
#9483 = LINE('',#9484,#9485);
#9484 = CARTESIAN_POINT('',(0.,-170.));
#9485 = VECTOR('',#9486,1.);
#9486 = DIRECTION('',(1.,0.));
#9487 = ( GEOMETRIC_REPRESENTATION_CONTEXT(2) 
PARAMETRIC_REPRESENTATION_CONTEXT() REPRESENTATION_CONTEXT('2D SPACE',''
  ) );
#9488 = PCURVE('',#8686,#9489);
#9489 = DEFINITIONAL_REPRESENTATION('',(#9490),#9494);
#9490 = LINE('',#9491,#9492);
#9491 = CARTESIAN_POINT('',(0.,0.));
#9492 = VECTOR('',#9493,1.);
#9493 = DIRECTION('',(1.,0.));
#9494 = ( GEOMETRIC_REPRESENTATION_CONTEXT(2) 
PARAMETRIC_REPRESENTATION_CONTEXT() REPRESENTATION_CONTEXT('2D SPACE',''
  ) );
#9495 = ADVANCED_FACE('',(#9496),#8630,.F.);
#9496 = FACE_BOUND('',#9497,.F.);
#9497 = EDGE_LOOP('',(#9498,#9499,#9500,#9501));
#9498 = ORIENTED_EDGE('',*,*,#8904,.F.);
#9499 = ORIENTED_EDGE('',*,*,#9342,.F.);
#9500 = ORIENTED_EDGE('',*,*,#8614,.T.);
#9501 = ORIENTED_EDGE('',*,*,#9502,.F.);
#9502 = EDGE_CURVE('',#8905,#8615,#9503,.T.);
#9503 = SURFACE_CURVE('',#9504,(#9508,#9515),.PCURVE_S1.);
#9504 = LINE('',#9505,#9506);
#9505 = CARTESIAN_POINT('',(115.75,-95.,52.));
#9506 = VECTOR('',#9507,1.);
#9507 = DIRECTION('',(0.,0.,1.));
#9508 = PCURVE('',#8630,#9509);
#9509 = DEFINITIONAL_REPRESENTATION('',(#9510),#9514);
#9510 = LINE('',#9511,#9512);
#9511 = CARTESIAN_POINT('',(0.,1.5));
#9512 = VECTOR('',#9513,1.);
#9513 = DIRECTION('',(1.,0.));
#9514 = ( GEOMETRIC_REPRESENTATION_CONTEXT(2) 
PARAMETRIC_REPRESENTATION_CONTEXT() REPRESENTATION_CONTEXT('2D SPACE',''
  ) );
#9515 = PCURVE('',#8658,#9516);
#9516 = DEFINITIONAL_REPRESENTATION('',(#9517),#9521);
#9517 = LINE('',#9518,#9519);
#9518 = CARTESIAN_POINT('',(0.,0.));
#9519 = VECTOR('',#9520,1.);
#9520 = DIRECTION('',(1.,0.));
#9521 = ( GEOMETRIC_REPRESENTATION_CONTEXT(2) 
PARAMETRIC_REPRESENTATION_CONTEXT() REPRESENTATION_CONTEXT('2D SPACE',''
  ) );
#9522 = ADVANCED_FACE('',(#9523),#8686,.T.);
#9523 = FACE_BOUND('',#9524,.T.);
#9524 = EDGE_LOOP('',(#9525,#9526,#9527,#9528));
#9525 = ORIENTED_EDGE('',*,*,#8950,.F.);
#9526 = ORIENTED_EDGE('',*,*,#9475,.T.);
#9527 = ORIENTED_EDGE('',*,*,#8670,.T.);
#9528 = ORIENTED_EDGE('',*,*,#9529,.F.);
#9529 = EDGE_CURVE('',#8928,#8643,#9530,.T.);
#9530 = SURFACE_CURVE('',#9531,(#9535,#9542),.PCURVE_S1.);
#9531 = LINE('',#9532,#9533);
#9532 = CARTESIAN_POINT('',(115.75,75.,52.));
#9533 = VECTOR('',#9534,1.);
#9534 = DIRECTION('',(0.,0.,1.));
#9535 = PCURVE('',#8686,#9536);
#9536 = DEFINITIONAL_REPRESENTATION('',(#9537),#9541);
#9537 = LINE('',#9538,#9539);
#9538 = CARTESIAN_POINT('',(0.,1.5));
#9539 = VECTOR('',#9540,1.);
#9540 = DIRECTION('',(1.,0.));
#9541 = ( GEOMETRIC_REPRESENTATION_CONTEXT(2) 
PARAMETRIC_REPRESENTATION_CONTEXT() REPRESENTATION_CONTEXT('2D SPACE',''
  ) );
#9542 = PCURVE('',#8658,#9543);
#9543 = DEFINITIONAL_REPRESENTATION('',(#9544),#9548);
#9544 = LINE('',#9545,#9546);
#9545 = CARTESIAN_POINT('',(0.,-170.));
#9546 = VECTOR('',#9547,1.);
#9547 = DIRECTION('',(1.,0.));
#9548 = ( GEOMETRIC_REPRESENTATION_CONTEXT(2) 
PARAMETRIC_REPRESENTATION_CONTEXT() REPRESENTATION_CONTEXT('2D SPACE',''
  ) );
#9549 = ADVANCED_FACE('',(#9550),#8658,.T.);
#9550 = FACE_BOUND('',#9551,.T.);
#9551 = EDGE_LOOP('',(#9552,#9553,#9554,#9555));
#9552 = ORIENTED_EDGE('',*,*,#9502,.F.);
#9553 = ORIENTED_EDGE('',*,*,#8927,.T.);
#9554 = ORIENTED_EDGE('',*,*,#9529,.T.);
#9555 = ORIENTED_EDGE('',*,*,#8642,.F.);
#9556 = ( GEOMETRIC_REPRESENTATION_CONTEXT(3) 
GLOBAL_UNCERTAINTY_ASSIGNED_CONTEXT((#9560)) 
GLOBAL_UNIT_ASSIGNED_CONTEXT((#9557,#9558,#9559)) REPRESENTATION_CONTEXT
('Context #1','3D Context with UNIT and UNCERTAINTY') );
#9557 = ( LENGTH_UNIT() NAMED_UNIT(*) SI_UNIT(.MILLI.,.METRE.) );
#9558 = ( NAMED_UNIT(*) PLANE_ANGLE_UNIT() SI_UNIT($,.RADIAN.) );
#9559 = ( NAMED_UNIT(*) SI_UNIT($,.STERADIAN.) SOLID_ANGLE_UNIT() );
#9560 = UNCERTAINTY_MEASURE_WITH_UNIT(LENGTH_MEASURE(2.E-07),#9557,
  'distance_accuracy_value','confusion accuracy');
#9561 = CONTEXT_DEPENDENT_SHAPE_REPRESENTATION(#9562,#9564);
#9562 = ( REPRESENTATION_RELATIONSHIP('','',#8309,#10) 
REPRESENTATION_RELATIONSHIP_WITH_TRANSFORMATION(#9563) 
SHAPE_REPRESENTATION_RELATIONSHIP() );
#9563 = ITEM_DEFINED_TRANSFORMATION('','',#11,#55);
#9564 = PRODUCT_DEFINITION_SHAPE('Placement','Placement of an item',
  #9565);
#9565 = NEXT_ASSEMBLY_USAGE_OCCURRENCE('11','=>[0:1:1:12]','',#5,#8304,$
  );
#9566 = PRODUCT_RELATED_PRODUCT_CATEGORY('part',$,(#8306));
#9567 = SHAPE_DEFINITION_REPRESENTATION(#9568,#9574);
#9568 = PRODUCT_DEFINITION_SHAPE('','',#9569);
#9569 = PRODUCT_DEFINITION('design','',#9570,#9573);
#9570 = PRODUCT_DEFINITION_FORMATION('','',#9571);
#9571 = PRODUCT('COMPOUND','COMPOUND','',(#9572));
#9572 = PRODUCT_CONTEXT('',#2,'mechanical');
#9573 = PRODUCT_DEFINITION_CONTEXT('part definition',#2,'design');
#9574 = ADVANCED_BREP_SHAPE_REPRESENTATION('',(#11,#9575),#10545);
#9575 = MANIFOLD_SOLID_BREP('',#9576);
#9576 = CLOSED_SHELL('',(#9577,#9697,#9773,#9936,#9985,#10012,#10129,
    #10205,#10254,#10303,#10330,#10406,#10455,#10504,#10531,#10538));
#9577 = ADVANCED_FACE('',(#9578),#9592,.F.);
#9578 = FACE_BOUND('',#9579,.F.);
#9579 = EDGE_LOOP('',(#9580,#9615,#9643,#9671));
#9580 = ORIENTED_EDGE('',*,*,#9581,.F.);
#9581 = EDGE_CURVE('',#9582,#9584,#9586,.T.);
#9582 = VERTEX_POINT('',#9583);
#9583 = CARTESIAN_POINT('',(-220.,-75.,450.));
#9584 = VERTEX_POINT('',#9585);
#9585 = CARTESIAN_POINT('',(-220.,-75.,550.));
#9586 = SURFACE_CURVE('',#9587,(#9591,#9603),.PCURVE_S1.);
#9587 = LINE('',#9588,#9589);
#9588 = CARTESIAN_POINT('',(-220.,-75.,450.));
#9589 = VECTOR('',#9590,1.);
#9590 = DIRECTION('',(0.,0.,1.));
#9591 = PCURVE('',#9592,#9597);
#9592 = PLANE('',#9593);
#9593 = AXIS2_PLACEMENT_3D('',#9594,#9595,#9596);
#9594 = CARTESIAN_POINT('',(-220.,-75.,450.));
#9595 = DIRECTION('',(1.,0.,-0.));
#9596 = DIRECTION('',(0.,0.,1.));
#9597 = DEFINITIONAL_REPRESENTATION('',(#9598),#9602);
#9598 = LINE('',#9599,#9600);
#9599 = CARTESIAN_POINT('',(0.,0.));
#9600 = VECTOR('',#9601,1.);
#9601 = DIRECTION('',(1.,0.));
#9602 = ( GEOMETRIC_REPRESENTATION_CONTEXT(2) 
PARAMETRIC_REPRESENTATION_CONTEXT() REPRESENTATION_CONTEXT('2D SPACE',''
  ) );
#9603 = PCURVE('',#9604,#9609);
#9604 = PLANE('',#9605);
#9605 = AXIS2_PLACEMENT_3D('',#9606,#9607,#9608);
#9606 = CARTESIAN_POINT('',(-220.,-75.,450.));
#9607 = DIRECTION('',(-0.,1.,0.));
#9608 = DIRECTION('',(0.,0.,1.));
#9609 = DEFINITIONAL_REPRESENTATION('',(#9610),#9614);
#9610 = LINE('',#9611,#9612);
#9611 = CARTESIAN_POINT('',(0.,0.));
#9612 = VECTOR('',#9613,1.);
#9613 = DIRECTION('',(1.,0.));
#9614 = ( GEOMETRIC_REPRESENTATION_CONTEXT(2) 
PARAMETRIC_REPRESENTATION_CONTEXT() REPRESENTATION_CONTEXT('2D SPACE',''
  ) );
#9615 = ORIENTED_EDGE('',*,*,#9616,.T.);
#9616 = EDGE_CURVE('',#9582,#9617,#9619,.T.);
#9617 = VERTEX_POINT('',#9618);
#9618 = CARTESIAN_POINT('',(-220.,75.,450.));
#9619 = SURFACE_CURVE('',#9620,(#9624,#9631),.PCURVE_S1.);
#9620 = LINE('',#9621,#9622);
#9621 = CARTESIAN_POINT('',(-220.,-75.,450.));
#9622 = VECTOR('',#9623,1.);
#9623 = DIRECTION('',(-0.,1.,0.));
#9624 = PCURVE('',#9592,#9625);
#9625 = DEFINITIONAL_REPRESENTATION('',(#9626),#9630);
#9626 = LINE('',#9627,#9628);
#9627 = CARTESIAN_POINT('',(0.,0.));
#9628 = VECTOR('',#9629,1.);
#9629 = DIRECTION('',(0.,-1.));
#9630 = ( GEOMETRIC_REPRESENTATION_CONTEXT(2) 
PARAMETRIC_REPRESENTATION_CONTEXT() REPRESENTATION_CONTEXT('2D SPACE',''
  ) );
#9631 = PCURVE('',#9632,#9637);
#9632 = PLANE('',#9633);
#9633 = AXIS2_PLACEMENT_3D('',#9634,#9635,#9636);
#9634 = CARTESIAN_POINT('',(-220.,-75.,450.));
#9635 = DIRECTION('',(0.,0.,1.));
#9636 = DIRECTION('',(1.,0.,-0.));
#9637 = DEFINITIONAL_REPRESENTATION('',(#9638),#9642);
#9638 = LINE('',#9639,#9640);
#9639 = CARTESIAN_POINT('',(0.,0.));
#9640 = VECTOR('',#9641,1.);
#9641 = DIRECTION('',(0.,1.));
#9642 = ( GEOMETRIC_REPRESENTATION_CONTEXT(2) 
PARAMETRIC_REPRESENTATION_CONTEXT() REPRESENTATION_CONTEXT('2D SPACE',''
  ) );
#9643 = ORIENTED_EDGE('',*,*,#9644,.T.);
#9644 = EDGE_CURVE('',#9617,#9645,#9647,.T.);
#9645 = VERTEX_POINT('',#9646);
#9646 = CARTESIAN_POINT('',(-220.,75.,550.));
#9647 = SURFACE_CURVE('',#9648,(#9652,#9659),.PCURVE_S1.);
#9648 = LINE('',#9649,#9650);
#9649 = CARTESIAN_POINT('',(-220.,75.,450.));
#9650 = VECTOR('',#9651,1.);
#9651 = DIRECTION('',(0.,0.,1.));
#9652 = PCURVE('',#9592,#9653);
#9653 = DEFINITIONAL_REPRESENTATION('',(#9654),#9658);
#9654 = LINE('',#9655,#9656);
#9655 = CARTESIAN_POINT('',(0.,-150.));
#9656 = VECTOR('',#9657,1.);
#9657 = DIRECTION('',(1.,0.));
#9658 = ( GEOMETRIC_REPRESENTATION_CONTEXT(2) 
PARAMETRIC_REPRESENTATION_CONTEXT() REPRESENTATION_CONTEXT('2D SPACE',''
  ) );
#9659 = PCURVE('',#9660,#9665);
#9660 = PLANE('',#9661);
#9661 = AXIS2_PLACEMENT_3D('',#9662,#9663,#9664);
#9662 = CARTESIAN_POINT('',(-220.,75.,450.));
#9663 = DIRECTION('',(-0.,1.,0.));
#9664 = DIRECTION('',(0.,0.,1.));
#9665 = DEFINITIONAL_REPRESENTATION('',(#9666),#9670);
#9666 = LINE('',#9667,#9668);
#9667 = CARTESIAN_POINT('',(0.,0.));
#9668 = VECTOR('',#9669,1.);
#9669 = DIRECTION('',(1.,0.));
#9670 = ( GEOMETRIC_REPRESENTATION_CONTEXT(2) 
PARAMETRIC_REPRESENTATION_CONTEXT() REPRESENTATION_CONTEXT('2D SPACE',''
  ) );
#9671 = ORIENTED_EDGE('',*,*,#9672,.F.);
#9672 = EDGE_CURVE('',#9584,#9645,#9673,.T.);
#9673 = SURFACE_CURVE('',#9674,(#9678,#9685),.PCURVE_S1.);
#9674 = LINE('',#9675,#9676);
#9675 = CARTESIAN_POINT('',(-220.,-75.,550.));
#9676 = VECTOR('',#9677,1.);
#9677 = DIRECTION('',(-0.,1.,0.));
#9678 = PCURVE('',#9592,#9679);
#9679 = DEFINITIONAL_REPRESENTATION('',(#9680),#9684);
#9680 = LINE('',#9681,#9682);
#9681 = CARTESIAN_POINT('',(100.,0.));
#9682 = VECTOR('',#9683,1.);
#9683 = DIRECTION('',(0.,-1.));
#9684 = ( GEOMETRIC_REPRESENTATION_CONTEXT(2) 
PARAMETRIC_REPRESENTATION_CONTEXT() REPRESENTATION_CONTEXT('2D SPACE',''
  ) );
#9685 = PCURVE('',#9686,#9691);
#9686 = PLANE('',#9687);
#9687 = AXIS2_PLACEMENT_3D('',#9688,#9689,#9690);
#9688 = CARTESIAN_POINT('',(-220.,-75.,550.));
#9689 = DIRECTION('',(0.,0.,1.));
#9690 = DIRECTION('',(1.,0.,-0.));
#9691 = DEFINITIONAL_REPRESENTATION('',(#9692),#9696);
#9692 = LINE('',#9693,#9694);
#9693 = CARTESIAN_POINT('',(0.,0.));
#9694 = VECTOR('',#9695,1.);
#9695 = DIRECTION('',(0.,1.));
#9696 = ( GEOMETRIC_REPRESENTATION_CONTEXT(2) 
PARAMETRIC_REPRESENTATION_CONTEXT() REPRESENTATION_CONTEXT('2D SPACE',''
  ) );
#9697 = ADVANCED_FACE('',(#9698),#9604,.F.);
#9698 = FACE_BOUND('',#9699,.F.);
#9699 = EDGE_LOOP('',(#9700,#9723,#9724,#9747));
#9700 = ORIENTED_EDGE('',*,*,#9701,.F.);
#9701 = EDGE_CURVE('',#9582,#9702,#9704,.T.);
#9702 = VERTEX_POINT('',#9703);
#9703 = CARTESIAN_POINT('',(-100.,-75.,450.));
#9704 = SURFACE_CURVE('',#9705,(#9709,#9716),.PCURVE_S1.);
#9705 = LINE('',#9706,#9707);
#9706 = CARTESIAN_POINT('',(-220.,-75.,450.));
#9707 = VECTOR('',#9708,1.);
#9708 = DIRECTION('',(1.,0.,-0.));
#9709 = PCURVE('',#9604,#9710);
#9710 = DEFINITIONAL_REPRESENTATION('',(#9711),#9715);
#9711 = LINE('',#9712,#9713);
#9712 = CARTESIAN_POINT('',(0.,0.));
#9713 = VECTOR('',#9714,1.);
#9714 = DIRECTION('',(0.,1.));
#9715 = ( GEOMETRIC_REPRESENTATION_CONTEXT(2) 
PARAMETRIC_REPRESENTATION_CONTEXT() REPRESENTATION_CONTEXT('2D SPACE',''
  ) );
#9716 = PCURVE('',#9632,#9717);
#9717 = DEFINITIONAL_REPRESENTATION('',(#9718),#9722);
#9718 = LINE('',#9719,#9720);
#9719 = CARTESIAN_POINT('',(0.,0.));
#9720 = VECTOR('',#9721,1.);
#9721 = DIRECTION('',(1.,0.));
#9722 = ( GEOMETRIC_REPRESENTATION_CONTEXT(2) 
PARAMETRIC_REPRESENTATION_CONTEXT() REPRESENTATION_CONTEXT('2D SPACE',''
  ) );
#9723 = ORIENTED_EDGE('',*,*,#9581,.T.);
#9724 = ORIENTED_EDGE('',*,*,#9725,.T.);
#9725 = EDGE_CURVE('',#9584,#9726,#9728,.T.);
#9726 = VERTEX_POINT('',#9727);
#9727 = CARTESIAN_POINT('',(-100.,-75.,550.));
#9728 = SURFACE_CURVE('',#9729,(#9733,#9740),.PCURVE_S1.);
#9729 = LINE('',#9730,#9731);
#9730 = CARTESIAN_POINT('',(-220.,-75.,550.));
#9731 = VECTOR('',#9732,1.);
#9732 = DIRECTION('',(1.,0.,-0.));
#9733 = PCURVE('',#9604,#9734);
#9734 = DEFINITIONAL_REPRESENTATION('',(#9735),#9739);
#9735 = LINE('',#9736,#9737);
#9736 = CARTESIAN_POINT('',(100.,0.));
#9737 = VECTOR('',#9738,1.);
#9738 = DIRECTION('',(0.,1.));
#9739 = ( GEOMETRIC_REPRESENTATION_CONTEXT(2) 
PARAMETRIC_REPRESENTATION_CONTEXT() REPRESENTATION_CONTEXT('2D SPACE',''
  ) );
#9740 = PCURVE('',#9686,#9741);
#9741 = DEFINITIONAL_REPRESENTATION('',(#9742),#9746);
#9742 = LINE('',#9743,#9744);
#9743 = CARTESIAN_POINT('',(0.,0.));
#9744 = VECTOR('',#9745,1.);
#9745 = DIRECTION('',(1.,0.));
#9746 = ( GEOMETRIC_REPRESENTATION_CONTEXT(2) 
PARAMETRIC_REPRESENTATION_CONTEXT() REPRESENTATION_CONTEXT('2D SPACE',''
  ) );
#9747 = ORIENTED_EDGE('',*,*,#9748,.F.);
#9748 = EDGE_CURVE('',#9702,#9726,#9749,.T.);
#9749 = SURFACE_CURVE('',#9750,(#9754,#9761),.PCURVE_S1.);
#9750 = LINE('',#9751,#9752);
#9751 = CARTESIAN_POINT('',(-100.,-75.,450.));
#9752 = VECTOR('',#9753,1.);
#9753 = DIRECTION('',(0.,0.,1.));
#9754 = PCURVE('',#9604,#9755);
#9755 = DEFINITIONAL_REPRESENTATION('',(#9756),#9760);
#9756 = LINE('',#9757,#9758);
#9757 = CARTESIAN_POINT('',(0.,120.));
#9758 = VECTOR('',#9759,1.);
#9759 = DIRECTION('',(1.,0.));
#9760 = ( GEOMETRIC_REPRESENTATION_CONTEXT(2) 
PARAMETRIC_REPRESENTATION_CONTEXT() REPRESENTATION_CONTEXT('2D SPACE',''
  ) );
#9761 = PCURVE('',#9762,#9767);
#9762 = PLANE('',#9763);
#9763 = AXIS2_PLACEMENT_3D('',#9764,#9765,#9766);
#9764 = CARTESIAN_POINT('',(-100.,-75.,450.));
#9765 = DIRECTION('',(1.,0.,-0.));
#9766 = DIRECTION('',(0.,0.,1.));
#9767 = DEFINITIONAL_REPRESENTATION('',(#9768),#9772);
#9768 = LINE('',#9769,#9770);
#9769 = CARTESIAN_POINT('',(0.,0.));
#9770 = VECTOR('',#9771,1.);
#9771 = DIRECTION('',(1.,0.));
#9772 = ( GEOMETRIC_REPRESENTATION_CONTEXT(2) 
PARAMETRIC_REPRESENTATION_CONTEXT() REPRESENTATION_CONTEXT('2D SPACE',''
  ) );
#9773 = ADVANCED_FACE('',(#9774,#9822),#9686,.T.);
#9774 = FACE_BOUND('',#9775,.T.);
#9775 = EDGE_LOOP('',(#9776,#9777,#9778,#9801));
#9776 = ORIENTED_EDGE('',*,*,#9672,.F.);
#9777 = ORIENTED_EDGE('',*,*,#9725,.T.);
#9778 = ORIENTED_EDGE('',*,*,#9779,.T.);
#9779 = EDGE_CURVE('',#9726,#9780,#9782,.T.);
#9780 = VERTEX_POINT('',#9781);
#9781 = CARTESIAN_POINT('',(-100.,75.,550.));
#9782 = SURFACE_CURVE('',#9783,(#9787,#9794),.PCURVE_S1.);
#9783 = LINE('',#9784,#9785);
#9784 = CARTESIAN_POINT('',(-100.,-75.,550.));
#9785 = VECTOR('',#9786,1.);
#9786 = DIRECTION('',(-0.,1.,0.));
#9787 = PCURVE('',#9686,#9788);
#9788 = DEFINITIONAL_REPRESENTATION('',(#9789),#9793);
#9789 = LINE('',#9790,#9791);
#9790 = CARTESIAN_POINT('',(120.,0.));
#9791 = VECTOR('',#9792,1.);
#9792 = DIRECTION('',(0.,1.));
#9793 = ( GEOMETRIC_REPRESENTATION_CONTEXT(2) 
PARAMETRIC_REPRESENTATION_CONTEXT() REPRESENTATION_CONTEXT('2D SPACE',''
  ) );
#9794 = PCURVE('',#9762,#9795);
#9795 = DEFINITIONAL_REPRESENTATION('',(#9796),#9800);
#9796 = LINE('',#9797,#9798);
#9797 = CARTESIAN_POINT('',(100.,0.));
#9798 = VECTOR('',#9799,1.);
#9799 = DIRECTION('',(0.,-1.));
#9800 = ( GEOMETRIC_REPRESENTATION_CONTEXT(2) 
PARAMETRIC_REPRESENTATION_CONTEXT() REPRESENTATION_CONTEXT('2D SPACE',''
  ) );
#9801 = ORIENTED_EDGE('',*,*,#9802,.F.);
#9802 = EDGE_CURVE('',#9645,#9780,#9803,.T.);
#9803 = SURFACE_CURVE('',#9804,(#9808,#9815),.PCURVE_S1.);
#9804 = LINE('',#9805,#9806);
#9805 = CARTESIAN_POINT('',(-220.,75.,550.));
#9806 = VECTOR('',#9807,1.);
#9807 = DIRECTION('',(1.,0.,-0.));
#9808 = PCURVE('',#9686,#9809);
#9809 = DEFINITIONAL_REPRESENTATION('',(#9810),#9814);
#9810 = LINE('',#9811,#9812);
#9811 = CARTESIAN_POINT('',(0.,150.));
#9812 = VECTOR('',#9813,1.);
#9813 = DIRECTION('',(1.,0.));
#9814 = ( GEOMETRIC_REPRESENTATION_CONTEXT(2) 
PARAMETRIC_REPRESENTATION_CONTEXT() REPRESENTATION_CONTEXT('2D SPACE',''
  ) );
#9815 = PCURVE('',#9660,#9816);
#9816 = DEFINITIONAL_REPRESENTATION('',(#9817),#9821);
#9817 = LINE('',#9818,#9819);
#9818 = CARTESIAN_POINT('',(100.,0.));
#9819 = VECTOR('',#9820,1.);
#9820 = DIRECTION('',(0.,1.));
#9821 = ( GEOMETRIC_REPRESENTATION_CONTEXT(2) 
PARAMETRIC_REPRESENTATION_CONTEXT() REPRESENTATION_CONTEXT('2D SPACE',''
  ) );
#9822 = FACE_BOUND('',#9823,.T.);
#9823 = EDGE_LOOP('',(#9824,#9854,#9882,#9910));
#9824 = ORIENTED_EDGE('',*,*,#9825,.T.);
#9825 = EDGE_CURVE('',#9826,#9828,#9830,.T.);
#9826 = VERTEX_POINT('',#9827);
#9827 = CARTESIAN_POINT('',(-210.,-50.,550.));
#9828 = VERTEX_POINT('',#9829);
#9829 = CARTESIAN_POINT('',(-210.,50.,550.));
#9830 = SURFACE_CURVE('',#9831,(#9835,#9842),.PCURVE_S1.);
#9831 = LINE('',#9832,#9833);
#9832 = CARTESIAN_POINT('',(-210.,-50.,550.));
#9833 = VECTOR('',#9834,1.);
#9834 = DIRECTION('',(-0.,1.,0.));
#9835 = PCURVE('',#9686,#9836);
#9836 = DEFINITIONAL_REPRESENTATION('',(#9837),#9841);
#9837 = LINE('',#9838,#9839);
#9838 = CARTESIAN_POINT('',(10.,25.));
#9839 = VECTOR('',#9840,1.);
#9840 = DIRECTION('',(0.,1.));
#9841 = ( GEOMETRIC_REPRESENTATION_CONTEXT(2) 
PARAMETRIC_REPRESENTATION_CONTEXT() REPRESENTATION_CONTEXT('2D SPACE',''
  ) );
#9842 = PCURVE('',#9843,#9848);
#9843 = PLANE('',#9844);
#9844 = AXIS2_PLACEMENT_3D('',#9845,#9846,#9847);
#9845 = CARTESIAN_POINT('',(-210.,-50.,550.));
#9846 = DIRECTION('',(1.,0.,-0.));
#9847 = DIRECTION('',(0.,0.,1.));
#9848 = DEFINITIONAL_REPRESENTATION('',(#9849),#9853);
#9849 = LINE('',#9850,#9851);
#9850 = CARTESIAN_POINT('',(0.,0.));
#9851 = VECTOR('',#9852,1.);
#9852 = DIRECTION('',(0.,-1.));
#9853 = ( GEOMETRIC_REPRESENTATION_CONTEXT(2) 
PARAMETRIC_REPRESENTATION_CONTEXT() REPRESENTATION_CONTEXT('2D SPACE',''
  ) );
#9854 = ORIENTED_EDGE('',*,*,#9855,.T.);
#9855 = EDGE_CURVE('',#9828,#9856,#9858,.T.);
#9856 = VERTEX_POINT('',#9857);
#9857 = CARTESIAN_POINT('',(-110.,50.,550.));
#9858 = SURFACE_CURVE('',#9859,(#9863,#9870),.PCURVE_S1.);
#9859 = LINE('',#9860,#9861);
#9860 = CARTESIAN_POINT('',(-210.,50.,550.));
#9861 = VECTOR('',#9862,1.);
#9862 = DIRECTION('',(1.,0.,-0.));
#9863 = PCURVE('',#9686,#9864);
#9864 = DEFINITIONAL_REPRESENTATION('',(#9865),#9869);
#9865 = LINE('',#9866,#9867);
#9866 = CARTESIAN_POINT('',(10.,125.));
#9867 = VECTOR('',#9868,1.);
#9868 = DIRECTION('',(1.,0.));
#9869 = ( GEOMETRIC_REPRESENTATION_CONTEXT(2) 
PARAMETRIC_REPRESENTATION_CONTEXT() REPRESENTATION_CONTEXT('2D SPACE',''
  ) );
#9870 = PCURVE('',#9871,#9876);
#9871 = PLANE('',#9872);
#9872 = AXIS2_PLACEMENT_3D('',#9873,#9874,#9875);
#9873 = CARTESIAN_POINT('',(-210.,50.,550.));
#9874 = DIRECTION('',(-0.,1.,0.));
#9875 = DIRECTION('',(0.,0.,1.));
#9876 = DEFINITIONAL_REPRESENTATION('',(#9877),#9881);
#9877 = LINE('',#9878,#9879);
#9878 = CARTESIAN_POINT('',(0.,0.));
#9879 = VECTOR('',#9880,1.);
#9880 = DIRECTION('',(0.,1.));
#9881 = ( GEOMETRIC_REPRESENTATION_CONTEXT(2) 
PARAMETRIC_REPRESENTATION_CONTEXT() REPRESENTATION_CONTEXT('2D SPACE',''
  ) );
#9882 = ORIENTED_EDGE('',*,*,#9883,.F.);
#9883 = EDGE_CURVE('',#9884,#9856,#9886,.T.);
#9884 = VERTEX_POINT('',#9885);
#9885 = CARTESIAN_POINT('',(-110.,-50.,550.));
#9886 = SURFACE_CURVE('',#9887,(#9891,#9898),.PCURVE_S1.);
#9887 = LINE('',#9888,#9889);
#9888 = CARTESIAN_POINT('',(-110.,-50.,550.));
#9889 = VECTOR('',#9890,1.);
#9890 = DIRECTION('',(-0.,1.,0.));
#9891 = PCURVE('',#9686,#9892);
#9892 = DEFINITIONAL_REPRESENTATION('',(#9893),#9897);
#9893 = LINE('',#9894,#9895);
#9894 = CARTESIAN_POINT('',(110.,25.));
#9895 = VECTOR('',#9896,1.);
#9896 = DIRECTION('',(0.,1.));
#9897 = ( GEOMETRIC_REPRESENTATION_CONTEXT(2) 
PARAMETRIC_REPRESENTATION_CONTEXT() REPRESENTATION_CONTEXT('2D SPACE',''
  ) );
#9898 = PCURVE('',#9899,#9904);
#9899 = PLANE('',#9900);
#9900 = AXIS2_PLACEMENT_3D('',#9901,#9902,#9903);
#9901 = CARTESIAN_POINT('',(-110.,-50.,550.));
#9902 = DIRECTION('',(1.,0.,-0.));
#9903 = DIRECTION('',(0.,0.,1.));
#9904 = DEFINITIONAL_REPRESENTATION('',(#9905),#9909);
#9905 = LINE('',#9906,#9907);
#9906 = CARTESIAN_POINT('',(0.,0.));
#9907 = VECTOR('',#9908,1.);
#9908 = DIRECTION('',(0.,-1.));
#9909 = ( GEOMETRIC_REPRESENTATION_CONTEXT(2) 
PARAMETRIC_REPRESENTATION_CONTEXT() REPRESENTATION_CONTEXT('2D SPACE',''
  ) );
#9910 = ORIENTED_EDGE('',*,*,#9911,.F.);
#9911 = EDGE_CURVE('',#9826,#9884,#9912,.T.);
#9912 = SURFACE_CURVE('',#9913,(#9917,#9924),.PCURVE_S1.);
#9913 = LINE('',#9914,#9915);
#9914 = CARTESIAN_POINT('',(-210.,-50.,550.));
#9915 = VECTOR('',#9916,1.);
#9916 = DIRECTION('',(1.,0.,-0.));
#9917 = PCURVE('',#9686,#9918);
#9918 = DEFINITIONAL_REPRESENTATION('',(#9919),#9923);
#9919 = LINE('',#9920,#9921);
#9920 = CARTESIAN_POINT('',(10.,25.));
#9921 = VECTOR('',#9922,1.);
#9922 = DIRECTION('',(1.,0.));
#9923 = ( GEOMETRIC_REPRESENTATION_CONTEXT(2) 
PARAMETRIC_REPRESENTATION_CONTEXT() REPRESENTATION_CONTEXT('2D SPACE',''
  ) );
#9924 = PCURVE('',#9925,#9930);
#9925 = PLANE('',#9926);
#9926 = AXIS2_PLACEMENT_3D('',#9927,#9928,#9929);
#9927 = CARTESIAN_POINT('',(-210.,-50.,550.));
#9928 = DIRECTION('',(-0.,1.,0.));
#9929 = DIRECTION('',(0.,0.,1.));
#9930 = DEFINITIONAL_REPRESENTATION('',(#9931),#9935);
#9931 = LINE('',#9932,#9933);
#9932 = CARTESIAN_POINT('',(0.,0.));
#9933 = VECTOR('',#9934,1.);
#9934 = DIRECTION('',(0.,1.));
#9935 = ( GEOMETRIC_REPRESENTATION_CONTEXT(2) 
PARAMETRIC_REPRESENTATION_CONTEXT() REPRESENTATION_CONTEXT('2D SPACE',''
  ) );
#9936 = ADVANCED_FACE('',(#9937),#9660,.T.);
#9937 = FACE_BOUND('',#9938,.T.);
#9938 = EDGE_LOOP('',(#9939,#9962,#9963,#9964));
#9939 = ORIENTED_EDGE('',*,*,#9940,.F.);
#9940 = EDGE_CURVE('',#9617,#9941,#9943,.T.);
#9941 = VERTEX_POINT('',#9942);
#9942 = CARTESIAN_POINT('',(-100.,75.,450.));
#9943 = SURFACE_CURVE('',#9944,(#9948,#9955),.PCURVE_S1.);
#9944 = LINE('',#9945,#9946);
#9945 = CARTESIAN_POINT('',(-220.,75.,450.));
#9946 = VECTOR('',#9947,1.);
#9947 = DIRECTION('',(1.,0.,-0.));
#9948 = PCURVE('',#9660,#9949);
#9949 = DEFINITIONAL_REPRESENTATION('',(#9950),#9954);
#9950 = LINE('',#9951,#9952);
#9951 = CARTESIAN_POINT('',(0.,0.));
#9952 = VECTOR('',#9953,1.);
#9953 = DIRECTION('',(0.,1.));
#9954 = ( GEOMETRIC_REPRESENTATION_CONTEXT(2) 
PARAMETRIC_REPRESENTATION_CONTEXT() REPRESENTATION_CONTEXT('2D SPACE',''
  ) );
#9955 = PCURVE('',#9632,#9956);
#9956 = DEFINITIONAL_REPRESENTATION('',(#9957),#9961);
#9957 = LINE('',#9958,#9959);
#9958 = CARTESIAN_POINT('',(0.,150.));
#9959 = VECTOR('',#9960,1.);
#9960 = DIRECTION('',(1.,0.));
#9961 = ( GEOMETRIC_REPRESENTATION_CONTEXT(2) 
PARAMETRIC_REPRESENTATION_CONTEXT() REPRESENTATION_CONTEXT('2D SPACE',''
  ) );
#9962 = ORIENTED_EDGE('',*,*,#9644,.T.);
#9963 = ORIENTED_EDGE('',*,*,#9802,.T.);
#9964 = ORIENTED_EDGE('',*,*,#9965,.F.);
#9965 = EDGE_CURVE('',#9941,#9780,#9966,.T.);
#9966 = SURFACE_CURVE('',#9967,(#9971,#9978),.PCURVE_S1.);
#9967 = LINE('',#9968,#9969);
#9968 = CARTESIAN_POINT('',(-100.,75.,450.));
#9969 = VECTOR('',#9970,1.);
#9970 = DIRECTION('',(0.,0.,1.));
#9971 = PCURVE('',#9660,#9972);
#9972 = DEFINITIONAL_REPRESENTATION('',(#9973),#9977);
#9973 = LINE('',#9974,#9975);
#9974 = CARTESIAN_POINT('',(0.,120.));
#9975 = VECTOR('',#9976,1.);
#9976 = DIRECTION('',(1.,0.));
#9977 = ( GEOMETRIC_REPRESENTATION_CONTEXT(2) 
PARAMETRIC_REPRESENTATION_CONTEXT() REPRESENTATION_CONTEXT('2D SPACE',''
  ) );
#9978 = PCURVE('',#9762,#9979);
#9979 = DEFINITIONAL_REPRESENTATION('',(#9980),#9984);
#9980 = LINE('',#9981,#9982);
#9981 = CARTESIAN_POINT('',(0.,-150.));
#9982 = VECTOR('',#9983,1.);
#9983 = DIRECTION('',(1.,0.));
#9984 = ( GEOMETRIC_REPRESENTATION_CONTEXT(2) 
PARAMETRIC_REPRESENTATION_CONTEXT() REPRESENTATION_CONTEXT('2D SPACE',''
  ) );
#9985 = ADVANCED_FACE('',(#9986),#9632,.F.);
#9986 = FACE_BOUND('',#9987,.F.);
#9987 = EDGE_LOOP('',(#9988,#9989,#9990,#10011));
#9988 = ORIENTED_EDGE('',*,*,#9616,.F.);
#9989 = ORIENTED_EDGE('',*,*,#9701,.T.);
#9990 = ORIENTED_EDGE('',*,*,#9991,.T.);
#9991 = EDGE_CURVE('',#9702,#9941,#9992,.T.);
#9992 = SURFACE_CURVE('',#9993,(#9997,#10004),.PCURVE_S1.);
#9993 = LINE('',#9994,#9995);
#9994 = CARTESIAN_POINT('',(-100.,-75.,450.));
#9995 = VECTOR('',#9996,1.);
#9996 = DIRECTION('',(-0.,1.,0.));
#9997 = PCURVE('',#9632,#9998);
#9998 = DEFINITIONAL_REPRESENTATION('',(#9999),#10003);
#9999 = LINE('',#10000,#10001);
#10000 = CARTESIAN_POINT('',(120.,0.));
#10001 = VECTOR('',#10002,1.);
#10002 = DIRECTION('',(0.,1.));
#10003 = ( GEOMETRIC_REPRESENTATION_CONTEXT(2) 
PARAMETRIC_REPRESENTATION_CONTEXT() REPRESENTATION_CONTEXT('2D SPACE',''
  ) );
#10004 = PCURVE('',#9762,#10005);
#10005 = DEFINITIONAL_REPRESENTATION('',(#10006),#10010);
#10006 = LINE('',#10007,#10008);
#10007 = CARTESIAN_POINT('',(0.,0.));
#10008 = VECTOR('',#10009,1.);
#10009 = DIRECTION('',(0.,-1.));
#10010 = ( GEOMETRIC_REPRESENTATION_CONTEXT(2) 
PARAMETRIC_REPRESENTATION_CONTEXT() REPRESENTATION_CONTEXT('2D SPACE',''
  ) );
#10011 = ORIENTED_EDGE('',*,*,#9940,.F.);
#10012 = ADVANCED_FACE('',(#10013,#10019),#9762,.T.);
#10013 = FACE_BOUND('',#10014,.T.);
#10014 = EDGE_LOOP('',(#10015,#10016,#10017,#10018));
#10015 = ORIENTED_EDGE('',*,*,#9748,.F.);
#10016 = ORIENTED_EDGE('',*,*,#9991,.T.);
#10017 = ORIENTED_EDGE('',*,*,#9965,.T.);
#10018 = ORIENTED_EDGE('',*,*,#9779,.F.);
#10019 = FACE_BOUND('',#10020,.T.);
#10020 = EDGE_LOOP('',(#10021,#10050,#10077,#10104));
#10021 = ORIENTED_EDGE('',*,*,#10022,.T.);
#10022 = EDGE_CURVE('',#10023,#10025,#10027,.T.);
#10023 = VERTEX_POINT('',#10024);
#10024 = CARTESIAN_POINT('',(-100.,73.,452.));
#10025 = VERTEX_POINT('',#10026);
#10026 = CARTESIAN_POINT('',(-100.,-73.,452.));
#10027 = SURFACE_CURVE('',#10028,(#10032,#10038),.PCURVE_S1.);
#10028 = LINE('',#10029,#10030);
#10029 = CARTESIAN_POINT('',(-100.,-74.,452.));
#10030 = VECTOR('',#10031,1.);
#10031 = DIRECTION('',(0.,-1.,0.));
#10032 = PCURVE('',#9762,#10033);
#10033 = DEFINITIONAL_REPRESENTATION('',(#10034),#10037);
#10034 = B_SPLINE_CURVE_WITH_KNOTS('',1,(#10035,#10036),.UNSPECIFIED.,
  .F.,.F.,(2,2),(-147.,-1.),.PIECEWISE_BEZIER_KNOTS.);
#10035 = CARTESIAN_POINT('',(2.,-148.));
#10036 = CARTESIAN_POINT('',(2.,-2.));
#10037 = ( GEOMETRIC_REPRESENTATION_CONTEXT(2) 
PARAMETRIC_REPRESENTATION_CONTEXT() REPRESENTATION_CONTEXT('2D SPACE',''
  ) );
#10038 = PCURVE('',#10039,#10044);
#10039 = PLANE('',#10040);
#10040 = AXIS2_PLACEMENT_3D('',#10041,#10042,#10043);
#10041 = CARTESIAN_POINT('',(-217.,-73.,452.));
#10042 = DIRECTION('',(0.,0.,1.));
#10043 = DIRECTION('',(1.,0.,-0.));
#10044 = DEFINITIONAL_REPRESENTATION('',(#10045),#10049);
#10045 = LINE('',#10046,#10047);
#10046 = CARTESIAN_POINT('',(117.,-1.));
#10047 = VECTOR('',#10048,1.);
#10048 = DIRECTION('',(0.,-1.));
#10049 = ( GEOMETRIC_REPRESENTATION_CONTEXT(2) 
PARAMETRIC_REPRESENTATION_CONTEXT() REPRESENTATION_CONTEXT('2D SPACE',''
  ) );
#10050 = ORIENTED_EDGE('',*,*,#10051,.T.);
#10051 = EDGE_CURVE('',#10025,#10052,#10054,.T.);
#10052 = VERTEX_POINT('',#10053);
#10053 = CARTESIAN_POINT('',(-100.,-73.,548.));
#10054 = SURFACE_CURVE('',#10055,(#10059,#10065),.PCURVE_S1.);
#10055 = LINE('',#10056,#10057);
#10056 = CARTESIAN_POINT('',(-100.,-73.,451.));
#10057 = VECTOR('',#10058,1.);
#10058 = DIRECTION('',(0.,0.,1.));
#10059 = PCURVE('',#9762,#10060);
#10060 = DEFINITIONAL_REPRESENTATION('',(#10061),#10064);
#10061 = B_SPLINE_CURVE_WITH_KNOTS('',1,(#10062,#10063),.UNSPECIFIED.,
  .F.,.F.,(2,2),(1.,97.),.PIECEWISE_BEZIER_KNOTS.);
#10062 = CARTESIAN_POINT('',(2.,-2.));
#10063 = CARTESIAN_POINT('',(98.,-2.));
#10064 = ( GEOMETRIC_REPRESENTATION_CONTEXT(2) 
PARAMETRIC_REPRESENTATION_CONTEXT() REPRESENTATION_CONTEXT('2D SPACE',''
  ) );
#10065 = PCURVE('',#10066,#10071);
#10066 = PLANE('',#10067);
#10067 = AXIS2_PLACEMENT_3D('',#10068,#10069,#10070);
#10068 = CARTESIAN_POINT('',(-217.,-73.,452.));
#10069 = DIRECTION('',(-0.,1.,0.));
#10070 = DIRECTION('',(0.,0.,1.));
#10071 = DEFINITIONAL_REPRESENTATION('',(#10072),#10076);
#10072 = LINE('',#10073,#10074);
#10073 = CARTESIAN_POINT('',(-1.,117.));
#10074 = VECTOR('',#10075,1.);
#10075 = DIRECTION('',(1.,0.));
#10076 = ( GEOMETRIC_REPRESENTATION_CONTEXT(2) 
PARAMETRIC_REPRESENTATION_CONTEXT() REPRESENTATION_CONTEXT('2D SPACE',''
  ) );
#10077 = ORIENTED_EDGE('',*,*,#10078,.F.);
#10078 = EDGE_CURVE('',#10079,#10052,#10081,.T.);
#10079 = VERTEX_POINT('',#10080);
#10080 = CARTESIAN_POINT('',(-100.,73.,548.));
#10081 = SURFACE_CURVE('',#10082,(#10086,#10092),.PCURVE_S1.);
#10082 = LINE('',#10083,#10084);
#10083 = CARTESIAN_POINT('',(-100.,-74.,548.));
#10084 = VECTOR('',#10085,1.);
#10085 = DIRECTION('',(0.,-1.,0.));
#10086 = PCURVE('',#9762,#10087);
#10087 = DEFINITIONAL_REPRESENTATION('',(#10088),#10091);
#10088 = B_SPLINE_CURVE_WITH_KNOTS('',1,(#10089,#10090),.UNSPECIFIED.,
  .F.,.F.,(2,2),(-147.,-1.),.PIECEWISE_BEZIER_KNOTS.);
#10089 = CARTESIAN_POINT('',(98.,-148.));
#10090 = CARTESIAN_POINT('',(98.,-2.));
#10091 = ( GEOMETRIC_REPRESENTATION_CONTEXT(2) 
PARAMETRIC_REPRESENTATION_CONTEXT() REPRESENTATION_CONTEXT('2D SPACE',''
  ) );
#10092 = PCURVE('',#10093,#10098);
#10093 = PLANE('',#10094);
#10094 = AXIS2_PLACEMENT_3D('',#10095,#10096,#10097);
#10095 = CARTESIAN_POINT('',(-217.,-73.,548.));
#10096 = DIRECTION('',(0.,0.,1.));
#10097 = DIRECTION('',(1.,0.,-0.));
#10098 = DEFINITIONAL_REPRESENTATION('',(#10099),#10103);
#10099 = LINE('',#10100,#10101);
#10100 = CARTESIAN_POINT('',(117.,-1.));
#10101 = VECTOR('',#10102,1.);
#10102 = DIRECTION('',(0.,-1.));
#10103 = ( GEOMETRIC_REPRESENTATION_CONTEXT(2) 
PARAMETRIC_REPRESENTATION_CONTEXT() REPRESENTATION_CONTEXT('2D SPACE',''
  ) );
#10104 = ORIENTED_EDGE('',*,*,#10105,.F.);
#10105 = EDGE_CURVE('',#10023,#10079,#10106,.T.);
#10106 = SURFACE_CURVE('',#10107,(#10111,#10117),.PCURVE_S1.);
#10107 = LINE('',#10108,#10109);
#10108 = CARTESIAN_POINT('',(-100.,73.,451.));
#10109 = VECTOR('',#10110,1.);
#10110 = DIRECTION('',(0.,0.,1.));
#10111 = PCURVE('',#9762,#10112);
#10112 = DEFINITIONAL_REPRESENTATION('',(#10113),#10116);
#10113 = B_SPLINE_CURVE_WITH_KNOTS('',1,(#10114,#10115),.UNSPECIFIED.,
  .F.,.F.,(2,2),(1.,97.),.PIECEWISE_BEZIER_KNOTS.);
#10114 = CARTESIAN_POINT('',(2.,-148.));
#10115 = CARTESIAN_POINT('',(98.,-148.));
#10116 = ( GEOMETRIC_REPRESENTATION_CONTEXT(2) 
PARAMETRIC_REPRESENTATION_CONTEXT() REPRESENTATION_CONTEXT('2D SPACE',''
  ) );
#10117 = PCURVE('',#10118,#10123);
#10118 = PLANE('',#10119);
#10119 = AXIS2_PLACEMENT_3D('',#10120,#10121,#10122);
#10120 = CARTESIAN_POINT('',(-217.,73.,452.));
#10121 = DIRECTION('',(-0.,1.,0.));
#10122 = DIRECTION('',(0.,0.,1.));
#10123 = DEFINITIONAL_REPRESENTATION('',(#10124),#10128);
#10124 = LINE('',#10125,#10126);
#10125 = CARTESIAN_POINT('',(-1.,117.));
#10126 = VECTOR('',#10127,1.);
#10127 = DIRECTION('',(1.,0.));
#10128 = ( GEOMETRIC_REPRESENTATION_CONTEXT(2) 
PARAMETRIC_REPRESENTATION_CONTEXT() REPRESENTATION_CONTEXT('2D SPACE',''
  ) );
#10129 = ADVANCED_FACE('',(#10130),#9843,.F.);
#10130 = FACE_BOUND('',#10131,.F.);
#10131 = EDGE_LOOP('',(#10132,#10155,#10156,#10179));
#10132 = ORIENTED_EDGE('',*,*,#10133,.F.);
#10133 = EDGE_CURVE('',#9826,#10134,#10136,.T.);
#10134 = VERTEX_POINT('',#10135);
#10135 = CARTESIAN_POINT('',(-210.,-50.,670.));
#10136 = SURFACE_CURVE('',#10137,(#10141,#10148),.PCURVE_S1.);
#10137 = LINE('',#10138,#10139);
#10138 = CARTESIAN_POINT('',(-210.,-50.,550.));
#10139 = VECTOR('',#10140,1.);
#10140 = DIRECTION('',(0.,0.,1.));
#10141 = PCURVE('',#9843,#10142);
#10142 = DEFINITIONAL_REPRESENTATION('',(#10143),#10147);
#10143 = LINE('',#10144,#10145);
#10144 = CARTESIAN_POINT('',(0.,0.));
#10145 = VECTOR('',#10146,1.);
#10146 = DIRECTION('',(1.,0.));
#10147 = ( GEOMETRIC_REPRESENTATION_CONTEXT(2) 
PARAMETRIC_REPRESENTATION_CONTEXT() REPRESENTATION_CONTEXT('2D SPACE',''
  ) );
#10148 = PCURVE('',#9925,#10149);
#10149 = DEFINITIONAL_REPRESENTATION('',(#10150),#10154);
#10150 = LINE('',#10151,#10152);
#10151 = CARTESIAN_POINT('',(0.,0.));
#10152 = VECTOR('',#10153,1.);
#10153 = DIRECTION('',(1.,0.));
#10154 = ( GEOMETRIC_REPRESENTATION_CONTEXT(2) 
PARAMETRIC_REPRESENTATION_CONTEXT() REPRESENTATION_CONTEXT('2D SPACE',''
  ) );
#10155 = ORIENTED_EDGE('',*,*,#9825,.T.);
#10156 = ORIENTED_EDGE('',*,*,#10157,.T.);
#10157 = EDGE_CURVE('',#9828,#10158,#10160,.T.);
#10158 = VERTEX_POINT('',#10159);
#10159 = CARTESIAN_POINT('',(-210.,50.,670.));
#10160 = SURFACE_CURVE('',#10161,(#10165,#10172),.PCURVE_S1.);
#10161 = LINE('',#10162,#10163);
#10162 = CARTESIAN_POINT('',(-210.,50.,550.));
#10163 = VECTOR('',#10164,1.);
#10164 = DIRECTION('',(0.,0.,1.));
#10165 = PCURVE('',#9843,#10166);
#10166 = DEFINITIONAL_REPRESENTATION('',(#10167),#10171);
#10167 = LINE('',#10168,#10169);
#10168 = CARTESIAN_POINT('',(0.,-100.));
#10169 = VECTOR('',#10170,1.);
#10170 = DIRECTION('',(1.,0.));
#10171 = ( GEOMETRIC_REPRESENTATION_CONTEXT(2) 
PARAMETRIC_REPRESENTATION_CONTEXT() REPRESENTATION_CONTEXT('2D SPACE',''
  ) );
#10172 = PCURVE('',#9871,#10173);
#10173 = DEFINITIONAL_REPRESENTATION('',(#10174),#10178);
#10174 = LINE('',#10175,#10176);
#10175 = CARTESIAN_POINT('',(0.,0.));
#10176 = VECTOR('',#10177,1.);
#10177 = DIRECTION('',(1.,0.));
#10178 = ( GEOMETRIC_REPRESENTATION_CONTEXT(2) 
PARAMETRIC_REPRESENTATION_CONTEXT() REPRESENTATION_CONTEXT('2D SPACE',''
  ) );
#10179 = ORIENTED_EDGE('',*,*,#10180,.F.);
#10180 = EDGE_CURVE('',#10134,#10158,#10181,.T.);
#10181 = SURFACE_CURVE('',#10182,(#10186,#10193),.PCURVE_S1.);
#10182 = LINE('',#10183,#10184);
#10183 = CARTESIAN_POINT('',(-210.,-50.,670.));
#10184 = VECTOR('',#10185,1.);
#10185 = DIRECTION('',(-0.,1.,0.));
#10186 = PCURVE('',#9843,#10187);
#10187 = DEFINITIONAL_REPRESENTATION('',(#10188),#10192);
#10188 = LINE('',#10189,#10190);
#10189 = CARTESIAN_POINT('',(120.,0.));
#10190 = VECTOR('',#10191,1.);
#10191 = DIRECTION('',(0.,-1.));
#10192 = ( GEOMETRIC_REPRESENTATION_CONTEXT(2) 
PARAMETRIC_REPRESENTATION_CONTEXT() REPRESENTATION_CONTEXT('2D SPACE',''
  ) );
#10193 = PCURVE('',#10194,#10199);
#10194 = PLANE('',#10195);
#10195 = AXIS2_PLACEMENT_3D('',#10196,#10197,#10198);
#10196 = CARTESIAN_POINT('',(-210.,-50.,670.));
#10197 = DIRECTION('',(0.,0.,1.));
#10198 = DIRECTION('',(1.,0.,-0.));
#10199 = DEFINITIONAL_REPRESENTATION('',(#10200),#10204);
#10200 = LINE('',#10201,#10202);
#10201 = CARTESIAN_POINT('',(0.,0.));
#10202 = VECTOR('',#10203,1.);
#10203 = DIRECTION('',(0.,1.));
#10204 = ( GEOMETRIC_REPRESENTATION_CONTEXT(2) 
PARAMETRIC_REPRESENTATION_CONTEXT() REPRESENTATION_CONTEXT('2D SPACE',''
  ) );
#10205 = ADVANCED_FACE('',(#10206),#9925,.F.);
#10206 = FACE_BOUND('',#10207,.F.);
#10207 = EDGE_LOOP('',(#10208,#10209,#10210,#10233));
#10208 = ORIENTED_EDGE('',*,*,#9911,.F.);
#10209 = ORIENTED_EDGE('',*,*,#10133,.T.);
#10210 = ORIENTED_EDGE('',*,*,#10211,.T.);
#10211 = EDGE_CURVE('',#10134,#10212,#10214,.T.);
#10212 = VERTEX_POINT('',#10213);
#10213 = CARTESIAN_POINT('',(-110.,-50.,670.));
#10214 = SURFACE_CURVE('',#10215,(#10219,#10226),.PCURVE_S1.);
#10215 = LINE('',#10216,#10217);
#10216 = CARTESIAN_POINT('',(-210.,-50.,670.));
#10217 = VECTOR('',#10218,1.);
#10218 = DIRECTION('',(1.,0.,-0.));
#10219 = PCURVE('',#9925,#10220);
#10220 = DEFINITIONAL_REPRESENTATION('',(#10221),#10225);
#10221 = LINE('',#10222,#10223);
#10222 = CARTESIAN_POINT('',(120.,0.));
#10223 = VECTOR('',#10224,1.);
#10224 = DIRECTION('',(0.,1.));
#10225 = ( GEOMETRIC_REPRESENTATION_CONTEXT(2) 
PARAMETRIC_REPRESENTATION_CONTEXT() REPRESENTATION_CONTEXT('2D SPACE',''
  ) );
#10226 = PCURVE('',#10194,#10227);
#10227 = DEFINITIONAL_REPRESENTATION('',(#10228),#10232);
#10228 = LINE('',#10229,#10230);
#10229 = CARTESIAN_POINT('',(0.,0.));
#10230 = VECTOR('',#10231,1.);
#10231 = DIRECTION('',(1.,0.));
#10232 = ( GEOMETRIC_REPRESENTATION_CONTEXT(2) 
PARAMETRIC_REPRESENTATION_CONTEXT() REPRESENTATION_CONTEXT('2D SPACE',''
  ) );
#10233 = ORIENTED_EDGE('',*,*,#10234,.F.);
#10234 = EDGE_CURVE('',#9884,#10212,#10235,.T.);
#10235 = SURFACE_CURVE('',#10236,(#10240,#10247),.PCURVE_S1.);
#10236 = LINE('',#10237,#10238);
#10237 = CARTESIAN_POINT('',(-110.,-50.,550.));
#10238 = VECTOR('',#10239,1.);
#10239 = DIRECTION('',(0.,0.,1.));
#10240 = PCURVE('',#9925,#10241);
#10241 = DEFINITIONAL_REPRESENTATION('',(#10242),#10246);
#10242 = LINE('',#10243,#10244);
#10243 = CARTESIAN_POINT('',(0.,100.));
#10244 = VECTOR('',#10245,1.);
#10245 = DIRECTION('',(1.,0.));
#10246 = ( GEOMETRIC_REPRESENTATION_CONTEXT(2) 
PARAMETRIC_REPRESENTATION_CONTEXT() REPRESENTATION_CONTEXT('2D SPACE',''
  ) );
#10247 = PCURVE('',#9899,#10248);
#10248 = DEFINITIONAL_REPRESENTATION('',(#10249),#10253);
#10249 = LINE('',#10250,#10251);
#10250 = CARTESIAN_POINT('',(0.,0.));
#10251 = VECTOR('',#10252,1.);
#10252 = DIRECTION('',(1.,0.));
#10253 = ( GEOMETRIC_REPRESENTATION_CONTEXT(2) 
PARAMETRIC_REPRESENTATION_CONTEXT() REPRESENTATION_CONTEXT('2D SPACE',''
  ) );
#10254 = ADVANCED_FACE('',(#10255),#9899,.T.);
#10255 = FACE_BOUND('',#10256,.T.);
#10256 = EDGE_LOOP('',(#10257,#10258,#10259,#10282));
#10257 = ORIENTED_EDGE('',*,*,#10234,.F.);
#10258 = ORIENTED_EDGE('',*,*,#9883,.T.);
#10259 = ORIENTED_EDGE('',*,*,#10260,.T.);
#10260 = EDGE_CURVE('',#9856,#10261,#10263,.T.);
#10261 = VERTEX_POINT('',#10262);
#10262 = CARTESIAN_POINT('',(-110.,50.,670.));
#10263 = SURFACE_CURVE('',#10264,(#10268,#10275),.PCURVE_S1.);
#10264 = LINE('',#10265,#10266);
#10265 = CARTESIAN_POINT('',(-110.,50.,550.));
#10266 = VECTOR('',#10267,1.);
#10267 = DIRECTION('',(0.,0.,1.));
#10268 = PCURVE('',#9899,#10269);
#10269 = DEFINITIONAL_REPRESENTATION('',(#10270),#10274);
#10270 = LINE('',#10271,#10272);
#10271 = CARTESIAN_POINT('',(0.,-100.));
#10272 = VECTOR('',#10273,1.);
#10273 = DIRECTION('',(1.,0.));
#10274 = ( GEOMETRIC_REPRESENTATION_CONTEXT(2) 
PARAMETRIC_REPRESENTATION_CONTEXT() REPRESENTATION_CONTEXT('2D SPACE',''
  ) );
#10275 = PCURVE('',#9871,#10276);
#10276 = DEFINITIONAL_REPRESENTATION('',(#10277),#10281);
#10277 = LINE('',#10278,#10279);
#10278 = CARTESIAN_POINT('',(0.,100.));
#10279 = VECTOR('',#10280,1.);
#10280 = DIRECTION('',(1.,0.));
#10281 = ( GEOMETRIC_REPRESENTATION_CONTEXT(2) 
PARAMETRIC_REPRESENTATION_CONTEXT() REPRESENTATION_CONTEXT('2D SPACE',''
  ) );
#10282 = ORIENTED_EDGE('',*,*,#10283,.F.);
#10283 = EDGE_CURVE('',#10212,#10261,#10284,.T.);
#10284 = SURFACE_CURVE('',#10285,(#10289,#10296),.PCURVE_S1.);
#10285 = LINE('',#10286,#10287);
#10286 = CARTESIAN_POINT('',(-110.,-50.,670.));
#10287 = VECTOR('',#10288,1.);
#10288 = DIRECTION('',(-0.,1.,0.));
#10289 = PCURVE('',#9899,#10290);
#10290 = DEFINITIONAL_REPRESENTATION('',(#10291),#10295);
#10291 = LINE('',#10292,#10293);
#10292 = CARTESIAN_POINT('',(120.,0.));
#10293 = VECTOR('',#10294,1.);
#10294 = DIRECTION('',(0.,-1.));
#10295 = ( GEOMETRIC_REPRESENTATION_CONTEXT(2) 
PARAMETRIC_REPRESENTATION_CONTEXT() REPRESENTATION_CONTEXT('2D SPACE',''
  ) );
#10296 = PCURVE('',#10194,#10297);
#10297 = DEFINITIONAL_REPRESENTATION('',(#10298),#10302);
#10298 = LINE('',#10299,#10300);
#10299 = CARTESIAN_POINT('',(100.,0.));
#10300 = VECTOR('',#10301,1.);
#10301 = DIRECTION('',(0.,1.));
#10302 = ( GEOMETRIC_REPRESENTATION_CONTEXT(2) 
PARAMETRIC_REPRESENTATION_CONTEXT() REPRESENTATION_CONTEXT('2D SPACE',''
  ) );
#10303 = ADVANCED_FACE('',(#10304),#9871,.T.);
#10304 = FACE_BOUND('',#10305,.T.);
#10305 = EDGE_LOOP('',(#10306,#10307,#10308,#10329));
#10306 = ORIENTED_EDGE('',*,*,#9855,.F.);
#10307 = ORIENTED_EDGE('',*,*,#10157,.T.);
#10308 = ORIENTED_EDGE('',*,*,#10309,.T.);
#10309 = EDGE_CURVE('',#10158,#10261,#10310,.T.);
#10310 = SURFACE_CURVE('',#10311,(#10315,#10322),.PCURVE_S1.);
#10311 = LINE('',#10312,#10313);
#10312 = CARTESIAN_POINT('',(-210.,50.,670.));
#10313 = VECTOR('',#10314,1.);
#10314 = DIRECTION('',(1.,0.,-0.));
#10315 = PCURVE('',#9871,#10316);
#10316 = DEFINITIONAL_REPRESENTATION('',(#10317),#10321);
#10317 = LINE('',#10318,#10319);
#10318 = CARTESIAN_POINT('',(120.,0.));
#10319 = VECTOR('',#10320,1.);
#10320 = DIRECTION('',(0.,1.));
#10321 = ( GEOMETRIC_REPRESENTATION_CONTEXT(2) 
PARAMETRIC_REPRESENTATION_CONTEXT() REPRESENTATION_CONTEXT('2D SPACE',''
  ) );
#10322 = PCURVE('',#10194,#10323);
#10323 = DEFINITIONAL_REPRESENTATION('',(#10324),#10328);
#10324 = LINE('',#10325,#10326);
#10325 = CARTESIAN_POINT('',(0.,100.));
#10326 = VECTOR('',#10327,1.);
#10327 = DIRECTION('',(1.,0.));
#10328 = ( GEOMETRIC_REPRESENTATION_CONTEXT(2) 
PARAMETRIC_REPRESENTATION_CONTEXT() REPRESENTATION_CONTEXT('2D SPACE',''
  ) );
#10329 = ORIENTED_EDGE('',*,*,#10260,.F.);
#10330 = ADVANCED_FACE('',(#10331),#10039,.T.);
#10331 = FACE_BOUND('',#10332,.T.);
#10332 = EDGE_LOOP('',(#10333,#10363,#10384,#10385));
#10333 = ORIENTED_EDGE('',*,*,#10334,.F.);
#10334 = EDGE_CURVE('',#10335,#10337,#10339,.T.);
#10335 = VERTEX_POINT('',#10336);
#10336 = CARTESIAN_POINT('',(-217.,-73.,452.));
#10337 = VERTEX_POINT('',#10338);
#10338 = CARTESIAN_POINT('',(-217.,73.,452.));
#10339 = SURFACE_CURVE('',#10340,(#10344,#10351),.PCURVE_S1.);
#10340 = LINE('',#10341,#10342);
#10341 = CARTESIAN_POINT('',(-217.,-73.,452.));
#10342 = VECTOR('',#10343,1.);
#10343 = DIRECTION('',(-0.,1.,0.));
#10344 = PCURVE('',#10039,#10345);
#10345 = DEFINITIONAL_REPRESENTATION('',(#10346),#10350);
#10346 = LINE('',#10347,#10348);
#10347 = CARTESIAN_POINT('',(0.,0.));
#10348 = VECTOR('',#10349,1.);
#10349 = DIRECTION('',(0.,1.));
#10350 = ( GEOMETRIC_REPRESENTATION_CONTEXT(2) 
PARAMETRIC_REPRESENTATION_CONTEXT() REPRESENTATION_CONTEXT('2D SPACE',''
  ) );
#10351 = PCURVE('',#10352,#10357);
#10352 = PLANE('',#10353);
#10353 = AXIS2_PLACEMENT_3D('',#10354,#10355,#10356);
#10354 = CARTESIAN_POINT('',(-217.,-73.,452.));
#10355 = DIRECTION('',(1.,0.,-0.));
#10356 = DIRECTION('',(0.,0.,1.));
#10357 = DEFINITIONAL_REPRESENTATION('',(#10358),#10362);
#10358 = LINE('',#10359,#10360);
#10359 = CARTESIAN_POINT('',(0.,0.));
#10360 = VECTOR('',#10361,1.);
#10361 = DIRECTION('',(0.,-1.));
#10362 = ( GEOMETRIC_REPRESENTATION_CONTEXT(2) 
PARAMETRIC_REPRESENTATION_CONTEXT() REPRESENTATION_CONTEXT('2D SPACE',''
  ) );
#10363 = ORIENTED_EDGE('',*,*,#10364,.T.);
#10364 = EDGE_CURVE('',#10335,#10025,#10365,.T.);
#10365 = SURFACE_CURVE('',#10366,(#10370,#10377),.PCURVE_S1.);
#10366 = LINE('',#10367,#10368);
#10367 = CARTESIAN_POINT('',(-217.,-73.,452.));
#10368 = VECTOR('',#10369,1.);
#10369 = DIRECTION('',(1.,0.,0.));
#10370 = PCURVE('',#10039,#10371);
#10371 = DEFINITIONAL_REPRESENTATION('',(#10372),#10376);
#10372 = LINE('',#10373,#10374);
#10373 = CARTESIAN_POINT('',(0.,0.));
#10374 = VECTOR('',#10375,1.);
#10375 = DIRECTION('',(1.,0.));
#10376 = ( GEOMETRIC_REPRESENTATION_CONTEXT(2) 
PARAMETRIC_REPRESENTATION_CONTEXT() REPRESENTATION_CONTEXT('2D SPACE',''
  ) );
#10377 = PCURVE('',#10066,#10378);
#10378 = DEFINITIONAL_REPRESENTATION('',(#10379),#10383);
#10379 = LINE('',#10380,#10381);
#10380 = CARTESIAN_POINT('',(0.,0.));
#10381 = VECTOR('',#10382,1.);
#10382 = DIRECTION('',(0.,1.));
#10383 = ( GEOMETRIC_REPRESENTATION_CONTEXT(2) 
PARAMETRIC_REPRESENTATION_CONTEXT() REPRESENTATION_CONTEXT('2D SPACE',''
  ) );
#10384 = ORIENTED_EDGE('',*,*,#10022,.F.);
#10385 = ORIENTED_EDGE('',*,*,#10386,.T.);
#10386 = EDGE_CURVE('',#10023,#10337,#10387,.T.);
#10387 = SURFACE_CURVE('',#10388,(#10392,#10399),.PCURVE_S1.);
#10388 = LINE('',#10389,#10390);
#10389 = CARTESIAN_POINT('',(-100.,73.,452.));
#10390 = VECTOR('',#10391,1.);
#10391 = DIRECTION('',(-1.,0.,0.));
#10392 = PCURVE('',#10039,#10393);
#10393 = DEFINITIONAL_REPRESENTATION('',(#10394),#10398);
#10394 = LINE('',#10395,#10396);
#10395 = CARTESIAN_POINT('',(117.,146.));
#10396 = VECTOR('',#10397,1.);
#10397 = DIRECTION('',(-1.,0.));
#10398 = ( GEOMETRIC_REPRESENTATION_CONTEXT(2) 
PARAMETRIC_REPRESENTATION_CONTEXT() REPRESENTATION_CONTEXT('2D SPACE',''
  ) );
#10399 = PCURVE('',#10118,#10400);
#10400 = DEFINITIONAL_REPRESENTATION('',(#10401),#10405);
#10401 = LINE('',#10402,#10403);
#10402 = CARTESIAN_POINT('',(0.,117.));
#10403 = VECTOR('',#10404,1.);
#10404 = DIRECTION('',(0.,-1.));
#10405 = ( GEOMETRIC_REPRESENTATION_CONTEXT(2) 
PARAMETRIC_REPRESENTATION_CONTEXT() REPRESENTATION_CONTEXT('2D SPACE',''
  ) );
#10406 = ADVANCED_FACE('',(#10407),#10118,.F.);
#10407 = FACE_BOUND('',#10408,.F.);
#10408 = EDGE_LOOP('',(#10409,#10432,#10453,#10454));
#10409 = ORIENTED_EDGE('',*,*,#10410,.T.);
#10410 = EDGE_CURVE('',#10337,#10411,#10413,.T.);
#10411 = VERTEX_POINT('',#10412);
#10412 = CARTESIAN_POINT('',(-217.,73.,548.));
#10413 = SURFACE_CURVE('',#10414,(#10418,#10425),.PCURVE_S1.);
#10414 = LINE('',#10415,#10416);
#10415 = CARTESIAN_POINT('',(-217.,73.,452.));
#10416 = VECTOR('',#10417,1.);
#10417 = DIRECTION('',(0.,0.,1.));
#10418 = PCURVE('',#10118,#10419);
#10419 = DEFINITIONAL_REPRESENTATION('',(#10420),#10424);
#10420 = LINE('',#10421,#10422);
#10421 = CARTESIAN_POINT('',(0.,0.));
#10422 = VECTOR('',#10423,1.);
#10423 = DIRECTION('',(1.,0.));
#10424 = ( GEOMETRIC_REPRESENTATION_CONTEXT(2) 
PARAMETRIC_REPRESENTATION_CONTEXT() REPRESENTATION_CONTEXT('2D SPACE',''
  ) );
#10425 = PCURVE('',#10352,#10426);
#10426 = DEFINITIONAL_REPRESENTATION('',(#10427),#10431);
#10427 = LINE('',#10428,#10429);
#10428 = CARTESIAN_POINT('',(0.,-146.));
#10429 = VECTOR('',#10430,1.);
#10430 = DIRECTION('',(1.,0.));
#10431 = ( GEOMETRIC_REPRESENTATION_CONTEXT(2) 
PARAMETRIC_REPRESENTATION_CONTEXT() REPRESENTATION_CONTEXT('2D SPACE',''
  ) );
#10432 = ORIENTED_EDGE('',*,*,#10433,.F.);
#10433 = EDGE_CURVE('',#10079,#10411,#10434,.T.);
#10434 = SURFACE_CURVE('',#10435,(#10439,#10446),.PCURVE_S1.);
#10435 = LINE('',#10436,#10437);
#10436 = CARTESIAN_POINT('',(-100.,73.,548.));
#10437 = VECTOR('',#10438,1.);
#10438 = DIRECTION('',(-1.,0.,0.));
#10439 = PCURVE('',#10118,#10440);
#10440 = DEFINITIONAL_REPRESENTATION('',(#10441),#10445);
#10441 = LINE('',#10442,#10443);
#10442 = CARTESIAN_POINT('',(96.,117.));
#10443 = VECTOR('',#10444,1.);
#10444 = DIRECTION('',(0.,-1.));
#10445 = ( GEOMETRIC_REPRESENTATION_CONTEXT(2) 
PARAMETRIC_REPRESENTATION_CONTEXT() REPRESENTATION_CONTEXT('2D SPACE',''
  ) );
#10446 = PCURVE('',#10093,#10447);
#10447 = DEFINITIONAL_REPRESENTATION('',(#10448),#10452);
#10448 = LINE('',#10449,#10450);
#10449 = CARTESIAN_POINT('',(117.,146.));
#10450 = VECTOR('',#10451,1.);
#10451 = DIRECTION('',(-1.,0.));
#10452 = ( GEOMETRIC_REPRESENTATION_CONTEXT(2) 
PARAMETRIC_REPRESENTATION_CONTEXT() REPRESENTATION_CONTEXT('2D SPACE',''
  ) );
#10453 = ORIENTED_EDGE('',*,*,#10105,.F.);
#10454 = ORIENTED_EDGE('',*,*,#10386,.T.);
#10455 = ADVANCED_FACE('',(#10456),#10093,.F.);
#10456 = FACE_BOUND('',#10457,.F.);
#10457 = EDGE_LOOP('',(#10458,#10481,#10502,#10503));
#10458 = ORIENTED_EDGE('',*,*,#10459,.F.);
#10459 = EDGE_CURVE('',#10460,#10411,#10462,.T.);
#10460 = VERTEX_POINT('',#10461);
#10461 = CARTESIAN_POINT('',(-217.,-73.,548.));
#10462 = SURFACE_CURVE('',#10463,(#10467,#10474),.PCURVE_S1.);
#10463 = LINE('',#10464,#10465);
#10464 = CARTESIAN_POINT('',(-217.,-73.,548.));
#10465 = VECTOR('',#10466,1.);
#10466 = DIRECTION('',(-0.,1.,0.));
#10467 = PCURVE('',#10093,#10468);
#10468 = DEFINITIONAL_REPRESENTATION('',(#10469),#10473);
#10469 = LINE('',#10470,#10471);
#10470 = CARTESIAN_POINT('',(0.,0.));
#10471 = VECTOR('',#10472,1.);
#10472 = DIRECTION('',(0.,1.));
#10473 = ( GEOMETRIC_REPRESENTATION_CONTEXT(2) 
PARAMETRIC_REPRESENTATION_CONTEXT() REPRESENTATION_CONTEXT('2D SPACE',''
  ) );
#10474 = PCURVE('',#10352,#10475);
#10475 = DEFINITIONAL_REPRESENTATION('',(#10476),#10480);
#10476 = LINE('',#10477,#10478);
#10477 = CARTESIAN_POINT('',(96.,0.));
#10478 = VECTOR('',#10479,1.);
#10479 = DIRECTION('',(0.,-1.));
#10480 = ( GEOMETRIC_REPRESENTATION_CONTEXT(2) 
PARAMETRIC_REPRESENTATION_CONTEXT() REPRESENTATION_CONTEXT('2D SPACE',''
  ) );
#10481 = ORIENTED_EDGE('',*,*,#10482,.F.);
#10482 = EDGE_CURVE('',#10052,#10460,#10483,.T.);
#10483 = SURFACE_CURVE('',#10484,(#10488,#10495),.PCURVE_S1.);
#10484 = LINE('',#10485,#10486);
#10485 = CARTESIAN_POINT('',(-100.,-73.,548.));
#10486 = VECTOR('',#10487,1.);
#10487 = DIRECTION('',(-1.,0.,0.));
#10488 = PCURVE('',#10093,#10489);
#10489 = DEFINITIONAL_REPRESENTATION('',(#10490),#10494);
#10490 = LINE('',#10491,#10492);
#10491 = CARTESIAN_POINT('',(117.,0.));
#10492 = VECTOR('',#10493,1.);
#10493 = DIRECTION('',(-1.,0.));
#10494 = ( GEOMETRIC_REPRESENTATION_CONTEXT(2) 
PARAMETRIC_REPRESENTATION_CONTEXT() REPRESENTATION_CONTEXT('2D SPACE',''
  ) );
#10495 = PCURVE('',#10066,#10496);
#10496 = DEFINITIONAL_REPRESENTATION('',(#10497),#10501);
#10497 = LINE('',#10498,#10499);
#10498 = CARTESIAN_POINT('',(96.,117.));
#10499 = VECTOR('',#10500,1.);
#10500 = DIRECTION('',(0.,-1.));
#10501 = ( GEOMETRIC_REPRESENTATION_CONTEXT(2) 
PARAMETRIC_REPRESENTATION_CONTEXT() REPRESENTATION_CONTEXT('2D SPACE',''
  ) );
#10502 = ORIENTED_EDGE('',*,*,#10078,.F.);
#10503 = ORIENTED_EDGE('',*,*,#10433,.T.);
#10504 = ADVANCED_FACE('',(#10505),#10066,.T.);
#10505 = FACE_BOUND('',#10506,.T.);
#10506 = EDGE_LOOP('',(#10507,#10508,#10529,#10530));
#10507 = ORIENTED_EDGE('',*,*,#10364,.F.);
#10508 = ORIENTED_EDGE('',*,*,#10509,.T.);
#10509 = EDGE_CURVE('',#10335,#10460,#10510,.T.);
#10510 = SURFACE_CURVE('',#10511,(#10515,#10522),.PCURVE_S1.);
#10511 = LINE('',#10512,#10513);
#10512 = CARTESIAN_POINT('',(-217.,-73.,452.));
#10513 = VECTOR('',#10514,1.);
#10514 = DIRECTION('',(0.,0.,1.));
#10515 = PCURVE('',#10066,#10516);
#10516 = DEFINITIONAL_REPRESENTATION('',(#10517),#10521);
#10517 = LINE('',#10518,#10519);
#10518 = CARTESIAN_POINT('',(0.,0.));
#10519 = VECTOR('',#10520,1.);
#10520 = DIRECTION('',(1.,0.));
#10521 = ( GEOMETRIC_REPRESENTATION_CONTEXT(2) 
PARAMETRIC_REPRESENTATION_CONTEXT() REPRESENTATION_CONTEXT('2D SPACE',''
  ) );
#10522 = PCURVE('',#10352,#10523);
#10523 = DEFINITIONAL_REPRESENTATION('',(#10524),#10528);
#10524 = LINE('',#10525,#10526);
#10525 = CARTESIAN_POINT('',(0.,0.));
#10526 = VECTOR('',#10527,1.);
#10527 = DIRECTION('',(1.,0.));
#10528 = ( GEOMETRIC_REPRESENTATION_CONTEXT(2) 
PARAMETRIC_REPRESENTATION_CONTEXT() REPRESENTATION_CONTEXT('2D SPACE',''
  ) );
#10529 = ORIENTED_EDGE('',*,*,#10482,.F.);
#10530 = ORIENTED_EDGE('',*,*,#10051,.F.);
#10531 = ADVANCED_FACE('',(#10532),#10194,.T.);
#10532 = FACE_BOUND('',#10533,.T.);
#10533 = EDGE_LOOP('',(#10534,#10535,#10536,#10537));
#10534 = ORIENTED_EDGE('',*,*,#10180,.F.);
#10535 = ORIENTED_EDGE('',*,*,#10211,.T.);
#10536 = ORIENTED_EDGE('',*,*,#10283,.T.);
#10537 = ORIENTED_EDGE('',*,*,#10309,.F.);
#10538 = ADVANCED_FACE('',(#10539),#10352,.T.);
#10539 = FACE_BOUND('',#10540,.T.);
#10540 = EDGE_LOOP('',(#10541,#10542,#10543,#10544));
#10541 = ORIENTED_EDGE('',*,*,#10509,.F.);
#10542 = ORIENTED_EDGE('',*,*,#10334,.T.);
#10543 = ORIENTED_EDGE('',*,*,#10410,.T.);
#10544 = ORIENTED_EDGE('',*,*,#10459,.F.);
#10545 = ( GEOMETRIC_REPRESENTATION_CONTEXT(3) 
GLOBAL_UNCERTAINTY_ASSIGNED_CONTEXT((#10549)) 
GLOBAL_UNIT_ASSIGNED_CONTEXT((#10546,#10547,#10548)) 
REPRESENTATION_CONTEXT('Context #1',
  '3D Context with UNIT and UNCERTAINTY') );
#10546 = ( LENGTH_UNIT() NAMED_UNIT(*) SI_UNIT(.MILLI.,.METRE.) );
#10547 = ( NAMED_UNIT(*) PLANE_ANGLE_UNIT() SI_UNIT($,.RADIAN.) );
#10548 = ( NAMED_UNIT(*) SI_UNIT($,.STERADIAN.) SOLID_ANGLE_UNIT() );
#10549 = UNCERTAINTY_MEASURE_WITH_UNIT(LENGTH_MEASURE(1.E-07),#10546,
  'distance_accuracy_value','confusion accuracy');
#10550 = CONTEXT_DEPENDENT_SHAPE_REPRESENTATION(#10551,#10553);
#10551 = ( REPRESENTATION_RELATIONSHIP('','',#9574,#10) 
REPRESENTATION_RELATIONSHIP_WITH_TRANSFORMATION(#10552) 
SHAPE_REPRESENTATION_RELATIONSHIP() );
#10552 = ITEM_DEFINED_TRANSFORMATION('','',#11,#59);
#10553 = PRODUCT_DEFINITION_SHAPE('Placement','Placement of an item',
  #10554);
#10554 = NEXT_ASSEMBLY_USAGE_OCCURRENCE('12','=>[0:1:1:13]','',#5,#9569,
  $);
#10555 = PRODUCT_RELATED_PRODUCT_CATEGORY('part',$,(#9571));
ENDSEC;
END-ISO-10303-21;
